{
    "perfs_self_play": {
        "time": 1408.562588756,
        "allocated": 2611972185838,
        "gc_time": 445.593025852
    },
    "perfs_memory_analysis": {
        "time": 2.86e-7,
        "allocated": 0,
        "gc_time": 0
    },
    "perfs_learning": {
        "time": 647.840281034,
        "allocated": 1085307639867,
        "gc_time": 133.450014018
    },
    "self_play": {
        "samples_gen_speed": 2.559128623582176,
        "average_exploration_depth": 2.149605831073228,
        "mcts_memory_footprint": 182061888,
        "memory_size": 7000,
        "memory_num_distinct_boards": 6473
    },
    "memory": null,
    "learning": {
        "time_convert": 0.978292167,
        "time_loss": 15.165458837,
        "time_train": 14.260375105999998,
        "time_eval": 611.087729402,
        "initial_status": {
            "loss": {
                "L": 48.39151,
                "Lp": 0.36118227,
                "Lv": 48.14869,
                "Lreg": 0.00034484256,
                "Linv": 7.633483e-11
            },
            "Hp": 2.6897812,
            "Hpnet": 3.0677388
        },
        "losses": [
            18.429806,
            110.081985,
            11.793484,
            349.96274,
            95.08824,
            18.75881,
            37.542248,
            5.536125,
            8.771652,
            7.503539,
            6.9337387,
            7.4458065,
            357.97714,
            12.890785,
            7.5379047,
            96.45507,
            27.460869,
            27.594978,
            4.7119446,
            7.1569395,
            41.232075,
            11.526355,
            2.86795,
            13.1561575,
            191.27893,
            11.070722,
            8.131671,
            5.5714183,
            8.250789,
            10.30097,
            90.2947,
            117.12951,
            34.64181,
            8.849158,
            6.2981524,
            8.294407,
            8.432036,
            2.243186,
            94.935585,
            93.373055,
            7.7460346,
            25.385887,
            16.249342,
            337.65457,
            114.473114,
            15.926927,
            8.025834,
            4.755849,
            4.182446,
            121.651024,
            17.63384,
            6.9147263,
            6.3588586,
            4.0823154,
            5.031372,
            3.5299008,
            2.9127498,
            12.091635,
            32.782875,
            4.11829,
            37.922867,
            3.907442,
            12.133515,
            120.2247,
            148.97154,
            2.2437997,
            12.367145,
            6.472683,
            337.55334,
            29.90352,
            4.05647,
            219.34616,
            106.92415,
            5.4407268,
            118.78852,
            265.78745,
            32.889145,
            6.3513913,
            10.777093,
            4.606511,
            113.48604,
            6.042693,
            94.91857,
            7.3029065,
            16.316917,
            8.673067,
            4.4852057,
            30.625584,
            19.08991,
            4.5958104,
            3.2884305,
            51.3318,
            10.222456,
            11.443768,
            2.769549,
            8.80458,
            15.648679,
            8.875813,
            28.343044,
            266.48026,
            11.8764715,
            19.57091,
            112.82711,
            10.446037,
            346.82724,
            92.355896,
            17.804966,
            37.307434,
            4.8366785,
            8.321185,
            5.9229374,
            6.402452,
            7.9820743,
            359.0687,
            12.424286,
            7.362353,
            93.9097,
            25.167812,
            29.44892,
            4.510493,
            6.9953513,
            41.84911,
            14.116127,
            2.2895393,
            14.73718,
            189.13673,
            10.998,
            7.6100335,
            4.401773,
            8.677915,
            9.090946,
            90.00217,
            115.87785,
            33.595737,
            9.5659685,
            6.481203,
            8.100535,
            8.905498,
            2.3249972,
            98.75994,
            94.66379,
            8.470292,
            26.100035,
            15.107329,
            335.20056,
            112.994995,
            16.893038,
            9.306822,
            4.94337,
            5.8284445,
            119.49757,
            18.142591,
            7.2162657,
            6.2500114,
            3.5659428,
            5.498653,
            2.2963912,
            2.1890051,
            12.816969,
            32.520115,
            3.2733207,
            41.349632,
            3.0698254,
            10.074761,
            125.18477,
            156.51865,
            1.4177684,
            12.445613,
            7.0261054,
            339.64905,
            26.200096,
            4.7588253,
            209.89198,
            108.99845,
            6.070902,
            111.386055,
            263.74417,
            32.591274,
            7.2048965,
            12.660327,
            6.2982087,
            107.819496,
            8.768034,
            96.842155,
            8.279574,
            17.298046,
            10.712849,
            4.9051976,
            29.624403,
            19.0949,
            5.2511168,
            3.69668,
            51.5063,
            10.756296,
            11.7503395,
            2.7932832,
            9.366016,
            15.649486,
            9.056688,
            28.89578,
            266.93024,
            12.331464,
            20.163528,
            110.9716,
            10.101004,
            345.23923,
            93.3115,
            17.403242,
            37.06985,
            4.071684,
            8.141295,
            4.6759996,
            5.374303,
            7.7033596,
            358.60617,
            11.519177,
            7.1795096,
            93.207565,
            26.33735,
            30.548067,
            5.4784636,
            7.060682,
            42.101414,
            14.75601,
            2.5120585,
            15.1579895,
            189.4109,
            10.691648,
            7.238695,
            4.294814,
            8.663564,
            8.804723,
            90.382935,
            115.989,
            33.93352,
            9.752733,
            6.5697036,
            8.91365,
            9.06028,
            2.3399467,
            97.91344,
            93.804474,
            8.339529,
            25.261395,
            15.117405,
            334.99814,
            115.01287,
            16.493713,
            7.9789095,
            4.798114,
            4.677295,
            120.02254,
            17.76179,
            6.3498826,
            6.377679,
            3.9893556,
            5.2123547,
            3.5013623,
            2.4896977,
            11.7499695,
            32.525784,
            3.6315691,
            41.742973,
            3.356693,
            11.216077,
            122.9978,
            150.5754,
            1.3387905,
            13.264733,
            6.967087,
            339.3122,
            28.36845,
            2.8158488,
            213.73122,
            109.14524,
            5.054712,
            113.384346,
            261.01657,
            32.572334,
            7.15075,
            11.289401,
            6.055644,
            111.72551,
            6.920888,
            93.59208,
            6.8004227,
            17.244417,
            9.876465,
            3.9941466,
            29.829258,
            19.464495,
            5.3649282,
            3.8020005,
            52.156258,
            11.103607,
            12.061599,
            3.2992685,
            10.140992,
            17.274786,
            10.181729,
            29.317207,
            271.86102,
            13.376512
