{
    "perfs_self_play": {
        "time": 2058.886252844,
        "allocated": 4091391553503,
        "gc_time": 500.654730993
    },
    "perfs_memory_analysis": {
        "time": 2.78e-7,
        "allocated": 0,
        "gc_time": 0
    },
    "perfs_learning": {
        "time": 796.04704437,
        "allocated": 1404730996518,
        "gc_time": 215.877086119
    },
    "self_play": {
        "samples_gen_speed": 1.6600094560785659,
        "average_exploration_depth": 8.853245186375649,
        "mcts_memory_footprint": 105919136,
        "memory_size": 6000,
        "memory_num_distinct_boards": 3390
    },
    "memory": null,
    "learning": {
        "time_convert": 0.741081997,
        "time_loss": 5.2607642640000005,
        "time_train": 40.583655779,
        "time_eval": 745.946876798,
        "initial_status": {
            "loss": {
                "L": 57.156616,
                "Lp": 2.302874,
                "Lv": 53.32457,
                "Lreg": 0.00047470065,
                "Linv": 4.6411291e-10
            },
            "Hp": 0.4419139,
            "Hpnet": 2.7469265
        },
        "losses": [
            6.97791,
            17.366089,
            4.1206064,
            53.654495,
            7.8872094,
            4.4576316,
            6.179124,
            11.321819,
            6.4468765,
            7.634888,
            9.880915,
            78.083206,
            7.5986247,
            4.22506,
            6.0309277,
            26.906172,
            7.6815124,
            7.409568,
            36.343693,
            7.8789873,
            1776.2891,
            14.554895,
            7.9803185,
            7.2846184,
            140.03741,
            32.176437,
            13.8055725,
            7.223346,
            7.7359424,
            13.005925,
            20.795134,
            4.5404453,
            8.51044,
            8.140143,
            12.642139,
            18.120365,
            53.688812,
            10.5114975,
            109.43491,
            31.421604,
            8.714752,
            10.672594,
            8.437801,
            4.5575304,
            6.277848,
            23.982214,
            19.031141,
            187.96956,
            30.211807,
            6.393099,
            6.9188027,
            5.931095,
            8.670542,
            16.61017,
            4.1049805,
            51.820564,
            8.595412,
            4.435701,
            6.7391825,
            10.8640785,
            6.583579,
            7.119504,
            9.594271,
            75.48977,
            7.2891636,
            4.164183,
            5.4206967,
            28.15886,
            7.0972877,
            6.6909876,
            35.287914,
            7.4237986,
            1772.0083,
            14.613612,
            8.290332,
            7.263863,
            137.6018,
            33.868355,
            13.322305,
            6.334259,
            6.923058,
            12.888167,
            20.262167,
            4.13995,
            8.3144865,
            7.652831,
            12.350718,
            17.738407,
            53.617474,
            10.509631,
            108.22121,
            33.003048,
            8.3699,
            11.033484,
            8.125422,
            4.111517,
            5.780989,
            24.444925,
            18.570795,
            184.3924,
            30.946724,
            6.2585335,
            7.090264,
            6.473597,
            8.983727,
            16.422266,
            3.8954062,
            51.037605,
            8.431784,
            4.4483256,
            6.6886697,
            10.9600525,
            6.2615876,
            7.1752276,
            10.052279,
            79.202,
            7.663546,
            3.9839478,
            5.486725,
            26.821,
            7.345128,
            6.9251256,
            35.931892,
            7.579194,
            1768.2593,
            14.281862,
            8.659081,
            8.077926,
            133.03635,
            35.052525,
            15.564696,
            7.0028462,
            7.113523,
            13.580299,
            18.790527,
            4.377361,
            10.547885,
            8.563169,
            13.44664,
            17.584435,
            48.517395,
            11.639599,
            108.57507,
            29.283092,
            8.517469,
            9.99393,
            8.135676,
            4.5449243,
            6.1692367,
            24.051039,
            18.32238,
            183.64418,
            31.14131,
            6.6280365,
            6.8850155,
            5.221478
        ],
        "checkpoints": [
            {
                "batch_id": 52,
                "evaluation": {
                    "legend": "Most recent NN versus best NN so far",
                    "avgr": 0.40625,
                    "redundancy": 0,
                    "rewards": [
                        -3.9746693754568696,
                        -1.9425033857114613,
                        -17.15965038537979,
                        -2.100650159707584,
                        -2.93276483588852,
                        -2.61173444846645,
                        -0.906961179953214,
                        -0.46320924154133536,
                        -2.3280999596463516,
                        -3.688331022116472,
                        -3.078524849668611,
                        -3.500610405608313,
                        -1.6573296337046486,
                        -0.8183430398348719,
                        -1.4751441130210878,
                        -2.963407884235494,
                        -3.684670264949091,
                        -2.1427965376715292,
                        -2.5569739852799103,
                        -2.0153987769735977,
                        -3.028269459384319,
                        -2.86729403474601,
                        -4.767945135768969,
                        -2.6818588704045396,
                        -1.2017650826310273,
                        -0.396650011894053,
                        -1.3754007167590316,
                        -3.8705455497838557,
                        -2.9269404691294767,
                        -1.698941435199231,
                        -3.3078937537502497,
                        -1.5824359607649967
                    ],
                    "baseline_rewards": [
                        -1.4061538502573967,
                        -33.54356002807617,
                        -27.559362411499023,
                        -0.72592204988905,
                        -36.83948516845703,
                        -0.48413716751747415,
                        -0.6598916210600692,
                        -3.193220878019929,
                        -1.8379767049336806,
                        -25.014266967773438,
                        -44.70399475097656,
                        -0.7950197241170827,
                        -0.7730157578380386,
                        -6.00873852672521,
                        -1.1788637036224827,
                        -3.320884764427319,
                        -0.7789778117694368,
                        -1.6115876148687676,
                        -1.576341027743183,
                        -2.022597139235586,
                        -0.4807938500957789,
                        -7.256111693335697,
                        -3.0279030955862254,
                        -0.8722850941185243,
                        -0.6200535192019743,
                        -1.7255751880875323,
                        -0.7017524567927467,
                        -1.3451370608527213,
                        -0.9444127193710301,
                        -1.7584289540536702,
                        -29.60314178466797,
                        -0.5537044302909635
                    ],
                    "time": 218.92475733499998
                },