{
    "perfs_self_play": {
        "time": 1332.622603899,
        "allocated": 2311174640657,
        "gc_time": 530.670756595
    },
    "perfs_memory_analysis": {
        "time": 4.47e-7,
        "allocated": 0,
        "gc_time": 0
    },
    "perfs_learning": {
        "time": 675.504081456,
        "allocated": 1079354357618,
        "gc_time": 181.205402173
    },
    "self_play": {
        "samples_gen_speed": 2.454039871872456,
        "average_exploration_depth": 2.198555707416532,
        "mcts_memory_footprint": 444117952,
        "memory_size": 6334,
        "memory_num_distinct_boards": 5700
    },
    "memory": null,
    "learning": {
        "time_convert": 0.894562954,
        "time_loss": 10.430414277,
        "time_train": 14.097713992,
        "time_eval": 646.469793754,
        "initial_status": {
            "loss": {
                "L": 0.7038873,
                "Lp": 0.21690041,
                "Lv": 0.48476902,
                "Lreg": 0.00022856618,
                "Linv": -1.8816061e-10
            },
            "Hp": 2.7933366,
            "Hpnet": 3.0321112
        },
        "losses": [
            0.6825765,
            1.0383108,
            0.84922034,
            0.8086622,
            0.6295609,
            0.8872077,
            0.5927457,
            0.8289684,
            0.47510377,
            0.54899967,
            0.6423855,
            0.54397744,
            0.8322565,
            0.5255029,
            0.66980916,
            0.69238657,
            0.69221425,
            0.56250423,
            0.54719216,
            0.60687715,
            0.7342479,
            0.7438728,
            0.6201008,
            0.652557,
            0.7254447,
            0.8569193,
            0.7081289,
            0.6669161,
            0.7028104,
            0.7244915,
            0.67183745,
            0.79168516,
            1.0406674,
            0.7055855,
            0.6371965,
            0.78547937,
            0.73440194,
            0.6863457,
            0.6250172,
            0.63946855,
            0.5526726,
            0.60117334,
            0.8811598,
            0.51810956,
            0.68818575,
            0.6434467,
            0.8107638,
            0.50955373,
            0.95165145,
            0.74241376,
            0.8826608,
            0.5445584,
            0.7100753,
            0.5900786,
            0.8359977,
            0.6119577,
            0.69953793,
            0.8076807,
            0.6148378,
            0.5192271,
            0.6674529,
            0.66548526,
            0.6658464,
            0.6786818,
            0.9895244,
            0.8247849,
            0.61972386,
            0.67503595,
            0.7181826,
            0.7173327,
            0.49299556,
            0.53847396,
            0.9016103,
            0.71994615,
            0.5816877,
            0.7799452,
            0.81851363,
            0.5731252,
            0.7978643,
            0.65472084,
            0.6343318,
            0.6880553,
            0.5702682,
            0.68117404,
            0.5637913,
            0.65901965,
            0.6283134,
            0.52530646,
            0.7761582,
            0.6275323,
            1.0564518,
            0.8389912,
            0.83581805,
            0.618709,
            0.9101139,
            0.5864448,
            0.78241205,
            0.51508904,
            0.5278649,
            0.6543644,
            0.5376061,
            0.79484135,
            0.55449754,
            0.6464438,
            0.6780323,
            0.7033729,
            0.5450866,
            0.51588714,
            0.6390835,
            0.71475583,
            0.71741337,
            0.597205,
            0.62880147,
            0.7175531,
            0.81819063,
            0.7151538,
            0.6670231,
            0.6852943,
            0.7207968,
            0.68149024,
            0.77618194,
            1.0492232,
            0.64435333,
            0.61645925,
            0.8078064,
            0.73235613,
            0.6895941,
            0.6316004,
            0.63723207,
            0.5343069,
            0.608389,
            0.8717954,
            0.508486,
            0.6854523,
            0.6371281,
            0.81103337,
            0.51614547,
            0.9443117,
            0.73847586,
            0.8756303,
            0.52931714,
            0.7020321,
            0.58030635,
            0.8285358,
            0.60912436,
            0.7107799,
            0.79301614,
            0.6028536,
            0.52385706,
            0.66519505,
            0.63445145,
            0.65644383,
            0.65617114,
            0.9814485,
            0.8220188,
            0.6193504,
            0.67664695,
            0.7117804,
            0.69188166,
            0.4834089,
            0.5175209,
            0.8981159,
            0.71696454,
            0.5630983,
            0.77676255,
            0.81779796,
            0.5700005,
            0.79028803,
            0.64398474,
            0.58685905,
            0.6967096,
            0.5673183,
            0.7003424,
            0.5886628,
            0.69880146,
            0.6554175,
            0.5370296,
            0.7773178,
            0.63863397,
            1.0490655,
            0.8308355,
            0.8124891,
            0.5957869,
            0.909874,
            0.5622861,
            0.81104976,
            0.48621288,
            0.5335884,
            0.65304714,
            0.53834534,
            0.77557194,
            0.54660773,
            0.64231545,
            0.6581867,
            0.68394315,
            0.5627345,
            0.5372875,
            0.61008537,
            0.7224734,
            0.7100314,
            0.5957938,
            0.6417267,
            0.69897914,
            0.80708295,
            0.7080609,
            0.661597,
            0.68872625,
            0.7173398,
            0.67323434,
            0.78248036,
            1.0414038,
            0.67472154,
            0.6221795,
            0.79496396,
            0.7255088,
            0.6821219,
            0.6270247,
            0.6230661,
            0.5320833,
            0.6030789,
            0.86057794,
            0.5044757,
            0.67779166,
            0.63892996,
            0.7928694,
            0.52088535,
            0.943783,
            0.7434864,
            0.8730544,
            0.5200254,
            0.6924823,
            0.56739235,
            0.82284385,
            0.5959015,
            0.70321155,
            0.7991507,
            0.5979665,
            0.51428056,
            0.6677118,
            0.6376276,
            0.6484951,
            0.6548922,
            0.9659041,
            0.80184096,
            0.6163662,
            0.6626253,
            0.708528,
            0.69432944,
            0.49573496,
            0.5341416,
            0.88324726,
            0.72340107,
            0.5652245,
            0.77877396,
            0.81362355,
            0.5664373,
            0.79639304,
            0.6409835,
            0.5909556,
            0.69990736,
            0.5534553,
            0.68594164,
            0.55691,
            0.6862393,
            0.63115376,
            0.5278375,
            0.75934654
        ],
        "checkpoints": [
            {
                "batch_id": 89,
                "evaluation": {
                    "legend": "Most recent NN versus best NN so far",
                    "avgr": 0.25,
                    "redundancy": 0,