{
    "perfs_self_play": {
        "time": 2568.910609297,
        "allocated": 4754034481138,
        "gc_time": 893.277916722
    },
    "perfs_memory_analysis": {
        "time": 3.36e-7,
        "allocated": 0,
        "gc_time": 0
    },
    "perfs_learning": {
        "time": 670.792072752,
        "allocated": 1157682745426,
        "gc_time": 191.799153783
    },
    "self_play": {
        "samples_gen_speed": 1.7402597775623874,
        "average_exploration_depth": 5.989445879615659,
        "mcts_memory_footprint": 161849376,
        "memory_size": 4466,
        "memory_num_distinct_boards": 3547
    },
    "memory": null,
    "learning": {
        "time_convert": 0.630410941,
        "time_loss": 5.130616881,
        "time_train": 41.041546583,
        "time_eval": 620.734974665,
        "initial_status": {
            "loss": {
                "L": 317.72943,
                "Lp": 2.2533584,
                "Lv": 325.17032,
                "Lreg": 0.0004280545,
                "Linv": -2.8053435e-10
            },
            "Hp": 0.7686466,
            "Hpnet": 2.9047809
        },
        "losses": [
            3.3494077,
            11.712354,
            3.5514052,
            3.873313,
            82.33408,
            10.802101,
            5.040883,
            4087.9854,
            4.068665,
            9.882575,
            4.219338,
            77.24882,
            5.9594893,
            437.06387,
            9.7667,
            31.189627,
            13.019078,
            5.9938407,
            6.5837703,
            8.899387,
            8.360372,
            5.033568,
            4039.5393,
            2071.006,
            6.9220266,
            9.922337,
            6.6516876,
            7.7454534,
            9.785026,
            10.528226,
            2066.0618,
            8.230103,
            6.663606,
            13.434396,
            9.990376,
            15.6138315,
            13.492205,
            5.9941425,
            4.513492,
            14.792609,
            76.96202,
            7.3013296,
            6.8862286,
            5.002635,
            7.741188,
            7.5820556,
            29.93708,
            116.18306,
            6.9755416,
            3.061079,
            6.8000183,
            7.7497225,
            11.716345,
            436.5437,
            4036.5955,
            5.4783745,
            2.429684,
            2.8914206,
            4.313467,
            77.247986,
            8.277649,
            4.5591207,
            4063.134,
            4.7336435,
            10.635572,
            5.0651827,
            75.984375,
            7.20384,
            436.5621,
            10.288062,
            31.544876,
            12.853848,
            5.891771,
            6.5417767,
            9.511765,
            9.222914,
            5.7572556,
            4029.425,
            2062.7805,
            7.2153807,
            9.7997465,
            6.2113614,
            7.523877,
            9.387354,
            10.52407,
            2055.253,
            8.031253,
            6.2577543,
            13.712669,
            9.299728,
            12.997499,
            13.021878,
            5.535688,
            4.9797072,
            14.357015,
            77.36529,
            5.383092,
            6.2772813,
            4.4398403,
            7.6159983,
            7.310184,
            26.9663,
            114.154465,
            7.957056,
            2.9054475,
            5.899604,
            6.337596,
            10.820427,
            439.89462,
            4042.7139,
            6.4963884,
            2.9172292,
            3.0264676,
            3.8519523,
            74.85301,
            8.785907,
            4.575318,
            4060.0452,
            4.973776,
            10.489433,
            5.09124,
            73.212265,
            7.264296,
            433.96143,
            10.214251,
            30.904749,
            11.951374,
            5.2816305,
            6.012837,
            7.710133,
            8.451807,
            3.946731,
            4011.6987,
            2036.7646,
            7.5909343,
            10.380706,
            5.3965793,
            8.82845,
            9.802205,
            11.993641,
            2013.8992,
            9.27398,
            7.5510325,
            16.27384,
            11.235565,
            14.317516,
            15.064874,
            6.741232,
            5.1315928,
            13.456745,
            65.206955,
            7.3090944,
            7.0483255,
            5.00038,
            8.349502,
            7.745207,
            24.999487,
            114.44615,
            8.956951,
            3.1925387,
            5.663288,
            6.783554,
            10.991766,
            420.38324,
            4003.7126
        ],
        "checkpoints": [
            {
                "batch_id": 55,
                "evaluation": {
                    "legend": "Most recent NN versus best NN so far",
                    "avgr": 0.125,
                    "redundancy": 0,
                    "rewards": [
                        -0.3720155320770573,
                        -4.94027728959918,
                        -0.6922132953222899,
                        -8.813291140366346,
                        -10.694182284190902,
                        -10.88179226979264,
                        -3.742538790567778,
                        -7.791453248821199,
                        -2.8005799082966405,
                        -13.942142009735107,
                        -8.443684788420796,
                        -7.331556303659454,
                        -10.39125798564055,
                        -10.871649890905246,
                        -9.068512724712491,
                        -9.384180063847452,
                        -10.070334148153052,
                        -4.174035136005841,
                        -10.348553076502867,
                        -11.09438901852991,
                        -9.968674159606962,
                        -6.842401875765063,
                        -1.9562807512411382,
                        -10.309865599730983,
                        -9.81522654928267,
                        -9.046105228830129,
                        -9.465697840147186,
                        -12.36756852734834,
                        -2.5849305712326895,
                        -8.026247477624565,
                        -4.884919511154294,
                        -9.43931785854511
                    ],