{
    "perfs_self_play": {
        "time": 1414.329537723,
        "allocated": 2514790721061,
        "gc_time": 558.183625925
    },
    "perfs_memory_analysis": {
        "time": 3.09e-7,
        "allocated": 0,
        "gc_time": 0
    },
    "perfs_learning": {
        "time": 706.192354631,
        "allocated": 1107746208147,
        "gc_time": 192.960639784
    },
    "self_play": {
        "samples_gen_speed": 2.7102371190501766,
        "average_exploration_depth": 2.2208880530700608,
        "mcts_memory_footprint": 408131520,
        "memory_size": 7000,
        "memory_num_distinct_boards": 6454
    },
    "memory": null,
    "learning": {
        "time_convert": 0.885361741,
        "time_loss": 11.441348704000001,
        "time_train": 13.742337655,
        "time_eval": 676.092696394,
        "initial_status": {
            "loss": {
                "L": 0.7523334,
                "Lp": 0.15569903,
                "Lv": 0.5947127,
                "Lreg": 0.00020394163,
                "Linv": 9.18329e-10
            },
            "Hp": 2.6991088,
            "Hpnet": 2.904671
        },
        "losses": [
            0.8092793,
            0.75033456,
            0.48109853,
            0.6304844,
            0.57645774,
            0.70486677,
            0.81644183,
            0.9430221,
            0.71579,
            0.94983035,
            0.78323984,
            0.7276935,
            0.8106484,
            0.6586185,
            0.6064853,
            0.7148269,
            0.519251,
            0.6065062,
            0.75100815,
            0.88450235,
            0.562389,
            0.49920747,
            0.98912644,
            0.7016366,
            0.7475839,
            0.68990296,
            0.54202586,
            0.91318965,
            0.7151449,
            0.8521409,
            0.700044,
            0.83129835,
            0.76395166,
            0.67076564,
            0.8395978,
            0.8372372,
            0.8116515,
            0.79037154,
            0.8794472,
            0.7849489,
            0.9726907,
            0.663559,
            0.73567367,
            0.74185103,
            0.5876275,
            0.9393135,
            0.6349837,
            0.8363115,
            0.679787,
            0.812684,
            0.86070246,
            0.47434103,
            0.77441275,
            0.74741435,
            0.929002,
            0.82592577,
            0.6642058,
            0.9787408,
            0.77593195,
            0.89679605,
            0.642112,
            0.73215795,
            0.7600211,
            0.6531868,
            0.6507969,
            0.758745,
            0.67049056,
            0.6642883,
            0.6468392,
            1.043789,
            0.8111788,
            0.6802084,
            0.9730073,
            0.7718107,
            0.80379856,
            0.50911117,
            0.9361928,
            0.8673009,
            0.58169883,
            0.7005584,
            0.62763363,
            0.7587061,
            0.9126929,
            0.76554346,
            0.57100344,
            0.93640846,
            0.9429366,
            0.6713634,
            0.6851513,
            0.85107523,
            0.6351979,
            0.6353957,
            0.8772995,
            0.65802,
            0.7857829,
            0.6425879,
            0.76763296,
            0.6954046,
            0.73037416,
            0.74964875,
            0.7904949,
            0.7688505,
            0.4670814,
            0.640711,
            0.54182434,
            0.66679835,
            0.79855,
            0.95002633,
            0.71152395,
            0.9552824,
            0.8044521,
            0.7214478,
            0.78998214,
            0.6679819,
            0.58290976,
            0.7166298,
            0.57486194,
            0.6195825,
            0.7340379,
            0.8345405,
            0.56413645,
            0.47859383,
            1.0169824,
            0.6992406,
            0.7537109,
            0.73187774,
            0.5340272,
            0.93490875,
            0.6995093,
            0.8437336,
            0.69726723,
            0.7936993,
            0.7307913,
            0.6831426,
            0.7895829,
            0.8113953,
            0.8443505,
            0.7634431,
            0.8865302,
            0.7762831,
            0.97049123,
            0.658421,
            0.7358864,
            0.74167067,
            0.5956834,
            0.9547875,
            0.6434023,
            0.84103084,
            0.6806111,
            0.805266,
            0.8617995,
            0.4857106,
            0.76290727,
            0.7357602,
            0.90579337,
            0.81674844,
            0.6536092,
            0.95964634,
            0.774386,
            0.8944091,
            0.6436796,
            0.7282351,
            0.755557,
            0.6407526,
            0.64604574,
            0.7337289,
            0.6742459,
            0.6659778,
            0.6420783,
            0.9872097,
            0.84132546,
            0.663996,
            0.94674474,
            0.77672106,
            0.79213196,
            0.49872017,
            0.94293916,
            0.8720513,
            0.58705664,
            0.6965103,
            0.6163067,
            0.74087244,
            0.8939118,
            0.75461966,
            0.5486489,
            0.937407,
            0.94834363,
            0.67769253,
            0.67713416,
            0.84201276,
            0.63565505,
            0.6383872,
            0.86236924,
            0.64390093,
            0.77651554,
            0.6379181,
            0.7912322,
            0.7029001,
            0.71813047,
            0.752586,
            0.7913076,
            0.7714076,
            0.4690145,
            0.64794683,
            0.53892744,
            0.6751702,
            0.7874639,
            0.9572124,
            0.7107128,
            0.96295357,
            0.8070509,
            0.73094547,
            0.78981745,
            0.6665665,
            0.5655052,
            0.6888509,
            0.5418934,
            0.5965267,
            0.7470185,
            0.839736,
            0.5619921,
            0.48285225,
            1.0028658,
            0.7047613,
            0.7259033,
            0.71937126,
            0.5450729,
            0.91893584,
            0.71430784,
            0.82620806,
            0.69512856,
            0.79583156,
            0.7235177,
            0.6881528,
            0.77528644,
            0.81227624,
            0.8549438,
            0.76626194,
            0.8808456,
            0.7609951,
            0.9660117,
            0.6670538,
            0.7387471,
            0.7422561,
            0.5897531,
            0.95484185,
            0.63385135,
            0.84855115,
            0.6729889,
            0.80063796,
            0.8635551,
            0.48192137,
            0.75604707,
            0.7324122,
            0.9132979,
            0.8185101,
            0.65894747,
            0.9540998,
            0.7714473,
            0.89573026,
            0.64683944,
            0.72468126,
            0.7566969,
            0.63866395,
            0.6431347,
            0.7349348,
            0.6726501,
            0.6615496,
            0.64713734,
            1.006374,
            0.8304568,
            0.6600616,
            0.94499075,
            0.7706203,
            0.78673315,
            0.5035206,
            0.9342038,
            0.8706077,
            0.5897584,
            0.6876202,
            0.61389935,
            0.7391433,
            0.89237463,
            0.75554174,
            0.5526641,
            0.9392314,
            0.94465345,
            0.67860323,
            0.67877275,
            0.8439469,
            0.6341434,
            0.6325671,
            0.86732537,
            0.6424173,
