{
    "perfs_self_play": {
        "time": 21.774052711,
        "allocated": 5377420952,
        "gc_time": 0.785638747
    },
    "perfs_memory_analysis": {
        "time": 2.75e-7,
        "allocated": 0,
        "gc_time": 0
    },
    "perfs_learning": {
        "time": 41.742408482,
        "allocated": 22506100712,
        "gc_time": 2.764077558
    },
    "self_play": {
        "samples_gen_speed": 19.392169685465127,
        "average_exploration_depth": 0.875,
        "mcts_memory_footprint": 1636320,
        "memory_size": 4200,
        "memory_num_distinct_boards": 4200
    },
    "memory": null,
    "learning": {
        "time_convert": 1.131498524,
        "time_loss": 16.306398591,
        "time_train": 1.687076156,
        "time_eval": 14.335057812999999,
        "initial_status": {
            "loss": {
                "L": 166050690000000000,
                "Lp": 0.9335904,
                "Lv": 166050690000000000,
                "Lreg": 0.00021100203,
                "Linv": -19.571335
            },
            "Hp": 1.6459723,
            "Hpnet": 2.5795648
        },
        "losses": [
            220876320000000000,
            203357250000000000,
            215506680000000000,
            220915920000000000,
            104805740000000000,
            163314200000000000,
            104805740000000000,
            220718150000000000,
            59220070000000000,
            163314200000000000,
            6636842000000000,
            220916040000000000,
            203357250000000000,
            6636842000000000,
            203357250000000000,
            220718200000000000,
            104805740000000000,
            163314200000000000,
            26547347000000000,
            215506750000000000,
            220916100000000000,
            220718200000000000,
            6636842000000000,
            59220070000000000,
            163314200000000000,
            220916100000000000,
            220876390000000000,
            220915970000000000,
            220876390000000000,
            220916100000000000,
            203357250000000000,
            6636842000000000,
            163314200000000000,
            220067900000000000,
            220876390000000000,
            220718200000000000,
            220718200000000000,
            220915610000000000,
            220915560000000000,
            220911330000000000,
            220915560000000000,
            220911330000000000,
            220911330000000000,
            59220070000000000,
            203357250000000000,
            220911330000000000,
            220911330000000000,
            203357250000000000,
            220067840000000000,
            59220070000000000,
            26547347000000000,
            220067840000000000,
            215506680000000000,
            220915920000000000,
            220911330000000000,
            26547347000000000,
            220911330000000000,
            220911330000000000,
            220915970000000000,
            104805740000000000,
            220916100000000000,
            220916100000000000,
            215506750000000000,
            220916100000000000,
            220876390000000000,
            220911400000000000,
            26547347000000000,
            220915970000000000,
            59220070000000000,
            104805740000000000,
            220067900000000000,
            220915970000000000,
            220067900000000000,
            26547347000000000,
            220915610000000000,
            104805740000000000,
            104805740000000000,
            220067840000000000,
            220911330000000000,
            26547347000000000,
            220916040000000000,
            220718150000000000,
            163314200000000000,
            59220070000000000,
            59220070000000000,
            220915920000000000,
            220915920000000000,
            220067840000000000,
            220067840000000000,
            59220070000000000,
            215506680000000000,
            215506680000000000,
            203357250000000000,
            220067840000000000,
            203357250000000000,
            163314200000000000,
            59220070000000000,
            59220070000000000,
            220718200000000000,
            59220070000000000,
            59220070000000000,
            220916100000000000,
            215506750000000000,
            215506750000000000,
            163314200000000000,
            6636842000000000,
            6636842000000000,
            220718200000000000,
            215506750000000000,
            26547347000000000,
            220718200000000000,
            203357250000000000,
            203357250000000000,
            220911330000000000,
            220915560000000000,
            220876320000000000,
            6636842000000000,
            59220070000000000,
            203357250000000000,
            6636842000000000,
            215506680000000000,
            220911330000000000,
            220911330000000000,
            220916040000000000,
            220915560000000000,
            203357250000000000,
            104805740000000000,
            26547347000000000,
            220915970000000000,
            59220070000000000,
            104805740000000000,
            220916100000000000,
            220915970000000000,
            6636842000000000,
            203357250000000000,
            220067900000000000,
            104805740000000000,
            220915610000000000,
            203357250000000000,
            59220070000000000,
            163314200000000000,
            220916100000000000,
            220915610000000000,
            26547347000000000,
            220067840000000000,
            220718150000000000,
            203357250000000000,
            59220070000000000,
            220915560000000000,
            220915920000000000,
            220916040000000000,
            220916040000000000,
            59220070000000000,
            220718150000000000,
            203357250000000000,
            220916040000000000,
            220067840000000000,
            203357250000000000,
            6636842000000000,
            203357250000000000,
            220718150000000000,
            220911330000000000,
            215506680000000000,
            215506680000000000,
            6636842000000000,
            220911330000000000,
            163314200000000000,
            163314200000000000,
            220915920000000000,
            220915920000000000,
            220911330000000000,
            220916040000000000,
            220067840000000000,
            6636842000000000,
            220067840000000000,
            220916040000000000,
            215506680000000000,
            220915920000000000,
            220915920000000000,
            220876320000000000,
            59220070000000000,
            104805740000000000,
            6636842000000000,
            220915560000000000,
            163314200000000000,
            26547347000000000,
            220916040000000000,
            220718150000000000,
            220067840000000000,
            59220070000000000,
            220915560000000000,
            26547347000000000,
            215506680000000000,
            220915920000000000,
            220067840000000000,
            203357250000000000,
            163314200000000000,
            163314200000000000,
            220916040000000000,
            215506680000000000,
            163314200000000000,
            163314200000000000,
            220915560000000000,
            26547347000000000,
            59220070000000000,
            220876320000000000,
            6636842000000000,
            220916040000000000,
            215506680000000000,
            220718150000000000,
            220915920000000000,
            59220070000000000,
            59220070000000000,
            220067840000000000,
            203357250000000000,
            220915970000000000,
