{
    "perfs_self_play": {
        "time": 1352.911500192,
        "allocated": 2592236981292,
        "gc_time": 462.507967799
    },
    "perfs_memory_analysis": {
        "time": 3.1e-7,
        "allocated": 0,
        "gc_time": 0
    },
    "perfs_learning": {
        "time": 524.464258627,
        "allocated": 912018849835,
        "gc_time": 118.860267078
    },
    "self_play": {
        "samples_gen_speed": 2.534900841870798,
        "average_exploration_depth": 2.273831895948265,
        "mcts_memory_footprint": 183385504,
        "memory_size": 7000,
        "memory_num_distinct_boards": 6435
    },
    "memory": null,
    "learning": {
        "time_convert": 0.928508991,
        "time_loss": 11.301045052,
        "time_train": 12.273107888,
        "time_eval": 495.985806699,
        "initial_status": {
            "loss": {
                "L": 226.59238,
                "Lp": 0.43129253,
                "Lv": 225.89897,
                "Lreg": 0.00032493775,
                "Linv": -9.7899786e-11
            },
            "Hp": 2.4872305,
            "Hpnet": 2.9365342
        },
        "losses": [
            330.86584,
            17.653505,
            11.792368,
            10.246891,
            7.36389,
            50.01178,
            688.74426,
            7.359894,
            31.542553,
            58.228256,
            5.4243503,
            26.942621,
            4.5715275,
            4.5186896,
            686.51587,
            2.5541859,
            4.4815044,
            48.150635,
            26.40597,
            23.13284,
            340.06235,
            546.58124,
            6.3727016,
            6.6504984,
            4.1454606,
            7.784898,
            3.74663,
            8.659368,
            558.2449,
            6.8017535,
            2.8041136,
            2.3561964,
            6.57092,
            2.5275126,
            1.7030185,
            7.9705987,
            1.3598357,
            560.71967,
            2.8309035,
            2.3420088,
            2.7000546,
            29.974314,
            4.4348807,
            10.90873,
            3.6109092,
            27.396502,
            665.70886,
            10.754179,
            3.638641,
            2.5484765,
            662.2404,
            10.975419,
            2.6061559,
            3.8514884,
            37.526054,
            46.073524,
            3005.3699,
            9.249411,
            34.109013,
            4.0780597,
            6.006695,
            9.902184,
            12.214904,
            50.31019,
            3.57231,
            3.3566864,
            504.31445,
            5.9523764,
            341.3919,
            2930.9453,
            7.1691175,
            7.6997786,
            179.36662,
            6.8464117,
            4.635237,
            9.153234,
            41.23184,
            19.513044,
            29.45898,
            69.98313,
            28.386116,
            1078.7162,
            2893.8433,
            4.460037,
            5.2748456,
            28.44935,
            538.0854,
            483.56622,
            526.7911,
            27.818335,
            2842.1748,
            529.39075,
            23.37615,
            27.602531,
            19.806059,
            36.867138,
            12.441319,
            21.23636,
            48.7428,
            14.286547,
            295.28403,
            19.76179,
            11.7203455,
            14.10089,
            8.826136,
            48.897957,
            685.2925,
            7.014381,
            30.199276,
            56.18662,
            6.149886,
            27.601772,
            4.906173,
            4.288282,
            678.22345,
            2.9039822,
            4.9636025,
            46.365246,
            26.729694,
            23.288916,
            333.15494,
            539.5245,
            8.114398,
            8.947197,
            6.8252153,
            9.806824,
            4.66182,
            7.955863,
            553.7144,
            6.2532873,
            2.16432,
            1.6584642,
            6.2046776,
            2.5985417,
            1.7355608,
            7.4285054,
            1.5624273,
            557.1623,
            3.0227993,
            2.8932347,
            2.9199412,
            30.67534,
            4.243358,
            10.581186,
            4.206298,
            28.593376,
            649.39886,
            10.76404,
            4.837271,
            2.9134414,
            649.3609,
            11.981346,
            3.4068563,
            4.671153,
            37.515083,
            45.209183,
            2973.6663,
            9.132771,
            35.037865,
            3.9955804,
            7.670259,
            9.894121,
            11.099208,
            54.33143,
            4.584801,
            3.7156298,
            481.694,
            9.312445,
            343.43564,
            2870.599,
            10.211449,
            8.755383,
            168.20496,
            10.972801,
            4.440271,
            7.7115936,
            47.969578,
            19.15585,
            31.67223,
            57.12162,
            28.540462,
            1038.7397,
            2828.019,
            5.5699635,
            6.958287,
            27.059078,
            514.1323,
            422.0497,
            502.03314,
            31.710318,
            2755.5342,
            504.98044,
            37.89983,
            54.23168,
            28.74313,
            48.002106,
            17.626957,
            28.259493,
            59.671734,
            17.197077,
            241.63458,
            28.146015,
            16.64343,
            22.562199,
            14.009555,
            48.321205,
            690.0633,
            8.78973,
            29.3872,
            53.596874,
            6.82177,
            25.712399,
            4.6702585,
            4.608651,
            678.1978,
            3.5390224,
            4.0309153,
            48.35789,
            26.518438,
            22.958845,
            339.5723,
            543.0228,
            7.678363,
            10.208603,
            7.627113,
            10.902326,
            4.2886305,
            7.446552,
            557.7197,
            5.9313087,
            2.0385802,
            1.4140491,
            7.061683,
            2.4292748,
            1.9324272,
            7.9746094,
            1.7466826,
            559.57263,
            3.090199,
            2.9117734,
            2.89252,
            30.608133,
            4.6011243,
            10.690634,
            4.9569206,
            28.031559,
            646.8559,
            11.079604,
            6.455139,
            5.4555335,
            647.33563,
            13.059327,
            4.42619,
            5.64969,
            37.433205,
            44.77678,
            2969.717,
            6.729443,
            35.370964,
            2.5545661,
            6.5154004,
            9.427973,
            10.578716,
            57.208168,
            4.7181334,
            3.7031837,
            455.11865,
            11.801722,
            345.90256,
            2809.8699,
            15.115023,
            11.560877,
            164.48178,
            17.641901,
            5.8868017,
            8.055267,
            58.296955,
            19.771706,
            34.979843,
            53.561142,
            28.098677,
            1005.6599,
            2763.7466,
            6.749036,
            9.876509,
            28.114168,
            497.71866,
            363.28217,
            486.4885,
            36.337112,
            2672.719,
            489.3943,
            49.54565,
            81.964775,
            40.569874,
            57.922695,
            22.498966,
            35.567776,
            72.09503,
            22.114832
        ],
        "checkpoints": [
            {
                "batch_id": 100,