{
    "perfs_self_play": {
        "time": 1324.182443468,
        "allocated": 2399863174214,
        "gc_time": 470.370087815
    },
    "perfs_memory_analysis": {
        "time": 3.26e-7,
        "allocated": 0,
        "gc_time": 0
    },
    "perfs_learning": {
        "time": 599.056623201,
        "allocated": 934720029827,
        "gc_time": 155.887157385
    },
    "self_play": {
        "samples_gen_speed": 2.3533548299443736,
        "average_exploration_depth": 2.0896713404375107,
        "mcts_memory_footprint": 189227328,
        "memory_size": 6667,
        "memory_num_distinct_boards": 6072
    },
    "memory": null,
    "learning": {
        "time_convert": 1.231139141,
        "time_loss": 18.339003097000003,
        "time_train": 17.582862826,
        "time_eval": 554.115839124,
        "initial_status": {
            "loss": {
                "L": 249.76817,
                "Lp": 0.35302404,
                "Lv": 251.01491,
                "Lreg": 0.00036084472,
                "Linv": -1.1049112e-9
            },
            "Hp": 2.8118181,
            "Hpnet": 3.174848
        },
        "losses": [
            7.0801163,
            22.33392,
            3022.2546,
            5.2155404,
            46.04514,
            26.136951,
            4.7760243,
            61.55651,
            3075.4092,
            17.516733,
            14.014899,
            7.8109994,
            30.04582,
            28.588718,
            46.930748,
            10.11525,
            1146.4963,
            17.701792,
            27.630245,
            51.72887,
            12.550471,
            33.021763,
            32.18027,
            75.31752,
            304.66794,
            8.439533,
            11.37789,
            25.964172,
            8.011857,
            7.0896425,
            2994.2317,
            62.478466,
            7.7587805,
            45.555286,
            23.677925,
            11.664212,
            789.0411,
            13.549771,
            12.509187,
            28.240814,
            1606.3267,
            7.549827,
            6.0341506,
            41.782093,
            55.087395,
            7.901177,
            6.6977863,
            6.5825086,
            76.608246,
            67.89188,
            11.844425,
            8.123946,
            7.4444485,
            8.450233,
            4.2056236,
            5.7251,
            72.94192,
            37.54548,
            3.4291325,
            3051.762,
            5.748081,
            39.87832,
            200.6458,
            8.110417,
            32.780865,
            28.473717,
            595.5623,
            20.19356,
            1159.5447,
            12.622627,
            26.307743,
            22.046787,
            7.5943155,
            83.270164,
            537.97156,
            7.8133,
            15.162094,
            41.078205,
            31.940666,
            11.785034,
            50.370464,
            67.117004,
            36.352432,
            27.675657,
            321.47733,
            2954.9639,
            49.02837,
            54.061146,
            47.903255,
            49.065132,
            38.653587,
            12.098275,
            7.957303,
            16.729578,
            10.172046,
            24.011412,
            2991.8467,
            6.1707854,
            45.94536,
            27.681965,
            6.6390285,
            61.92669,
            3058.1138,
            18.004341,
            13.664986,
            8.042521,
            30.656363,
            27.385126,
            45.85032,
            9.680181,
            1147.8276,
            17.35968,
            27.492313,
            50.671593,
            10.980695,
            32.726067,
            31.503471,
            77.30695,
            306.81204,
            6.8976736,
            9.84036,
            24.840452,
            6.283316,
            6.3959513,
            2998.7625,
            63.786995,
            7.1140056,
            45.134422,
            23.81688,
            11.179053,
            789.5906,
            13.745571,
            13.001401,
            28.564587,
            1611.535,
            8.324909,
            6.347119,
            42.375916,
            53.62988,
            5.605032,
            6.303165,
            5.8541503,
            77.626495,
            69.25984,
            11.775293,
            8.286061,
            7.610683,
            8.392,
            4.44343,
            5.850224,
            72.66093,
            37.12094,
            3.2840703,
            3054.3975,
            5.537853,
            39.979767,
            202.28598,
            7.8015633,
            32.646458,
            27.193743,
            596.6545,
            20.107445,
            1160.5177,
            12.752626,
            27.21189,
            22.342525,
            7.8084593,
            83.43604,
            538.2745,
            7.953083,
            15.03093,
            41.038425,
            32.044685,
            11.233234,
            50.183598,
            67.25367,
            37.03549,
            26.915096,
            321.4705,
            2955.7168,
            48.827225,
            53.764843,
            47.336926,
            48.474743,
            38.089424,
            11.652133,
            7.698261,
            16.32119,
            9.854302,
            23.70599,
            2986.64,
            6.038924,
            46.38038,
            27.301949,
            6.6233277,
            61.52901,
            3055.4202,
            18.24828,
            13.260807,
            7.800054,
            30.863514,
            26.930286,
            45.42465,
            9.41048,
            1146.6007,
            16.841696,
            27.176834,
            50.978725,
            10.641502,
            32.16251,
            31.362894,
            77.64861,
            305.2532,
            6.683066,
            9.269707,
            24.51678,
            6.1187296,
            5.933298,
            2991.2258,
            63.299416,
            7.247439,
            45.560772,
            24.448318,
            11.178824,
            787.60486,
            14.2707,
            13.051961,
            28.410004,
            1612.9237,
            8.684133,
            6.476183,
            42.90956,
            53.820843,
            5.710203,
            6.4879293,
            5.94611,
            77.44706,
            69.48213,
            11.941214,
            8.649825,
            8.0111265,
            8.215379,
            4.4437337,
            5.537225,
            70.86453,
            37.028587,
            3.2384279,
            3048.0225,
            5.3371725,
            40.583046,
            203.8951,
            7.741178,
            32.62147,
            26.914316,
            594.9338,
            20.22762,
            1158.5035,
            12.688156,
            26.846163,
            22.745564,
            7.868364,
            83.92766,
            530.4114,
            8.279124,
            16.139748,
            41.08445,
            32.28324,
            12.082274,
            50.442017,
            66.30847,
            37.135113,
            26.605152,
            324.65192,
            2942.1145,
            49.12322,
            54.593513,
            47.209488,
            48.431602,
            38.633644,
            11.5376005,
            7.3606567,
            15.741856
        ],
        "checkpoints": [
            {
                "batch_id": 94,
                "evaluation": {
                    "legend": "Most recent NN versus best NN so far",
                    "avgr": 0.25,
                    "redundancy": 0,