{
    "perfs_self_play": {
        "time": 1420.545033418,
        "allocated": 2652494235886,
        "gc_time": 481.803152492
    },
    "perfs_memory_analysis": {
        "time": 4.27e-7,
        "allocated": 0,
        "gc_time": 0
    },
    "perfs_learning": {
        "time": 737.397091546,
        "allocated": 1111725750982,
        "gc_time": 182.77687129
    },
    "self_play": {
        "samples_gen_speed": 2.767685682518226,
        "average_exploration_depth": 2.0527713957229454,
        "mcts_memory_footprint": 205837216,
        "memory_size": 3928,
        "memory_num_distinct_boards": 3690
    },
    "memory": null,
    "learning": {
        "time_convert": 0.812923636,
        "time_loss": 6.806093731,
        "time_train": 42.699451368999995,
        "time_eval": 683.2799309290001,
        "initial_status": {
            "loss": {
                "L": 3237895700000,
                "Lp": 0.29677072,
                "Lv": 3259660800000,
                "Lreg": 0.0003597789,
                "Linv": 1.2936089e-9
            },
            "Hp": 2.7864966,
            "Hpnet": 3.1344142
        },
        "losses": [
            2290015000000,
            1807672300000,
            1288022800000,
            1045481300000,
            1266457800000,
            2047903300000,
            567303400000,
            1163132900000,
            1138923300000,
            1630583900000,
            1288314400000,
            31805573000000,
            1303412200000,
            15005030000000,
            12327047000000,
            2188414800000,
            1178738400000,
            229760550000,
            4059889400000,
            2370297700000,
            421961660000,
            136902130000,
            254822800000,
            2039244700000,
            768472500000,
            1341822000000,
            480553730000,
            1473689300000,
            6626045000000,
            5362795700000,
            1306720500000,
            216904530000,
            10126234000000,
            3281293000000,
            430172600000,
            918408130000,
            3487740700000,
            9732164000000,
            1634721700000,
            1271604800000,
            8115397300000,
            7068838300000,
            2740631000000,
            1423907400000,
            1021148270000,
            2067727400000,
            3350087900000,
            2476172400000,
            873247540000,
            1384022400000,
            1772925100000,
            2261800200000,
            7580680700000,
            883071700000,
            1168660400000,
            166107680000,
            655274000000,
            2289974400000,
            1807639000000,
            1287993700000,
            1045460550000,
            1266437700000,
            2047879700000,
            567289300000,
            1163114300000,
            1138906100000,
            1630563100000,
            1288297000000,
            31805525000000,
            1303396200000,
            15004982000000,
            12327014000000,
            2188406600000,
            1178728900000,
            229756580000,
            4059864200000,
            2370289300000,
            421952300000,
            136897380000,
            254814060000,
            2039224600000,
            768463340000,
            1341813200000,
            480541100000,
            1473676300000,
            6626029000000,
            5362775000000,
            1306705700000,
            216897500000,
            10126204000000,
            3281266400000,
            430163850000,
            918394600000,
            3487720500000,
            9732135000000,
            1634709400000,
            1271590200000,
            8115364300000,
            7068808000000,
            2740617200000,
            1423893900000,
            1021136140000,
            2067708900000,
            3350067000000,
            2476153500000,
            873235940000,
            1384008800000,
            1772907000000,
            2261779200000,
            7580658000000,
            883058540000,
            1168642800000,
            166100450000,
            655261960000,
            2289956800000,
            1807622500000,
            1287978000000,
            1045446200000,
            1266424200000,
            2047860700000,
            567276900000,
            1163097000000,
            1138890000000,
            1630541700000,
            1288285300000,
            31805474000000,
            1303381100000,
            15004954000000,
            12327000000000,
            2188385600000,
            1178715300000,
            229744750000,
            4059839900000,
            2370273800000,
            421941580000,
            136888980000,
            254805020000,
            2039200400000,
            768452660000,
            1341805200000,
            480529300000,
            1473664800000,
            6626022000000,
            5362760500000,
            1306687000000,
            216888690000,
            10126180000000,
            3281240700000,
            430154780000,
            918382300000,
            3487701000000,
            9732105000000,
            1634701100000,
            1271576900000,
            8115339000000,
            7068775400000,
            2740603000000,
            1423881000000,
            1021124500000,
            2067689900000,
            3350050400000,
            2476135700000,
            873224800000,
            1383995500000,
            1772892600000,
            2261758000000,
            7580624600000,
            883046500000,
            1168628600000,
            166094180000,
            655251100000
        ],
        "checkpoints": [
            {
                "batch_id": 57,
                "evaluation": {
                    "legend": "Most recent NN versus best NN so far",
                    "avgr": 0.5625,
                    "redundancy": 0,
                    "rewards": [
                        -86915.02734375,
                        -20784.0,
                        -36205.0,
                        -122090.8515625,
                        -440280.90625,
                        -40871.078125,
                        -45270.0,
                        -52362.91796875,
                        -90394.640625,
                        -183785.78125,
                        -418728.0,
                        -127201.203125,
                        -95210.0,
                        -35715.6796875,
                        -231222.0625,
                        -110157.0,
                        -535184.125,
                        -199770.0,
                        -230104.453125,
                        -35880.23046875,
                        -28566.0,
                        -51334.0,
                        -55394.0,
                        -192060.0,
                        -217332.0,
                        -95868.0,
                        -68881.1796875,
                        -422622.40625,
                        -76277.8046875,
                        -63872.0,
                        -28791.0,
                        -727146.5
                    ],