{
    "perfs_self_play": {
        "time": 3.096387039,
        "allocated": 146364078,
        "gc_time": 0.048574716
    },
    "perfs_memory_analysis": {
        "time": 3.2e-7,
        "allocated": 0,
        "gc_time": 0
    },
    "perfs_learning": {
        "time": 38.175810665,
        "allocated": 6428428378,
        "gc_time": 3.471437937
    },
    "self_play": {
        "samples_gen_speed": 13.445099356391868,
        "average_exploration_depth": 0.6666666666666667,
        "mcts_memory_footprint": 47040,
        "memory_size": 40,
        "memory_num_distinct_boards": 40
    },
    "memory": null,
    "learning": {
        "time_convert": 0.505403305,
        "time_loss": 0.117037848,
        "time_train": 35.661424981,
        "time_eval": 0.677183902,
        "initial_status": {
            "loss": {
                "L": 3.3442088e6,
                "Lp": 1.0691664,
                "Lv": 3.3442072e6,
                "Lreg": 0.00016205557,
                "Linv": 0.18924168
            },
            "Hp": -1.19209275e-7,
            "Hpnet": 1.0691664
        },
        "losses": [
            2.5696105e6,
            693889.56,
            2.5696105e6,
            2.5696105e6,
            4.4774575e6,
            4.4774575e6,
            693889.56,
            5.6358775e6,
            5.6358775e6,
            693889.56,
            693889.56,
            693889.56,
            5.6358775e6,
            693889.56,
            4.4774575e6,
            2.5696102e6,
            2.5696102e6,
            2.5696102e6,
            2.5696102e6,
            4.4774575e6,
            4.4774575e6,
            2.5696102e6,
            4.477457e6,
            5.635877e6,
            5.635877e6,
            5.635877e6,
            5.635877e6,
            2.5696102e6,
            4.477457e6,
            4.477457e6,
            5.635877e6,
            693889.5,
            5.635877e6,
            693889.5,
            4.477457e6,
            693889.5,
            2.56961e6,
            5.635877e6,
            693889.5,
            4.477457e6,
            2.56961e6,
            693889.5,
            2.56961e6,
            2.56961e6,
            4.477457e6,
            4.477457e6,
            693889.5,
            5.635877e6,
            5.6358765e6,
            693889.44,
            693889.44,
            693889.44,
            5.6358765e6,
            693889.44,
            4.477457e6,
            2.56961e6,
            2.56961e6,
            2.56961e6,
            2.56961e6,
            4.477457e6,
            4.4774565e6,
            2.5696098e6,
            4.4774565e6,
            5.6358765e6,
            5.6358765e6,
            5.6358765e6,
            5.6358765e6,
            2.5696098e6,
            4.4774565e6,
            4.4774565e6,
            5.6358765e6,
            693889.44,
            5.6358765e6,
            693889.44,
            4.4774565e6,
            693889.4,
            2.5696098e6,
            5.635876e6,
            693889.4,
            4.4774565e6
        ],
        "checkpoints": [
            {
                "batch_id": 40,
                "evaluation": {
                    "legend": "Most recent NN versus best NN so far",
                    "avgr": 0,
                    "redundancy": 0,
                    "rewards": [
                        2368,
                        2368,
                        2368,
                        2368
                    ],
                    "baseline_rewards": [
                        2368,
                        2368,
                        2368,
                        2368
                    ],
                    "time": 0.39131578
                },
                "status_after": {
                    "loss": {
                        "L": 3.3442085e6,
                        "Lp": 1.0691664,
                        "Lv": 3.3442072e6,
                        "Lreg": 0.00014847127,
                        "Linv": -0.27106643
                    },
                    "Hp": -1.19209275e-7,
                    "Hpnet": 1.0691664
                },
                "nn_replaced": false
            },
            {
                "batch_id": 80,
                "evaluation": {
                    "legend": "Most recent NN versus best NN so far",
                    "avgr": 0,
                    "redundancy": 0,
                    "rewards": [
                        2368,
                        2368,
                        2368,
                        2368
                    ],
                    "baseline_rewards": [
                        2368,
                        2368,
                        2368,
                        2368
                    ],
                    "time": 0.285868122
                },
                "status_after": {
                    "loss": {
                        "L": 3.3442075e6,
                        "Lp": 1.0691664,
                        "Lv": 3.3442072e6,
                        "Lreg": 0.00013864794,
                        "Linv": -0.68437904
                    },
                    "Hp": -1.19209275e-7,
                    "Hpnet": 1.0691664
                },
                "nn_replaced": false
            }
        ],
        "nn_replaced": false
    }
}