{
    "perfs_self_play": {
        "time": 60.504572852,
        "allocated": 10600335344,
        "gc_time": 2.851925665
    },
    "perfs_memory_analysis": {
        "time": 7.57e-7,
        "allocated": 0,
        "gc_time": 0
    },
    "perfs_learning": {
        "time": 59.850320476,
        "allocated": 18768019770,
        "gc_time": 3.862723495
    },
    "self_play": {
        "samples_gen_speed": 6.962806829532765,
        "average_exploration_depth": 0.875,
        "mcts_memory_footprint": 1636320,
        "memory_size": 420,
        "memory_num_distinct_boards": 420
    },
    "memory": null,
    "learning": {
        "time_convert": 0.402742851,
        "time_loss": 1.629576596,
        "time_train": 42.010240565000004,
        "time_eval": 14.019200501,
        "initial_status": {
            "loss": {
                "L": 166050650000000000,
                "Lp": 0.93359035,
                "Lv": 166050650000000000,
                "Lreg": 0.00034772902,
                "Linv": -15.611937
            },
            "Hp": 1.6459724,
            "Hpnet": 2.5795648
        },
        "losses": [
            163314200000000000,
            220915560000000000,
            220916040000000000,
            26547347000000000,
            220915920000000000,
            220067840000000000,
            220916040000000000,
            26547347000000000,
            6636842000000000,
            220911330000000000,
            6636842000000000,
            26547347000000000,
            220067840000000000,
            220067840000000000,
            220067840000000000,
            215506680000000000,
            220876320000000000,
            220911330000000000,
            220718150000000000,
            163314200000000000,
            220911330000000000,
            163314200000000000,
            215506680000000000,
            220915560000000000,
            220916040000000000,
            215506680000000000,
            6636842000000000,
            220876320000000000,
            220876320000000000,
            26547347000000000,
            220067840000000000,
            203357250000000000,
            104805740000000000,
            220915560000000000,
            104805740000000000,
            6636842000000000,
            220915920000000000,
            220915560000000000,
            203357250000000000,
            220915920000000000,
            203357250000000000,
            220876320000000000,
            220915920000000000,
            59220070000000000,
            26547347000000000,
            220876320000000000,
            220915560000000000,
            220915920000000000,
            220718150000000000,
            220911330000000000,
            220876320000000000,
            220911330000000000,
            220915560000000000,
            6636842000000000,
            220876320000000000,
            6636842000000000,
            220067840000000000,
            203357250000000000,
            220911330000000000,
            220911330000000000,
            220911330000000000,
            215506680000000000,
            6636842000000000,
            215506680000000000,
            59220070000000000,
            220915560000000000,
            220876320000000000,
            220067840000000000,
            163314200000000000,
            203357250000000000,
            26547347000000000,
            215506680000000000,
            220911330000000000,
            215506680000000000,
            6636842000000000,
            220915920000000000,
            220876320000000000,
            220067840000000000,
            104805740000000000,
            220718150000000000,
            220067840000000000,
            220915920000000000,
            203357250000000000,
            220067840000000000,
            220915560000000000,
            215506680000000000,
            26547347000000000,
            104805740000000000,
            59220070000000000,
            220718150000000000,
            220876320000000000,
            220916040000000000,
            220915560000000000,
            59220070000000000,
            104805740000000000,
            6636842000000000,
            163314200000000000,
            6636842000000000,
            215506680000000000,
            6636842000000000,
            26547347000000000,
            59220070000000000,
            220718150000000000,
            220916040000000000,
            104805740000000000,
            220718150000000000,
            163314200000000000,
            220067840000000000,
            6636842000000000,
            220067840000000000,
            104805740000000000,
            215506680000000000,
            220911330000000000,
            104805740000000000,
            220911330000000000,
            203357250000000000,
            163314200000000000,
            220911330000000000,
            220718150000000000,
            220718150000000000,
            220911330000000000,
            215506680000000000,
            220718150000000000,
            220067840000000000,
            215506680000000000,
            220911330000000000,
            220915560000000000,
            26547347000000000,
            203357250000000000,
            220915920000000000,
            215506680000000000,
            6636842000000000,
            220718150000000000,
            220876320000000000,
            215506680000000000,
            220915560000000000,
            163314200000000000,
            104805740000000000,
            220915560000000000,
            59220070000000000,
            220916040000000000,
            104805740000000000,
            220876320000000000,
            220915560000000000,
            6636842000000000,
            220915920000000000,
            203357250000000000,
            215506680000000000,
            104805740000000000,
            220915920000000000,
            163314200000000000,
            220718150000000000,
            163314200000000000,
            59220070000000000,
            220915920000000000,
            6636842000000000,
            26547347000000000,
            220876320000000000,
            220067840000000000,
            104805740000000000,
            220915920000000000,
            220876320000000000,
            220916040000000000,
            220915560000000000,
            220915920000000000,
            220916040000000000,
            104805740000000000,
            220718150000000000,
            220718150000000000,
            220067840000000000,
            104805740000000000,
            203357250000000000,
            26547347000000000,
            220916040000000000,
            59220070000000000,
            220067840000000000,
            220915560000000000,
            215506680000000000,
            220876320000000000,
            220876320000000000,
            220915560000000000,
            220915560000000000,
            220718150000000000,
            104805740000000000,
            220915560000000000,
            220911330000000000,
            59220070000000000,
            104805740000000000,
            104805740000000000,
            220876320000000000,
            220911330000000000,
            220911330000000000,
            203357250000000000,
            203357250000000000,
            215506680000000000,
            163314200000000000,
            220915560000000000,
            59220070000000000,
            220067840000000000,
            59220070000000000,
            59220070000000000,
            203357250000000000,
            203357250000000000,
            220915560000000000,
            220718150000000000,
            220916040000000000,
            220915920000000000,
            104805740000000000,
            203357250000000000,
            220915920000000000,
            220915920000000000,
            220915920000000000,
            220915920000000000,
            6636842000000000,
            26547347000000000,
            220718180000000000,
