{
    "perfs_self_play": {
        "time": 21.311022938,
        "allocated": 5379772456,
        "gc_time": 0.728960039
    },
    "perfs_memory_analysis": {
        "time": 2.51e-7,
        "allocated": 0,
        "gc_time": 0
    },
    "perfs_learning": {
        "time": 56.689769566,
        "allocated": 29745037104,
        "gc_time": 2.985856434
    },
    "self_play": {
        "samples_gen_speed": 19.817245676503536,
        "average_exploration_depth": 0.875,
        "mcts_memory_footprint": 1636320,
        "memory_size": 6720,
        "memory_num_distinct_boards": 6720
    },
    "memory": null,
    "learning": {
        "time_convert": 1.785788806,
        "time_loss": 25.647230822,
        "time_train": 1.693102885,
        "time_eval": 14.600146882,
        "initial_status": {
            "loss": {
                "L": 166050670000000000,
                "Lp": 0.9335905,
                "Lv": 166050670000000000,
                "Lreg": 5.7386526e-8,
                "Linv": -19.571428
            },
            "Hp": 1.6459723,
            "Hpnet": 2.5795655
        },
        "losses": [
            104805740000000000,
            220067840000000000,
            163314200000000000,
            220718150000000000,
            220916040000000000,
            59220070000000000,
            59220070000000000,
            220911330000000000,
            220915920000000000,
            26547347000000000,
            220915970000000000,
            26547347000000000,
            220915970000000000,
            220911400000000000,
            220911400000000000,
            220067900000000000,
            215506750000000000,
            59220070000000000,
            220916100000000000,
            220916100000000000,
            203357250000000000,
            26547347000000000,
            203357250000000000,
            220915970000000000,
            215506750000000000,
            220915610000000000,
            104805740000000000,
            220916100000000000,
            203357250000000000,
            220911330000000000,
            104805740000000000,
            215506680000000000,
            6636842000000000,
            59220070000000000,
            220915560000000000,
            26547347000000000,
            203357250000000000,
            6636842000000000,
            220911330000000000,
            26547347000000000,
            215506680000000000,
            26547347000000000,
            220067840000000000,
            220916040000000000,
            220911330000000000,
            220067840000000000,
            220718150000000000,
            220876320000000000,
            104805740000000000,
            6636842000000000,
            220718150000000000,
            203357250000000000,
            203357250000000000,
            220911330000000000,
            104805740000000000,
            215506680000000000,
            220916040000000000,
            220911330000000000,
            59220070000000000,
            220915920000000000,
            163314200000000000,
            203357250000000000,
            104805740000000000,
            203357250000000000,
            220718150000000000,
            26547347000000000,
            163314200000000000,
            215506680000000000,
            220718150000000000,
            220911330000000000,
            220718150000000000,
            104805740000000000,
            59220070000000000,
            26547347000000000,
            220915560000000000,
            220876320000000000,
            215506680000000000,
            220067840000000000,
            220718150000000000,
            215506680000000000,
            104805740000000000,
            59220070000000000,
            26547347000000000,
            220916040000000000,
            220911330000000000,
            163314200000000000,
            220876320000000000,
            203357250000000000,
            26547347000000000,
            220876320000000000,
            220915560000000000,
            6636842000000000,
            26547347000000000,
            215506680000000000,
            220067840000000000,
            220876320000000000,
            215506680000000000,
            59220070000000000,
            220718150000000000,
            220911330000000000,
            59220070000000000,
            220876320000000000,
            220915560000000000,
            104805740000000000,
            59220070000000000,
            220067840000000000,
            215506680000000000,
            220916040000000000,
            6636842000000000,
            6636842000000000,
            26547347000000000,
            220915920000000000,
            215506680000000000,
            26547347000000000,
            220911330000000000,
            220876320000000000,
            59220070000000000,
            26547347000000000,
            220067840000000000,
            220876320000000000,
            220067840000000000,
            220876320000000000,
            6636842000000000,
            6636842000000000,
            215506680000000000,
            220915560000000000,
            104805740000000000,
            215506680000000000,
            220876320000000000,
            203357250000000000,
            6636842000000000,
            203357250000000000,
            215506680000000000,
            220915920000000000,
            203357250000000000,
            203357250000000000,
            220067840000000000,
            59220070000000000,
            215506680000000000,
            220915920000000000,
            215506680000000000,
            220915920000000000,
            6636842000000000,
            59220070000000000,
            163314200000000000,
            220876320000000000,
            220915560000000000,
            220916040000000000,
            220915920000000000,
            26547347000000000,
            104805740000000000,
            26547347000000000,
            220067840000000000,
            220915920000000000,
            220876320000000000,
            220915560000000000,
            6636842000000000,
            220067840000000000,
            104805740000000000,
            6636842000000000,
            220915560000000000,
            203357250000000000,
            220916040000000000,
            220067840000000000,
            203357250000000000,
            220067840000000000,
            220067840000000000,
            26547347000000000,
            220067840000000000,
            6636842000000000,
            220915920000000000,
            163314200000000000,
            220718150000000000,
            220915560000000000,
            203357250000000000,
            203357250000000000,
            26547347000000000,
            220067840000000000,
            163314200000000000,
            104805740000000000,
            26547347000000000,
            104805740000000000,
            59220070000000000,
            220915920000000000,
            163314200000000000,
            6636842000000000,
            220915920000000000,
            220876320000000000,
            220718150000000000,
            203357250000000000,
            26547347000000000,
            220916040000000000,
            26547347000000000,
            220915560000000000,
            220876320000000000,
            220916040000000000,
            6636842000000000,
            163314200000000000,
            6636842000000000,
            220915920000000000,
            104805740000000000,
            163314200000000000,
            220911330000000000,
            26547347000000000,
            6636842000000000,
            220915920000000000,
            203357250000000000,
            203357250000000000,
            220911330000000000,
            59220070000000000,
            220916100000000000,
            220876390000000000,
            220067900000000000,
            163314200000000000,
            220718200000000000,
            6636842000000000,
            220915610000000000,
