{
    "perfs_self_play": {
        "time": 1653.264588895,
        "allocated": 2900204546032,
        "gc_time": 464.627521065
    },
    "perfs_memory_analysis": {
        "time": 5.93e-7,
        "allocated": 0,
        "gc_time": 0
    },
    "perfs_learning": {
        "time": 694.816973098,
        "allocated": 1108573574799,
        "gc_time": 128.168452376
    },
    "self_play": {
        "samples_gen_speed": 2.602548914385927,
        "average_exploration_depth": 2.2012942100726245,
        "mcts_memory_footprint": 215988256,
        "memory_size": 7000,
        "memory_num_distinct_boards": 6621
    },
    "memory": null,
    "learning": {
        "time_convert": 1.187938144,
        "time_loss": 11.879975716,
        "time_train": 48.186663992999996,
        "time_eval": 628.3537837409999,
        "initial_status": {
            "loss": {
                "L": 151711180000000,
                "Lp": 0.37759668,
                "Lv": 151821050000000,
                "Lreg": 0.042196292,
                "Linv": -6.814039e-11
            },
            "Hp": 2.6715806,
            "Hpnet": 3.04734
        },
        "losses": [
            516913230000,
            3378329400000,
            1791752500000,
            992280500000,
            83873950000000,
            1401188300000,
            1602723100000,
            1619928000000,
            921869300000,
            1203098000000,
            1691939400000,
            1113231600000,
            1325831000000,
            7832293300000,
            1927624900000,
            8774735000000,
            2826567400000,
            84124110000000,
            94737520000000,
            3404825000000,
            2594193000000,
            3076611400000,
            163412730000000,
            3126861000000,
            1105596460000000,
            462089200000000,
            88024160000000,
            3138574600000,
            1568436600000000,
            319273760000,
            2530681600000,
            2415311500000,
            8642281600000,
            1452049300000,
            35863564000000,
            810894200000,
            4848368500000,
            12935864000000,
            2876207800000,
            81985970000000,
            1566604500000000,
            5041238000000,
            7508451000000,
            3426336600000,
            1567538500000000,
            1568322200000000,
            2452187000000,
            6321092000000,
            1157044000000,
            2303736000000,
            634625460000,
            7518443500000,
            653357550000,
            82288310000000,
            81841900000000,
            1570909900000000,
            1585333100000,
            1235030100000,
            5553527500000,
            2933136800000,
            3016352600000,
            2994246000000,
            800731700000,
            2255342300000,
            1438943400000,
            6363709000000,
            84254690000000,
            3335304500000,
            97060500000000,
            61968853000000,
            763889800000,
            25105030000000,
            1476217000000,
            395999180000,
            1186928900000,
            676493400000,
            88250850000000,
            755237400000,
            10545612000000,
            2001612000000,
            102684790000000,
            1757192500000,
            1787782900000,
            2790945500000,
            1087182540000,
            1570809100000000,
            7364492700000,
            84308220000000,
            3657086300000,
            1567513500000000,
            958512600000,
            897997000000,
            1077453060000,
            630186100000,
            1742820200000,
            2181513300000,
            1254633100000,
            3753183000000,
            14266276000000,
            6148229400000,
            6456806000000,
            1569427200000000,
            12194100000000,
            517008060000,
            3378355600000,
            1791764000000,
            992366300000,
            83873780000000,
            1401261100000,
            1602894200000,
            1620032900000,
            922002900000,
            1203228600000,
            1692189700000,
            1113353000000,
            1325931600000,
            7832481600000,
            1927723500000,
            8774925400000,
            2826580800000,
            84123350000000,
            94736660000000,
            3404733600000,
            2594182800000,
            3076705700000,
            163412950000000,
            3126849400000,
            1105589340000000,
            462083100000000,
            88025000000000,
            3138577000000,
            1568436000000000,
            319253680000,
            2530692800000,
            2415131600000,
            8641912000000,
            1452075300000,
            35862537000000,
            810927100000,
            4848184000000,
            12935638000000,
            2876172700000,
            81986505000000,
            1566598300000000,
            5041171700000,
            7508290000000,
            3426183800000,
            1567535200000000,
            1568313200000000,
            2452237300000,
            6321066700000,
            1157156700000,
            2303922800000,
            634684050000,
            7518580400000,
            653465100000,
            82287960000000,
            81841810000000,
            1570906400000000,
            1585437200000,
            1234911000000,
            5553736000000,
            2932760400000,
            3016329000000,
            2994233100000,
            800706600000,
            2255343800000,
            1438881400000,
            6363366300000,
            84254770000000,
            3335128000000,
            97060460000000,
            61968644000000,
            763859900000,
            25105013000000,
            1476117100000,
            395963630000,
            1186969800000,
            676438340000,
            88250765000000,
            755148000000,
            10545691000000,
            2001579300000,
            102684290000000,
            1757186800000,
            1787807800000,
            2790935800000,
            1087152800000,
            1570814100000000,
            7364422400000,
            84307870000000,
            3657043000000,
            1567516900000000,
            958434700000,
            897923400000,
            1077451200000,
            630147600000,
            1742789100000,
            2181682200000,
            1254629200000,
            3753177300000,
            14266758000000,
            6148480000000,
            6456908700000,
            1569432700000000,
            12193980000000,
            516875100000,
            3378141000000,
            1791686300000,
            992328160000,
            83872960000000,
            1401212600000,
            1602724800000,
            1620106700000,
            921965170000,
            1203274600000,
            1692187000000,
            1113312200000,
            1325883700000,
            7832304000000,
            1927609800000,
            8774726700000,
            2826416200000,
            84122770000000,
            94736300000000,
            3404676000000,
            2594100000000,
            3076607700000,
            163412030000000,
            3126764800000,
            1105583400000000,
            462077000000000,
            88024885000000,
            3138508600000,
            1568429200000000,
            319262160000,
            2530820000000,
            2415195800000,
            8641957000000,
            1452193600000,
            35862314000000,
            811030200000,
            4848159300000,
            12935687000000,
            2876297000000,
            81988260000000,
            1566597400000000,
            5041422000000,
            7508265500000,
            3426125000000,
