{
    "perfs_self_play": {
        "time": 23.169224942,
        "allocated": 5378369240,
        "gc_time": 0.798262603
    },
    "perfs_memory_analysis": {
        "time": 6.14e-7,
        "allocated": 0,
        "gc_time": 0
    },
    "perfs_learning": {
        "time": 48.982384557,
        "allocated": 26134616112,
        "gc_time": 2.78073153
    },
    "self_play": {
        "samples_gen_speed": 18.211284551083843,
        "average_exploration_depth": 0.875,
        "mcts_memory_footprint": 1636320,
        "memory_size": 5460,
        "memory_num_distinct_boards": 5460
    },
    "memory": null,
    "learning": {
        "time_convert": 1.425185882,
        "time_loss": 20.712555553,
        "time_train": 1.723558915,
        "time_eval": 14.421950593,
        "initial_status": {
            "loss": {
                "L": 166050690000000000,
                "Lp": 0.9335904,
                "Lv": 166050690000000000,
                "Lreg": 8.772765e-6,
                "Linv": -19.57141
            },
            "Hp": 1.6459721,
            "Hpnet": 2.5795648
        },
        "losses": [
            220718150000000000,
            203357250000000000,
            220915560000000000,
            163314200000000000,
            203357250000000000,
            163314200000000000,
            220915920000000000,
            220911330000000000,
            215506680000000000,
            220876320000000000,
            104805740000000000,
            59220070000000000,
            215506680000000000,
            220916040000000000,
            220915970000000000,
            220876390000000000,
            220915610000000000,
            104805740000000000,
            220718200000000000,
            26547347000000000,
            104805740000000000,
            203357250000000000,
            220911400000000000,
            220915970000000000,
            215506750000000000,
            163314200000000000,
            163314200000000000,
            59220070000000000,
            220915970000000000,
            59220070000000000,
            203357250000000000,
            104805740000000000,
            220718200000000000,
            220067900000000000,
            220916100000000000,
            203357250000000000,
            220911400000000000,
            6636842000000000,
            220911330000000000,
            104805740000000000,
            59220070000000000,
            6636842000000000,
            6636842000000000,
            220718150000000000,
            220718150000000000,
            104805740000000000,
            59220070000000000,
            203357250000000000,
            59220070000000000,
            215506680000000000,
            59220070000000000,
            163314200000000000,
            220067840000000000,
            220915920000000000,
            220916040000000000,
            104805740000000000,
            203357250000000000,
            104805740000000000,
            26547347000000000,
            6636842000000000,
            104805740000000000,
            220915970000000000,
            203357250000000000,
            220915610000000000,
            220876390000000000,
            215506750000000000,
            220916100000000000,
            59220070000000000,
            220911400000000000,
            220911400000000000,
            220067900000000000,
            220911400000000000,
            220915970000000000,
            220911400000000000,
            220915970000000000,
            104805740000000000,
            203357250000000000,
            220915920000000000,
            6636842000000000,
            215506680000000000,
            59220070000000000,
            215506680000000000,
            203357250000000000,
            59220070000000000,
            220911330000000000,
            104805740000000000,
            215506680000000000,
            220915560000000000,
            220916040000000000,
            220876320000000000,
            104805740000000000,
            26547347000000000,
            220915920000000000,
            220718150000000000,
            220067900000000000,
            220876390000000000,
            220916100000000000,
            220911400000000000,
            220915610000000000,
            163314200000000000,
            59220070000000000,
            215506750000000000,
            220915610000000000,
            220916100000000000,
            220915610000000000,
            6636842000000000,
            104805740000000000,
            59220070000000000,
            220718200000000000,
            220915970000000000,
            220915920000000000,
            220718150000000000,
            215506680000000000,
            220915560000000000,
            59220070000000000,
            203357250000000000,
            26547347000000000,
            220915560000000000,
            220718150000000000,
            220718150000000000,
            220876320000000000,
            104805740000000000,
            220915920000000000,
            220911330000000000,
            220911330000000000,
            220915920000000000,
            220916100000000000,
            220911330000000000,
            6636842000000000,
            6636842000000000,
            220915560000000000,
            220718150000000000,
            220916040000000000,
            220876320000000000,
            6636842000000000,
            220916040000000000,
            59220070000000000,
            59220070000000000,
            59220070000000000,
            59220070000000000,
            59220070000000000,
            220876320000000000,
            220915920000000000,
            220718150000000000,
            220718150000000000,
            220915560000000000,
            220718150000000000,
            220916040000000000,
            220916040000000000,
            220067840000000000,
            203357250000000000,
            26547347000000000,
            26547347000000000,
            220911330000000000,
            220911330000000000,
            163314200000000000,
            220718150000000000,
            59220070000000000,
            220718150000000000,
            220916040000000000,
            59220070000000000,
            26547347000000000,
            104805740000000000,
            59220070000000000,
            163314200000000000,
            220916040000000000,
            6636842000000000,
            6636842000000000,
            220067840000000000,
            163314200000000000,
            215506680000000000,
            26547347000000000,
            163314200000000000,
            220067840000000000,
            26547347000000000,
            26547347000000000,
            220916040000000000,
            163314200000000000,
            215506680000000000,
            220718150000000000,
            220718150000000000,
            220718150000000000,
            220067840000000000,
            220916040000000000,
            203357250000000000,
            220915560000000000,
            59220070000000000,
            220876320000000000,
            163314200000000000,
            220067840000000000,
            215506680000000000,
            220718150000000000,
            163314200000000000,
            220915920000000000,
            220876320000000000,
            220718150000000000,
            220915920000000000,
            220915560000000000,
            203357250000000000,
            220916040000000000,
            220915560000000000,
            6636842000000000,
            104805740000000000,
            220067840000000000,
            203357250000000000,
            220718150000000000,
            215506680000000000,
            6636842000000000,
            6636842000000000,
            220915560000000000,
            59220070000000000,
            220916040000000000,
            215506680000000000,
            203357250000000000,
            26547347000000000,
            220876390000000000,
            220067900000000000,
