{
    "perfs_self_play": {
        "time": 1620.736815812,
        "allocated": 2986972976106,
        "gc_time": 474.515385874
    },
    "perfs_memory_analysis": {
        "time": 3.24e-7,
        "allocated": 0,
        "gc_time": 0
    },
    "perfs_learning": {
        "time": 764.702497521,
        "allocated": 1373025477968,
        "gc_time": 167.748477791
    },
    "self_play": {
        "samples_gen_speed": 2.503567025621932,
        "average_exploration_depth": 2.3821441331967663,
        "mcts_memory_footprint": 207539008,
        "memory_size": 7000,
        "memory_num_distinct_boards": 6348
    },
    "memory": null,
    "learning": {
        "time_convert": 1.100187945,
        "time_loss": 11.131489017,
        "time_train": 49.174378927,
        "time_eval": 698.356718297,
        "initial_status": {
            "loss": {
                "L": 1021.7032,
                "Lp": 0.47190347,
                "Lv": 1006.5351,
                "Lreg": 0.00067718705,
                "Linv": -8.9177377e-10
            },
            "Hp": 2.4048007,
            "Hpnet": 2.9063885
        },
        "losses": [
            4.126599,
            53.492695,
            2.0622633,
            1.3910289,
            28.168213,
            3.1757064,
            1.8394265,
            217.5324,
            2.2523234,
            1.8988672,
            3.690705,
            4.13406,
            8.036397,
            14.849943,
            0.9091461,
            4.975794,
            91.874825,
            1.2096156,
            182.69691,
            1.6847231,
            1.4632841,
            2.7313948,
            3.3009715,
            51.364136,
            12.241145,
            162.48021,
            37.410633,
            2.9683065,
            3.0006614,
            51.51066,
            5.4310246,
            211.40474,
            820.2717,
            3.76948,
            814.0282,
            206.19731,
            159.9933,
            8.342639,
            14490.264,
            52.809708,
            107.431755,
            29.331778,
            9.188657,
            5.411571,
            9.175358,
            5.1486,
            8.724825,
            7.400834,
            2.723371,
            155.53993,
            5.7292566,
            311.16827,
            10.313107,
            5.7154083,
            3.7069855,
            49.09375,
            5.3269506,
            4.7797623,
            5.131972,
            4.98516,
            4.468036,
            218.43935,
            223.80344,
            5.665097,
            2.2095683,
            5.4773064,
            352.73306,
            3.8504903,
            148.79675,
            38752.266,
            47.90052,
            6.5547876,
            109.626236,
            9.76843,
            8.096284,
            21.940475,
            7.5295854,
            5.6284647,
            4.7962546,
            210.07903,
            830.2965,
            19.214798,
            4.054896,
            17.87077,
            9.792766,
            7.415582,
            48.26522,
            7.964432,
            158.11484,
            11.806083,
            38701.566,
            212.2059,
            29.121393,
            7.3771415,
            10.87999,
            15.294735,
            8.754976,
            24.754232,
            251.20284,
            11.024571,
            58.616596,
            4.7931366,
            2.4568315,
            28.626287,
            6.407526,
            3.2144082,
            218.55775,
            2.692299,
            2.6042747,
            2.8663766,
            4.0519986,
            9.12964,
            16.435518,
            0.86761063,
            5.7398143,
            96.5469,
            1.113453,
            176.00859,
            1.3763684,
            1.7617292,
            2.7170846,
            3.048061,
            53.31463,
            13.680402,
            160.1443,
            37.76404,
            2.881323,
            3.101685,
            53.258057,
            6.592802,
            211.42366,
            825.4246,
            3.4919362,
            798.28406,
            206.70532,
            158.14389,
            8.563068,
            14375.127,
            55.305878,
            106.23187,
            31.344406,
            13.679539,
            7.2066607,
            11.582253,
            6.8175697,
            10.930904,
            10.594594,
            4.127317,
            157.25272,
            8.509966,
            308.95877,
            13.040396,
            7.6889634,
            4.884418,
            49.102734,
            7.110759,
            6.332021,
            6.946705,
            5.5244102,
            5.433034,
            218.56807,
            223.09512,
            5.7536364,
            2.3669045,
            6.1413026,
            355.03113,
            4.458796,
            150.60013,
            38623.44,
            48.974815,
            6.7945995,
            111.030266,
            11.016089,
            7.6398907,
            23.057999,
            6.807678,
            6.253614,
            4.165499,
            211.39668,
            821.9429,
            18.111897,
            3.9931688,
            18.291836,
            8.601604,
            6.7207007,
            48.87784,
            7.4037547,
            157.9014,
            10.479143,
            38555.227,
            211.97229,
            29.821602,
            7.164574,
            11.999773,
            15.48108,
            9.13676,
            24.86306,
            253.16609,
            12.202421,
            61.019722,
            5.208585,
            2.8507361,
            28.965437,
            6.689663,
            3.2276292,
            219.28268,
            2.724635,
            2.454377,
            2.7258253,
            4.0105247,
            9.878137,
            18.345432,
            0.8860659,
            6.024575,
            98.45871,
            1.2263416,
            176.77492,
            1.7643907,
            2.490586,
            2.938255,
            3.2143836,
            53.857243,
            14.508952,
            159.4557,
            37.65722,
            3.197421,
            3.3078876,
            53.379444,
            7.0142484,
            211.24329,
            825.0625,
            3.7253823,
            791.7556,
            206.80829,
            157.9337,
            8.60753,
            14293.84,
            56.11209,
            106.5971,
            31.67413,
            16.772703,
            8.526819,
            13.81253,
            8.17583,
            12.620121,
            12.694972,
            5.034763,
            157.80841,
            10.573195,
            308.75443,
            16.041567,
            10.225941,
            6.786868,
            48.961025,
            10.226419,
            8.849822,
            9.956607,
            6.896468,
            8.005937,
            218.78712,
            219.397,
            7.212403,
            3.7275527,
            9.084077,
            349.1249,
            6.7274175,
            148.39261,
            38403.918,
            46.84268,
            8.507182,
            107.67406,
            15.610829,
            10.845935,
            24.733973,
            10.8099,
            7.502082,
            6.9477243,
            207.86691,
            803.47095,
            19.436108,
            5.5858746,
            20.981579,
            13.522255,
            10.261551,
            47.893677,
            10.595584,
            157.73318,
            14.666528,
            38434.64,
            211.55498,
            28.67672,
            8.442774,
            15.830558,
            19.159004,
            10.924263,
            25.297586,
            255.02028
        ],
        "checkpoints": [
            {
                "batch_id": 99,