{
    "perfs_self_play": {
        "time": 1580.741436764,
        "allocated": 2881722144992,
        "gc_time": 442.792002433
    },
    "perfs_memory_analysis": {
        "time": 3.56e-7,
        "allocated": 0,
        "gc_time": 0
    },
    "perfs_learning": {
        "time": 674.027484519,
        "allocated": 1115621678175,
        "gc_time": 126.706648147
    },
    "self_play": {
        "samples_gen_speed": 2.685278465118205,
        "average_exploration_depth": 2.20367110237997,
        "mcts_memory_footprint": 213082272,
        "memory_size": 7000,
        "memory_num_distinct_boards": 6613
    },
    "memory": null,
    "learning": {
        "time_convert": 1.130147781,
        "time_loss": 10.082051355,
        "time_train": 48.055545163,
        "time_eval": 609.5059060250001,
        "initial_status": {
            "loss": {
                "L": 539093500000000,
                "Lp": 0.25303635,
                "Lv": 535680640000000,
                "Lreg": 0.025013864,
                "Linv": -3.834709e-10
            },
            "Hp": 2.6998215,
            "Hpnet": 2.971159
        },
        "losses": [
            7418925000000000,
            17850020000000,
            681298100000000,
            2251870700000,
            283690370000,
            932141860000,
            9508489000000,
            9086501000000,
            7441278300000000,
            990793960000,
            946839200000,
            1782434900000,
            11843044000000,
            13305504000000,
            1251352600000,
            19006356000000,
            418186230000,
            9140948000000,
            3400232900000,
            14916362000000,
            384503120000,
            4115978500000,
            635932300000,
            3279027400000,
            2213255000000,
            37795385000000,
            1700443300000000,
            8567527000000,
            3841794500000,
            1184899400000,
            696974050000,
            2142084500000,
            1014069900000,
            644621600000,
            1700061100000,
            12096885000000,
            373733030000,
            302354170000,
            2614479300000,
            837970760000,
            8757948000000,
            1750616200000,
            8175684000000,
            884338700000,
            454786450000,
            8674100000000,
            43781626000000,
            579490700000,
            1089880850000,
            1392599000000,
            2150389300000,
            2952816000000,
            6183831700000,
            2391900000000,
            35520533000000,
            7450813000000000,
            664370800000,
            397547670000,
            35487373000000,
            10347536000000,
            47814880000000,
            1344110700000,
            272934270000,
            4409414600000,
            8538998000000,
            15418274000000,
            9996268000000,
            904610500000,
            5860713600000,
            513395800000,
            5765962000000,
            3445837000000,
            43309600000000,
            38168760000000,
            1444261700000,
            9279694000000,
            8007221000000,
            2523363500000,
            5843496000000,
            7442318000000000,
            39613360000000,
            699589200000,
            36185300000000,
            7900419000000,
            583971640000,
            3890894600000,
            467346980000,
            7222821000000,
            4742784000000,
            1122609900000,
            130026595000000,
            8337435000000,
            57857380000000,
            804212240000,
            7422970000000000,
            7415385600000000,
            2048413800000,
            36120616000000,
            493064400000,
            1105977500000,
            5816618000000,
            7424353500000000,
            22063656000000,
            7418925000000000,
            17850190000000,
            681300000000000,
            2251896700000,
            283662220000,
            932145200000,
            9507947000000,
            9086451000000,
            7441273000000000,
            990752200000,
            946825460000,
            1782366200000,
            11842322000000,
            13305446000000,
            1251429000000,
            19006132000000,
            418247800000,
            9140984000000,
            3400325100000,
            14916351000000,
            384507770000,
            4115824400000,
            635950860000,
            3278730700000,
            2213252200000,
            37795650000000,
            1700429600000000,
            8567655500000,
            3842026500000,
            1185075800000,
            697109600000,
            2141966000000,
            1014245360000,
            644703400000,
            1700175300000,
            12097514000000,
            373727100000,
            302442680000,
            2614624300000,
            838162700000,
            8758227000000,
            1750887000000,
            8176418000000,
            884489450000,
            454922240000,
            8674929000000,
            43782340000000,
            579604000000,
            1090147900000,
            1392852500000,
            2150572900000,
            2953098600000,
            6184000000000,
            2392290500000,
            35521290000000,
            7450834600000000,
            664575500000,
            397626600000,
            35487868000000,
            10348217000000,
            47816806000000,
            1344335400000,
            273004430000,
            4409594000000,
            8539412000000,
            15418840000000,
            9996932000000,
            904706300000,
            5860786400000,
            513505600000,
            5766368000000,
            3445881800000,
            43310933000000,
            38169366000000,
            1444377100000,
            9279775000000,
            8007375000000,
            2523482300000,
            5843605500000,
            7442331700000000,
            39613850000000,
            699660800000,
            36186530000000,
            7900403600000,
            583856750000,
            3890803000000,
            467244780000,
            7222178300000,
            4742777400000,
            1122446200000,
            130024840000000,
            8336985600000,
            57855980000000,
            804015440000,
            7422954400000000,
            7415384000000000,
            2048266600000,
            36121036000000,
            493095200000,
            1105996200000,
            5816650000000,
            7424346500000000,
            22063828000000,
            7418914400000000,
            17849788000000,
            681296300000000,
            2251872800000,
            283708720000,
            932156000000,
            9507886000000,
            9086373000000,
            7441270000000000,
            990790600000,
            946809860000,
            1782428900000,
            11842805000000,
            13305640000000,
            1251293400000,
            19005983000000,
            418086100000,
            9140823000000,
            3400116700000,
            14916363000000,
            384444430000,
            4115968000000,
            635837600000,
            3278825600000,
            2213272000000,
            37795574000000,
            1700450600000000,
            8567649000000,
            3841784000000,
            1184855900000,
            696900700000,
            2142044800000,
            1014067800000,
            644599250000,
            1700053500000,
            12096944000000,
            373732180000,
            302330840000,
            2614407200000,
            837991200000,
            8757975000000,
            1750719100000,
            8175806300000,
            884419850000,
            454766500000,
            8673848500000,
