{
    "perfs_self_play": {
        "time": 999.837749104,
        "allocated": 1923884014581,
        "gc_time": 339.141144151
    },
    "perfs_memory_analysis": {
        "time": 2.64e-7,
        "allocated": 0,
        "gc_time": 0
    },
    "perfs_learning": {
        "time": 479.328505289,
        "allocated": 789689585993,
        "gc_time": 114.240312758
    },
    "self_play": {
        "samples_gen_speed": 2.38215881776298,
        "average_exploration_depth": 1.9427070150357846,
        "mcts_memory_footprint": 328624992,
        "memory_size": 2378,
        "memory_num_distinct_boards": 2113
    },
    "memory": null,
    "learning": {
        "time_convert": 0.665927239,
        "time_loss": 4.281325316,
        "time_train": 40.483421242999995,
        "time_eval": 430.382080068,
        "initial_status": {
            "loss": {
                "L": 0.06948913,
                "Lp": 0.04205503,
                "Lv": 0.026481671,
                "Lreg": 0.00031656597,
                "Linv": 1.3822803e-9
            },
            "Hp": 3.2051556,
            "Hpnet": 3.2378879
        },
        "losses": [
            0.082341544,
            0.12281789,
            0.13603702,
            0.014262758,
            0.1192925,
            0.06595662,
            0.0637185,
            0.08882961,
            0.10327692,
            0.092857964,
            0.07087658,
            0.08780803,
            -0.003910173,
            0.15030721,
            0.113182746,
            0.10641111,
            0.096039,
            0.09325854,
            0.12071088,
            0.12159437,
            0.027455831,
            0.072994195,
            -0.00053917157,
            0.07231024,
            0.07372183,
            0.05809838,
            0.024702227,
            0.017540049,
            0.024536267,
            -0.008870388,
            0.048450008,
            0.084730685,
            0.07872605,
            0.09407201,
            0.06404537,
            0.11958194,
            0.017232183,
            0.099500895,
            0.05258024,
            0.0584718,
            0.08884902,
            0.0999288,
            0.08665616,
            0.065300494,
            0.084599525,
            -0.006392027,
            0.15064283,
            0.11093281,
            0.10249941,
            0.09929498,
            0.09061499,
            0.12036435,
            0.120504506,
            0.023299433,
            0.07122821,
            -0.0019676771,
            0.07067524,
            0.06596612,
            0.060837783,
            0.026807807,
            0.00870694,
            0.026120927,
            -0.009631793,
            0.045788277,
            0.0853431,
            0.07878531,
            0.08479593,
            0.27638605,
            0.113602065,
            0.011401489,
            0.104043946,
            0.05476066,
            0.053388447,
            0.08787419,
            0.09941258,
            0.08641081,
            0.06553801,
            0.08462987,
            -0.009889535,
            0.14945336,
            0.11041792,
            0.10246697,
            0.094177045,
            0.0907947,
            0.1200127,
            0.12066569,
            0.024214385,
            0.07114999,
            -0.0019320057,
            0.070355244,
            0.06800679,
            0.057429593,
            0.024495872,
            0.009949893,
            0.023737023,
            -0.009587332,
            0.04646849,
            0.08509266,
            0.07854166
        ],
        "checkpoints": [
            {
                "batch_id": 33,
                "evaluation": {
                    "legend": "Most recent NN versus best NN so far",
                    "avgr": -0.25,
                    "redundancy": 0,
                    "rewards": [
                        -1,
                        -1,
                        -1,
                        -1,
                        -1,
                        -1,
                        -1,
                        -1,
                        -1,
                        -1,
                        -1,
                        -1,
                        -1,
                        -1,
                        -1,
                        -1,
                        -1,
                        -1,
                        -1,
                        -1,
                        -1,
                        -1,
                        -1,
                        -1,
                        -1,
                        -1,
                        -1,
                        -1,
                        -1,
                        -1,
                        -1,
                        -1
                    ],
                    "baseline_rewards": [
                        0,
                        -1,
                        -1,
                        -1,
                        -1,
                        -1,
                        0,
                        -1,
                        0,
                        0,
                        -1,
                        -1,
                        -1,
                        0,
                        -1,
                        -1,
                        -1,
                        -1,
                        0,
                        -1,
                        -1,
                        -1,
                        -1,
                        0,
                        -1,
                        -1,
                        0,
                        -1,
                        -1,
                        -1,
                        -1,
                        -1
                    ],
                    "time": 144.83653970199998
                },
                "status_after": {
                    "loss": {
                        "L": 0.06896999,
                        "Lp": 0.04108054,
                        "Lv": 0.026904223,
                        "Lreg": 0.0003068495,
                        "Linv": 1.0897909e-9
                    },
                    "Hp": 3.2051556,
                    "Hpnet": 3.247202
                },
                "nn_replaced": false
            },
            {
                "batch_id": 66,
                "evaluation": {
                    "legend": "Most recent NN versus best NN so far",
                    "avgr": -0.0625,
                    "redundancy": 0,
                    "rewards": [
                        -1,
                        -1,
                        -1,
                        -1,
                        0,
                        -1,
                        -1,
                        -1,
                        -1,
                        -1,
                        -1,
                        -1,
                        -1,
                        -1,
                        -1,
                        -1,
                        -1,
                        -1,
                        -1,
                        -1,
                        -1,
                        -1,
                        -1,
                        -1,
                        -1,
                        -1,
                        -1,
                        -1,
                        -1,
                        -1,
                        -1,
                        -1
                    ],