{
    "perfs_self_play": {
        "time": 794.248626602,
        "allocated": 1504308919691,
        "gc_time": 255.97609214
    },
    "perfs_memory_analysis": {
        "time": 2.67e-7,
        "allocated": 0,
        "gc_time": 0
    },
    "perfs_learning": {
        "time": 215.977791207,
        "allocated": 417964114973,
        "gc_time": 57.312179401
    },
    "self_play": {
        "samples_gen_speed": 2.281079274475906,
        "average_exploration_depth": 1.8720775981419324,
        "mcts_memory_footprint": 217013312,
        "memory_size": 1809,
        "memory_num_distinct_boards": 1532
    },
    "memory": null,
    "learning": {
        "time_convert": 0.565811736,
        "time_loss": 3.131677633,
        "time_train": 38.394586552,
        "time_eval": 171.17963654800002,
        "initial_status": {
            "loss": {
                "L": 0.13058648,
                "Lp": 0.030897692,
                "Lv": 0.09853988,
                "Lreg": 0.00038764646,
                "Linv": -2.3357313e-10
            },
            "Hp": 3.3028688,
            "Hpnet": 3.3314955
        },
        "losses": [
            0.10117377,
            0.17003463,
            0.05681189,
            0.21335138,
            0.30051538,
            0.13828625,
            0.04700115,
            0.0068613635,
            0.23048067,
            0.16945325,
            0.028735124,
            0.2542224,
            0.2066825,
            0.18434818,
            0.06662389,
            0.16077544,
            0.053246975,
            0.08218579,
            0.3212296,
            0.04880876,
            0.1397229,
            0.30130383,
            0.07834293,
            0.10219119,
            0.0906279,
            0.04617721,
            0.21027839,
            0.3223932,
            0.1276496,
            0.042343967,
            0.0055112713,
            0.23021173,
            0.16920824,
            0.026910216,
            0.2513672,
            0.19243374,
            0.18201558,
            0.06480825,
            0.14376272,
            0.053381115,
            0.0826095,
            0.28939405,
            0.04784115,
            0.13038063,
            0.29106212,
            0.07749183,
            0.10136262,
            0.08455718,
            0.044993423,
            0.2109441,
            0.3183714,
            0.12632468,
            0.042113554,
            0.005520507,
            0.21363953,
            0.169917,
            0.025615454,
            0.2452305,
            0.14502642,
            0.15993153,
            0.06632283,
            0.11042369,
            0.03506621,
            0.08185013,
            0.2340976,
            0.047857065,
            0.10582239,
            0.26856396,
            0.07727774
        ],
        "checkpoints": [
            {
                "batch_id": 23,
                "evaluation": {
                    "legend": "Most recent NN versus best NN so far",
                    "avgr": 0,
                    "redundancy": 0,
                    "rewards": [
                        -1,
                        -1,
                        -1,
                        -1,
                        -1,
                        -1,
                        -1,
                        -1,
                        -1,
                        -1,
                        -1,
                        -1,
                        -1,
                        -1,
                        -1,
                        -1,
                        -1,
                        -1,
                        -1,
                        -1,
                        -1,
                        -1,
                        -1,
                        -1,
                        -1,
                        -1,
                        -1,
                        -1,
                        -1,
                        -1,
                        -1,
                        -1
                    ],
                    "baseline_rewards": [
                        -1,
                        -1,
                        -1,
                        -1,
                        -1,
                        -1,
                        -1,
                        -1,
                        -1,
                        -1,
                        -1,
                        -1,
                        -1,
                        -1,
                        -1,
                        -1,
                        -1,
                        -1,
                        -1,
                        -1,
                        -1,
                        -1,
                        -1,
                        -1,
                        -1,
                        -1,
                        -1,
                        -1,
                        -1,
                        -1,
                        -1,
                        -1
                    ],
                    "time": 48.177554098
                },
                "status_after": {
                    "loss": {
                        "L": 0.135339,
                        "Lp": 0.031464208,
                        "Lv": 0.10277406,
                        "Lreg": 0.0003663624,
                        "Linv": 1.1105917e-9
                    },
                    "Hp": 3.3028688,
                    "Hpnet": 3.331108
                },
                "nn_replaced": false
            },
            {
                "batch_id": 46,
                "evaluation": {
                    "legend": "Most recent NN versus best NN so far",
                    "avgr": 0.125,
                    "redundancy": 0,
                    "rewards": [
                        -1,
                        1,
                        -1,
                        -1,
                        -1,
                        -1,
                        -1,
                        -1,
                        -1,
                        -1,
                        -1,
                        -1,
                        -1,
                        -1,
                        -1,
                        -1,
                        -1,
                        -1,
                        -1,
                        -1,
                        -1,
                        -1,
                        -1,
                        -1,
                        -1,
                        -1,
                        -1,
                        -1,
                        -1,
                        -1,
                        -1,
                        1
                    ],
                    "baseline_rewards": [
                        -1,
                        -1,
                        -1,
                        -1,
                        -1,
                        -1,
                        -1,
                        -1,
                        -1,
                        -1,
                        -1,
                        -1,
                        -1,
                        -1,
                        -1,
                        -1,
                        -1,
                        -1,
                        -1,
                        -1,
                        -1,
                        -1,
                        -1,
                        -1,
                        -1,
                        -1,
                        -1,
                        -1,
                        -1,
                        -1,
                        -1,
                        -1
                    ],
                    "time": 60.809752551
                },
                "status_after": {
                    "loss": {
                        "L": 0.12228369,
                        "Lp": 0.031137912,
                        "Lv": 0.090058014,
                        "Lreg": 0.00033235544,
                        "Linv": 2.8473655e-9
                    },
                    "Hp": 3.3028688,