{
    "perfs_self_play": {
        "time": 1274.265036701,
        "allocated": 2502300443550,
        "gc_time": 431.196972772
    },
    "perfs_memory_analysis": {
        "time": 2.4e-7,
        "allocated": 0,
        "gc_time": 0
    },
    "perfs_learning": {
        "time": 622.822760764,
        "allocated": 1038894561187,
        "gc_time": 139.462672953
    },
    "self_play": {
        "samples_gen_speed": 2.5775509836815176,
        "average_exploration_depth": 2.173801003080872,
        "mcts_memory_footprint": 191118208,
        "memory_size": 7000,
        "memory_num_distinct_boards": 6451
    },
    "memory": null,
    "learning": {
        "time_convert": 0.920366913,
        "time_loss": 15.062476036,
        "time_train": 15.575965387999998,
        "time_eval": 585.6667571329999,
        "initial_status": {
            "loss": {
                "L": 346.5658,
                "Lp": 0.3701501,
                "Lv": 346.56866,
                "Lreg": 0.00029918924,
                "Linv": 1.633881e-9
            },
            "Hp": 2.59241,
            "Hpnet": 2.9745965
        },
        "losses": [
            7.898913,
            3.7247238,
            11.659187,
            13.449976,
            3.3998191,
            170.78947,
            3.91621,
            4342.2944,
            199.2235,
            3.6243503,
            6.055788,
            6.735841,
            20.797546,
            13.426291,
            5.700268,
            9.359648,
            12.852857,
            15.7976055,
            13.961283,
            36.30517,
            6.083595,
            3.3140237,
            14.114039,
            4367.6616,
            4360.489,
            4342.948,
            8.183207,
            10.843809,
            8.660766,
            13.604004,
            22.815441,
            11.951524,
            23.826159,
            14.234341,
            14.4374,
            55.45161,
            15.514843,
            22.972406,
            14.417356,
            4298.039,
            9.803895,
            9.557571,
            43.468624,
            13.171246,
            12.229304,
            12.7268915,
            13.624849,
            2593.7068,
            6.641333,
            49.134468,
            12.448497,
            8.376097,
            16.096928,
            30.81266,
            1283.4752,
            13.296218,
            8.0190935,
            9.440891,
            14.614525,
            4.7597394,
            16.693565,
            2535.151,
            17.64497,
            147.49207,
            15.611652,
            10.545603,
            9.068585,
            5.1522675,
            8.807881,
            7.311792,
            6.7129564,
            10.094155,
            19.2353,
            14.834257,
            7.600402,
            17.446415,
            26.543816,
            7.9263773,
            4.246546,
            139.30258,
            2.8421323,
            5.08134,
            27.434404,
            4.513428,
            486.8815,
            9.03893,
            3.5573375,
            138.00995,
            9.781572,
            4.9199066,
            12.492569,
            7.082883,
            11.113958,
            4.497289,
            4365.1704,
            6.3700967,
            3.5087473,
            11.343456,
            89.82025,
            75.74118,
            7.468592,
            3.3995624,
            9.388464,
            15.857804,
            2.2936575,
            187.08351,
            3.145256,
            4352.7007,
            213.40695,
            3.3249247,
            5.6386375,
            6.441153,
            21.82697,
            13.102325,
            4.1624336,
            9.460784,
            13.069269,
            16.627016,
            12.949055,
            40.747574,
            5.829549,
            3.838249,
            13.5778885,
            4367.8394,
            4348.8594,
            4333.9556,
            9.594392,
            10.573948,
            7.6725917,
            14.250063,
            22.111732,
            11.183007,
            20.401379,
            13.013795,
            14.407816,
            55.590164,
            14.500159,
            23.97636,
            15.606793,
            4291.752,
            11.138339,
            9.719323,
            45.42836,
            15.217149,
            12.136788,
            13.46726,
            14.2720585,
            2571.702,
            8.270762,
            50.211033,
            13.542274,
            9.41985,
            16.070124,
            30.226475,
            1274.2253,
            14.393434,
            9.23486,
            11.302199,
            15.243859,
            5.920383,
            17.674063,
            2523.7498,
            17.433271,
            147.65457,
            15.936921,
            11.295421,
            9.313079,
            5.698689,
            9.147494,
            7.95487,
            7.9527287,
            10.126392,
            19.620798,
            16.17052,
            9.575087,
            17.309181,
            26.292576,
            7.998297,
            6.370079,
            134.75896,
            3.5165966,
            5.895989,
            25.633743,
            5.837316,
            478.77643,
            10.74619,
            4.2101316,
            145.29556,
            8.697103,
            4.5056086,
            11.894994,
            6.483708,
            10.48402,
            4.5466547,
            4316.5747,
            6.3684735,
            2.9449964,
            13.048665,
            94.20458,
            79.34862,
            6.3391104,
            2.8338091,
            9.89407,
            15.34261,
            2.3216689,
            180.76031,
            3.0353005,
            4339.595,
            209.43915,
            2.5772212,
            5.327095,
            6.466592,
            20.884335,
            13.50369,
            3.9462824,
            8.83697,
            11.781971,
            16.002357,
            12.610653,
            40.486607,
            5.514048,
            3.262909,
            13.478412,
            4363.271,
            4345.2593,
            4331.113,
            8.894654,
            10.973333,
            7.6553535,
            13.767793,
            22.043173,
            11.119671,
            20.380497,
            12.574539,
            13.911805,
            55.603905,
            14.221785,
            23.956104,
            15.655586,
            4286.1245,
            11.148178,
            9.643363,
            45.63436,
            15.344691,
            11.859432,
            13.631242,
            14.5072155,
            2568.5522,
            8.200657,
            50.16617,
            13.205383,
            9.579146,
            15.605736,
            30.47162,
            1267.5414,
            14.176554,
            9.002128,
            11.281764,
            15.432247,
            6.1753874,
            18.12556,
            2512.8657,
            17.287127,
            148.75822,
            15.876228,
            11.468756,
            9.314369,
            5.6682405,
            9.071012,
            7.573343,
            7.256359,
            9.943257,
            19.279188,
            15.643562,
            8.791258,
            17.466219,
            27.934612,
            7.9612203,
            6.1871057,
            138.53908,
            3.4624202,
            5.2438607,
            25.172922,
            5.5853524,
            475.09207,
            10.6350565,
            4.4368815,
            144.81648,
            9.131751,
            4.327124,
            11.637102,
            6.388212,
            10.145,
            4.6431384,
            4316.7144,
            6.033545,
            3.0048833,
            12.930263,
            94.46946,
            78.654106
        ],