{
    "perfs_self_play": {
        "time": 1353.584886454,
        "allocated": 2765256303349,
        "gc_time": 439.882696611
    },
    "perfs_memory_analysis": {
        "time": 3.7e-7,
        "allocated": 0,
        "gc_time": 0
    },
    "perfs_learning": {
        "time": 644.831002286,
        "allocated": 1112806170393,
        "gc_time": 131.185842388
    },
    "self_play": {
        "samples_gen_speed": 2.910566404256201,
        "average_exploration_depth": 2.196658257620468,
        "mcts_memory_footprint": 215022912,
        "memory_size": 7000,
        "memory_num_distinct_boards": 6545
    },
    "memory": null,
    "learning": {
        "time_convert": 0.869658828,
        "time_loss": 11.821581534000002,
        "time_train": 11.909178414,
        "time_eval": 616.547961225,
        "initial_status": {
            "loss": {
                "L": 31169527000000000,
                "Lp": 0.39055485,
                "Lv": 31025832000000000,
                "Lreg": 0.13237825,
                "Linv": 1.4413878e-9
            },
            "Hp": 2.7018723,
            "Hpnet": 3.0920994
        },
        "losses": [
            564595800000,
            5394212000000,
            1374861300000,
            853913040000,
            223164990000000000,
            6339212000000,
            223183750000000000,
            9614072000000,
            223170130000000000,
            11440574000000,
            7147065700000,
            9723913000000,
            1748925700000,
            6965974000000,
            10973091000000,
            572371800000,
            5263242300000,
            223067770000000000,
            42278823000000,
            275148000000,
            1330760300000000,
            223129100000000000,
            7426953000000,
            515240200000,
            48840535000000,
            6783530000000,
            788575400000,
            42696677000000,
            1342039700000000,
            964315100000,
            1172713000000,
            1034905100000,
            774102500000,
            820000800000,
            6256590000000,
            1450319800000,
            4195368000000,
            12759817000000,
            5935203400000,
            429877850000,
            32179944000000,
            534817770000,
            5876627300000,
            1908079700000,
            223068370000000000,
            706138200000,
            1572654200000,
            223189370000000000,
            8128428000000,
            13244635000000,
            47430326000000,
            254538370000000,
            1211835700000,
            223208660000000000,
            5447319000000,
            48043567000000,
            42950038000000,
            1247164800000,
            335357400000,
            17958200000000,
            8013206000000,
            1346250100000,
            13193483000000,
            1288935600000,
            1214152700000,
            6487595000000,
            11819173000000,
            7640374600000,
            42507890000000000,
            6326312000000,
            223139550000000000,
            6300371500000,
            781071000000,
            5869721000000,
            7225562000000,
            223183850000000000,
            823028500000,
            223171280000000000,
            223182530000000000,
            9707533000000,
            6067399000000,
            630656600000,
            590107300000,
            1342289900000000,
            223127800000000000,
            6354394700000,
            2061026500000,
            6206803000000,
            1804094000000,
            7082094000000,
            1326234300000,
            5015639000000,
            8503920400000,
            8936807000000,
            4071868900000,
            1854677800000,
            1314723200000,
            2979165600000,
            1183827600000,
            223130290000000000,
            1332166100000000,
            2871335000000,
            564815300000,
            5394767000000,
            1374905200000,
            853656500000,
            223165020000000000,
            6338848500000,
            223183710000000000,
            9613529000000,
            223170130000000000,
            11440864000000,
            7147043700000,
            9723789000000,
            1748748200000,
            6965647000000,
            10972789000000,
            572414200000,
            5263329300000,
            223067720000000000,
            42277846000000,
            274965270000,
            1330766600000000,
            223129030000000000,
            7426823000000,
            515235020000,
            48840100000000,
            6782879000000,
            788535700000,
            42696807000000,
            1342030000000000,
            964294400000,
            1172689100000,
            1034862800000,
            774137600000,
            820049200000,
            6256833600000,
            1450293900000,
            4195236000000,
            12759780000000,
            5935049000000,
            429905180000,
            32180493000000,
            534828880000,
            5876650000000,
            1908093000000,
            223068330000000000,
            706249360000,
            1572677600000,
            223189330000000000,
            8128610000000,
            13244390000000,
            47430557000000,
            254539140000000,
            1211959200000,
            223208520000000000,
            5447445600000,
            48043980000000,
            42950034000000,
            1247202400000,
            335451030000,
            17958460000000,
            8013703300000,
            1346239900000,
            13194562000000,
            1289022600000,
            1214288400000,
            6488148000000,
            11819381000000,
            7640729500000,
            42507900000000000,
            6326339500000,
            223139480000000000,
            6300250400000,
            781052600000,
            5869656300000,
            7225512000000,
            223183850000000000,
            822962950000,
            223171240000000000,
            223182530000000000,
            9707235000000,
            6067583000000,
            630588400000,
            590092200000,
            1342290800000000,
            223127760000000000,
            6354388400000,
            2060973400000,
            6206960000000,
            1804040100000,
            7082044000000,
            1326236600000,
            5015122000000,
            8504028000000,
            8936894000000,
            4071883000000,
            1854602600000,
            1314395300000,
            2979188400000,
            1183762900000,
            223130250000000000,
            1332165700000000,
            2871279200000,
            564768400000,
            5394574000000,
            1374824300000,
            853752300000,
            223164950000000000,
            6339084400000,
            223183710000000000,
            9613953000000,
            223170070000000000,
            11440524000000,
            7146995400000,
            9723674000000,
            1748826000000,
            6965687000000,
            10972394000000,
            572434350000,
            5263415000000,
            223067680000000000,
            42278270000000,
            274989840000,
            1330767300000000,
            223128960000000000,
            7426607000000,
            515212900000,
            48839646000000,
            6782548000000,
            788566840000,
            42696430000000,
            1342033400000000,
            964344800000,
            1172659500000,
            1034693840000,
            774140200000,
            820024250000,
            6256577000000,
            1450298300000,
            4195218000000,
            12759388000000,
            5935225000000,
            429878380000,
            32180978000000,
            534832580000,
