{
    "perfs_self_play": {
        "time": 21.318380848,
        "allocated": 5378153984,
        "gc_time": 0.780519684
    },
    "perfs_memory_analysis": {
        "time": 2.35e-7,
        "allocated": 0,
        "gc_time": 0
    },
    "perfs_learning": {
        "time": 46.981697984,
        "allocated": 24930385720,
        "gc_time": 3.021675308
    },
    "self_play": {
        "samples_gen_speed": 19.81015826753104,
        "average_exploration_depth": 0.875,
        "mcts_memory_footprint": 1636320,
        "memory_size": 5040,
        "memory_num_distinct_boards": 5040
    },
    "memory": null,
    "learning": {
        "time_convert": 1.359950164,
        "time_loss": 19.605795069000003,
        "time_train": 1.713234167,
        "time_eval": 14.194472173000001,
        "initial_status": {
            "loss": {
                "L": 166050670000000000,
                "Lp": 0.93359023,
                "Lv": 166050670000000000,
                "Lreg": 3.324972e-5,
                "Linv": -19.571388
            },
            "Hp": 1.6459732,
            "Hpnet": 2.5795646
        },
        "losses": [
            26547347000000000,
            220916040000000000,
            220067840000000000,
            6636842000000000,
            59220070000000000,
            220718150000000000,
            220915560000000000,
            6636842000000000,
            220718150000000000,
            215506680000000000,
            163314200000000000,
            220915610000000000,
            59220070000000000,
            220718200000000000,
            203357250000000000,
            220067900000000000,
            215506750000000000,
            220911400000000000,
            215506750000000000,
            220915610000000000,
            215506750000000000,
            220718200000000000,
            163314200000000000,
            203357250000000000,
            220067900000000000,
            220916100000000000,
            104805740000000000,
            220876390000000000,
            220911400000000000,
            6636842000000000,
            26547347000000000,
            220067840000000000,
            220067840000000000,
            220911330000000000,
            220718150000000000,
            220876320000000000,
            220911330000000000,
            220915920000000000,
            220916040000000000,
            220915560000000000,
            220911330000000000,
            220916040000000000,
            6636842000000000,
            6636842000000000,
            220916040000000000,
            104805740000000000,
            220067840000000000,
            220916100000000000,
            220067900000000000,
            6636842000000000,
            220718200000000000,
            203357250000000000,
            220911400000000000,
            220876390000000000,
            59220070000000000,
            6636842000000000,
            163314200000000000,
            220067900000000000,
            220915610000000000,
            104805740000000000,
            163314200000000000,
            220911400000000000,
            220067900000000000,
            220915560000000000,
            203357250000000000,
            220916040000000000,
            220911330000000000,
            215506680000000000,
            220067840000000000,
            220911330000000000,
            203357250000000000,
            26547347000000000,
            104805740000000000,
            220718150000000000,
            215506680000000000,
            104805740000000000,
            220876320000000000,
            220911330000000000,
            203357250000000000,
            6636842000000000,
            203357250000000000,
            163314200000000000,
            220915610000000000,
            163314200000000000,
            220915610000000000,
            203357250000000000,
            220915610000000000,
            220915610000000000,
            220915610000000000,
            26547347000000000,
            220915970000000000,
            220718200000000000,
            215506750000000000,
            220876320000000000,
            220067840000000000,
            220911330000000000,
            220718150000000000,
            220718150000000000,
            220718150000000000,
            26547347000000000,
            163314200000000000,
            6636842000000000,
            220718150000000000,
            220718150000000000,
            104805740000000000,
            220916040000000000,
            6636842000000000,
            220911330000000000,
            220915920000000000,
            220067840000000000,
            163314200000000000,
            6636842000000000,
            220916040000000000,
            26547347000000000,
            59220070000000000,
            220911330000000000,
            220915920000000000,
            220876320000000000,
            220911330000000000,
            163314200000000000,
            6636842000000000,
            215506680000000000,
            220916040000000000,
            220876320000000000,
            59220070000000000,
            220876320000000000,
            220915920000000000,
            203357250000000000,
            220915920000000000,
            220067840000000000,
            220718150000000000,
            26547347000000000,
            220915920000000000,
            163314200000000000,
            220915560000000000,
            26547347000000000,
            26547347000000000,
            59220070000000000,
            163314200000000000,
            26547347000000000,
            6636842000000000,
            220067840000000000,
            220911330000000000,
            220916040000000000,
            220067840000000000,
            59220070000000000,
            220718150000000000,
            26547347000000000,
            220915560000000000,
            220876320000000000,
            104805740000000000,
            26547347000000000,
            220876320000000000,
            26547347000000000,
            6636842000000000,
            220067840000000000,
            220718150000000000,
            163314200000000000,
            59220070000000000,
            215506680000000000,
            220911330000000000,
            163314200000000000,
            26547347000000000,
            220915560000000000,
            220067840000000000,
            104805740000000000,
            220718150000000000,
            6636842000000000,
            6636842000000000,
            220876320000000000,
            220876320000000000,
            215506680000000000,
            26547347000000000,
            220911330000000000,
            220067840000000000,
            220718150000000000,
            104805740000000000,
            104805740000000000,
            220067840000000000,
            215506680000000000,
            163314200000000000,
            220911330000000000,
            215506680000000000,
            203357250000000000,
            220067840000000000,
            220915920000000000,
            220915560000000000,
            220915920000000000,
            104805740000000000,
            220915560000000000,
            104805740000000000,
            220911330000000000,
            220916040000000000,
            59220070000000000,
            220067840000000000,
            104805740000000000,
            220915920000000000,
            203357250000000000,
            220718150000000000,
            220916040000000000,
            6636842000000000,
            59220070000000000,
            203357250000000000,
            26547347000000000,
            6636842000000000,
            163314200000000000,
            220067840000000000,
            220915920000000000,
            163314200000000000,
            203357250000000000,
            104805740000000000,
            215506680000000000,
            220876390000000000,
            203357250000000000,
            220876390000000000,
            220916100000000000,
