{
    "perfs_self_play": {
        "time": 21.097046776,
        "allocated": 5376777864,
        "gc_time": 0.762074239
    },
    "perfs_memory_analysis": {
        "time": 5.04e-7,
        "allocated": 0,
        "gc_time": 0
    },
    "perfs_learning": {
        "time": 36.455353956,
        "allocated": 20128063752,
        "gc_time": 2.493203341
    },
    "self_play": {
        "samples_gen_speed": 20.01843468671232,
        "average_exploration_depth": 0.875,
        "mcts_memory_footprint": 1636320,
        "memory_size": 3360,
        "memory_num_distinct_boards": 3360
    },
    "memory": null,
    "learning": {
        "time_convert": 0.897567402,
        "time_loss": 12.993595712000001,
        "time_train": 1.684256558,
        "time_eval": 14.323496042,
        "initial_status": {
            "loss": {
                "L": 166050670000000000,
                "Lp": 0.9335904,
                "Lv": 166050670000000000,
                "Lreg": 0.0005437677,
                "Linv": -19.571232
            },
            "Hp": 1.6459723,
            "Hpnet": 2.579565
        },
        "losses": [
            59220070000000000,
            220911330000000000,
            220876320000000000,
            163314200000000000,
            220067840000000000,
            220915560000000000,
            220876320000000000,
            220916040000000000,
            215506680000000000,
            215506680000000000,
            220915560000000000,
            6636842000000000,
            220876320000000000,
            220915920000000000,
            220916100000000000,
            104805740000000000,
            220876390000000000,
            104805740000000000,
            104805740000000000,
            59220070000000000,
            220915970000000000,
            220916100000000000,
            220067900000000000,
            220916100000000000,
            6636842000000000,
            220911400000000000,
            220916100000000000,
            220876390000000000,
            220876390000000000,
            163314200000000000,
            6636842000000000,
            104805740000000000,
            104805740000000000,
            26547347000000000,
            59220070000000000,
            59220070000000000,
            220718200000000000,
            220915920000000000,
            104805740000000000,
            220067840000000000,
            203357250000000000,
            220876320000000000,
            220911330000000000,
            220067840000000000,
            220067840000000000,
            220876320000000000,
            220915920000000000,
            220916040000000000,
            6636842000000000,
            220915920000000000,
            220718150000000000,
            220718150000000000,
            220876320000000000,
            220067840000000000,
            220911330000000000,
            203357250000000000,
            220916040000000000,
            104805740000000000,
            220718200000000000,
            59220070000000000,
            220915610000000000,
            220067900000000000,
            6636842000000000,
            6636842000000000,
            220915970000000000,
            215506750000000000,
            203357250000000000,
            104805740000000000,
            26547347000000000,
            203357250000000000,
            26547347000000000,
            220876390000000000,
            215506750000000000,
            26547347000000000,
            59220070000000000,
            215506750000000000,
            6636842000000000,
            203357250000000000,
            215506680000000000,
            104805740000000000,
            104805740000000000,
            26547347000000000,
            163314200000000000,
            220718150000000000,
            215506680000000000,
            220915920000000000,
            104805740000000000,
            220916040000000000,
            220876320000000000,
            6636842000000000,
            220915560000000000,
            220915560000000000,
            163314200000000000,
            163314200000000000,
            26547347000000000,
            220876390000000000,
            104805740000000000,
            6636842000000000,
            104805740000000000,
            203357250000000000,
            215506750000000000,
            220915610000000000,
            104805740000000000,
            220915610000000000,
            104805740000000000,
            220718200000000000,
            59220070000000000,
            220718200000000000,
            104805740000000000,
            220915610000000000,
            104805740000000000,
            220915920000000000,
            59220070000000000,
            220916040000000000,
            26547347000000000,
            220718150000000000,
            220915560000000000,
            163314200000000000,
            26547347000000000,
            26547347000000000,
            163314200000000000,
            26547347000000000,
            220718150000000000,
            220915920000000000,
            220067840000000000,
            220067840000000000,
            215506750000000000,
            220915610000000000,
            215506750000000000,
            26547347000000000,
            6636842000000000,
            163314200000000000,
            220876390000000000,
            26547347000000000,
            163314200000000000,
            163314200000000000,
            220916100000000000,
            104805740000000000,
            220067900000000000,
            220915970000000000,
            220915970000000000,
            215506680000000000,
            220876320000000000,
            220916040000000000,
            6636842000000000,
            215506680000000000,
            215506680000000000,
            203357250000000000,
            220916040000000000,
            203357250000000000,
            220911330000000000,
            220915560000000000,
            220911330000000000,
            220915560000000000,
            6636842000000000,
            220876320000000000,
            59220070000000000,
            59220070000000000,
            220916040000000000,
            220915920000000000,
            163314200000000000,
            220718150000000000,
            220067840000000000,
            220718150000000000,
            220067840000000000,
            220876320000000000,
            220915920000000000,
            220915560000000000,
            220915920000000000,
            26547347000000000,
            220876320000000000,
            26547347000000000,
            220916040000000000,
            26547347000000000,
            220916040000000000,
            104805740000000000,
            104805740000000000,
            220718150000000000,
            220915560000000000,
            220916040000000000,
            220911330000000000,
            6636842000000000,
            220067840000000000,
            220915920000000000,
            220067840000000000,
            6636842000000000,
            220915920000000000,
            59220070000000000,
            220915560000000000,
            220915560000000000,
            220067840000000000,
            59220070000000000,
            104805740000000000,
            215506680000000000,
            6636842000000000,
            104805740000000000,
            220915920000000000,
            203357250000000000,
            104805740000000000,
            203357250000000000,
            26547347000000000,
            104805740000000000,
            220915920000000000,
            220911330000000000,
            220067840000000000,
            220916040000000000,
            220911330000000000,
            220915920000000000,
            163314200000000000,
            203357250000000000,
            220916040000000000,
            220067840000000000,
            220915920000000000,
            203357250000000000,
            220915610000000000,
            104805740000000000,
