{
    "perfs_self_play": {
        "time": 1477.410758389,
        "allocated": 2948307084101,
        "gc_time": 475.179362762
    },
    "perfs_memory_analysis": {
        "time": 3.04e-7,
        "allocated": 0,
        "gc_time": 0
    },
    "perfs_learning": {
        "time": 689.279792131,
        "allocated": 1135705934789,
        "gc_time": 136.487531434
    },
    "self_play": {
        "samples_gen_speed": 2.8998169421434157,
        "average_exploration_depth": 2.1921123616480296,
        "mcts_memory_footprint": 211271008,
        "memory_size": 7000,
        "memory_num_distinct_boards": 6608
    },
    "memory": null,
    "learning": {
        "time_convert": 0.915862177,
        "time_loss": 12.164107906,
        "time_train": 13.590258721,
        "time_eval": 657.1097621819999,
        "initial_status": {
            "loss": {
                "L": 15815564000000,
                "Lp": 0.27583605,
                "Lv": 15931474000000,
                "Lreg": 0.018387012,
                "Linv": 1.4266828e-10
            },
            "Hp": 2.7101846,
            "Hpnet": 2.9871068
        },
        "losses": [
            4424270300000,
            2761122000000,
            947671100000,
            1618450000000,
            1449177800000,
            519749830000,
            4041581000000,
            9629668000000,
            2761422000000,
            4680383000000,
            4314571200000,
            1966087600000,
            5591210700000,
            722245500000,
            2489287200000,
            93883405000000,
            19863695000000,
            129876300000000,
            2039461600000,
            664686800000,
            1502585800000,
            2029456000000,
            766923200000,
            2517092300000,
            3889627100000,
            4413627000000,
            17372659000000,
            852571900000,
            607749900000,
            3087591300000,
            2063089400000,
            3641301300000,
            8398382300000,
            1012545900000,
            1101387900000,
            3541130300000,
            2861640500000,
            780311860000,
            2454201600000,
            2748036400000,
            2443730200000,
            11854525000000,
            7810745000000,
            1280673700000,
            4071702000000,
            6914962000000,
            21886908000000,
            1236053100000,
            8491153000000,
            6222093000000,
            2439808800000,
            4358289200000,
            1991754900000,
            7658189400000,
            1764915000000,
            13227894000000,
            5294091400000,
            665418200000000,
            1961260900000,
            1296782700000,
            6610003000000,
            1696441400000,
            610580370000,
            10075190000000,
            911084900000,
            2474340800000,
            3620961500000,
            99318990000000,
            666004160000,
            1959969000000,
            419631960000,
            925496640000,
            3927906000000,
            1857975900000,
            2645069400000,
            819998000000,
            14991195000000,
            6723110000000,
            721916460000,
            1292917500000,
            11268997000000,
            995188540000,
            575774060000,
            18395913000000,
            1419709000000,
            6837408600000,
            1165039000000,
            3535413200000,
            3050671700000,
            3417870400000,
            1474243100000,
            2353050200000,
            1948993800000,
            18872353000000,
            96790120000000,
            13045346000000,
            2074719700000,
            20986345000000,
            12448956000000,
            493960100000,
            113119725000000,
            1554845500000,
            8786807400000,
            4424131400000,
            2761095400000,
            947604160000,
            1618421200000,
            1449158200000,
            519727940000,
            4041511800000,
            9629601000000,
            2761368000000,
            4680288600000,
            4314417300000,
            1966028900000,
            5591168000000,
            722214300000,
            2489207000000,
            93883230000000,
            19863517000000,
            129875315000000,
            2039419900000,
            664681840000,
            1502536900000,
            2029387000000,
            766885700000,
            2517039300000,
            3889485600000,
            4413517000000,
            17372489000000,
            852552840000,
            607747600000,
            3087559300000,
            2063140700000,
            3641208000000,
            8398355000000,
            1012560000000,
            1101411400000,
            3541133000000,
            2861511200000,
            780257300000,
            2454199500000,
            2747948600000,
            2443673300000,
            11854384000000,
            7810651000000,
            1280641900000,
            4071576000000,
            6914831300000,
            21886495000000,
            1236016600000,
            8491007000000,
            6222048000000,
            2439776000000,
            4358241300000,
            1991700900000,
            7658021600000,
            1764870000000,
            13227695000000,
            5294086700000,
            665417300000000,
            1961230300000,
            1296743100000,
            6609900700000,
            1696382300000,
            610561100000,
            10074997000000,
            911044100000,
            2474296700000,
            3620912500000,
            99318440000000,
            665959600000,
            1959914800000,
            419620260000,
            925454100000,
            3927819700000,
            1857925300000,
            2645029600000,
            819997500000,
            14990777000000,
            6723072400000,
            721904860000,
            1292856900000,
            11268782000000,
            995159830000,
            575729700000,
            18395425000000,
            1419687100000,
            6837336300000,
            1165008300000,
            3535305700000,
            3050593000000,
            3417819800000,
            1474208500000,
            2353023400000,
            1948959400000,
            18872049000000,
            96789865000000,
            13045192000000,
            2074702600000,
            20985967000000,
            12448808000000,
            493941460000,
            113119320000000,
            1554863500000,
            8786823600000,
            4424064300000,
            2761056600000,
            947654560000,
            1618357000000,
            1449125600000,
            519721800000,
            4041440800000,
            9629770000000,
            2761419000000,
            4680350000000,
            4314268200000,
            1965978400000,
            5591162000000,
            722190700000,
            2489157700000,
            93883170000000,
            19863300000000,
            129874970000000,
            2039376000000,
            664660800000,
            1502517900000,
            2029343200000,
            766866950000,
            2517016200000,
            3889531500000,
            4413576000000,
            17372522000000,
            852495800000,
            607736760000,
            3087582400000,
            2062880900000,
            3641150500000,
            8398440000000,
            1012471500000,
            1101361400000,
            3541138100000,
            2861499200000,
            780285500000,
            2454251400000,
            2747898300000,
            2443716900000,
            11854078000000,
            7810490300000,
            1280697200000,
            4071578100000,
            6914833000000,
            21885780000000,
