{
    "perfs_self_play": {
        "time": 1597.144352533,
        "allocated": 2783118088888,
        "gc_time": 443.981710431
    },
    "perfs_memory_analysis": {
        "time": 3.82e-7,
        "allocated": 0,
        "gc_time": 0
    },
    "perfs_learning": {
        "time": 665.417214253,
        "allocated": 1095297637503,
        "gc_time": 123.84518472
    },
    "self_play": {
        "samples_gen_speed": 2.511712400237038,
        "average_exploration_depth": 2.1700000453580444,
        "mcts_memory_footprint": 205419232,
        "memory_size": 7000,
        "memory_num_distinct_boards": 6578
    },
    "memory": null,
    "learning": {
        "time_convert": 1.101029353,
        "time_loss": 10.279193789,
        "time_train": 45.729405506999996,
        "time_eval": 603.222909256,
        "initial_status": {
            "loss": {
                "L": 120269755000000,
                "Lp": 0.30280152,
                "Lv": 120414560000000,
                "Lreg": 0.12191439,
                "Linv": -2.7323538e-10
            },
            "Hp": 2.7399843,
            "Hpnet": 3.042513
        },
        "losses": [
            818635100000,
            72095230000000,
            2081478500000,
            96315850000000,
            3059994300000,
            1222803700000,
            1762589000000,
            35048502000000,
            743867400000000,
            1639944700000,
            308081530000000,
            49497527000000,
            1402821000000,
            648838840000,
            307784200000000,
            5026571000000,
            2564670600000,
            614784600000,
            1927938400000,
            5506740500000,
            59594093000000,
            31344478000000,
            557769000000,
            3759558000000,
            5682326700000,
            2672547200000000,
            3863756700000,
            280571000000,
            1929021600000,
            3250004200000,
            31262218000000,
            505708540000,
            1344963100000,
            995629800000000,
            1337913300000000,
            360201450000,
            562312450000,
            6677641300000,
            31349530000000,
            4137708700000,
            5289459300000,
            42629656000000,
            2266023900000,
            5526712000000,
            407734220000,
            308325640000000,
            53482630000000,
            2787570000000,
            618790600000,
            742833600000000,
            2608677300000,
            42550946000000,
            351619300000,
            153811870000000,
            240563550000,
            741994300000000,
            1429409400000,
            44856010000000,
            159933460000000,
            5964054400000,
            100954210000000,
            60316965000000,
            7839466700000,
            30251300000000,
            2328403400000,
            663476300000,
            897505700000,
            1403046700000,
            12216159000000,
            2210910400000,
            89182130000000,
            997956060000,
            364612060000,
            954611300000,
            294729840000,
            961756270000,
            1735624900000,
            716060700000,
            29674728000000,
            46628620000000,
            6162985000000,
            1340213300000000,
            3295870000000,
            19627432000000,
            310396900000000,
            876023300000,
            1046491100000,
            866174800000,
            14426072000000,
            886301200000,
            225703870000,
            509820100000,
            3062039300000,
            1009385000000,
            709608300000,
            61766460000000,
            6347079300000,
            3101491700000,
            295727400000,
            5327606000000,
            745530700000000,
            307834600000000,
            818387160000,
            72095100000000,
            2081654600000,
            96315050000000,
            3059710400000,
            1222647900000,
            1762723200000,
            35048082000000,
            743851700000000,
            1639915000000,
            308076860000000,
            49496013000000,
            1402745800000,
            648690900000,
            307782020000000,
            5026863000000,
            2564581200000,
            614909600000,
            1927831500000,
            5506596300000,
            59592890000000,
            31343853000000,
            557688160000,
            3759279000000,
            5682154000000,
            2672527600000000,
            3863553000000,
            280535430000,
            1928914900000,
            3250474500000,
            31262960000000,
            505910170000,
            1345232000000,
            995633300000000,
            1337908200000000,
            360150860000,
            562403740000,
            6677360000000,
            31349113000000,
            4137745000000,
            5289497600000,
            42629006000000,
            2265965000000,
            5526639000000,
            407664430000,
            308324800000000,
            53481558000000,
            2787687300000,
            618706500000,
            742835060000000,
            2608650800000,
            42550090000000,
            351594940000,
            153814220000000,
            240526850000,
            741998950000000,
            1429278200000,
            44855010000000,
            159938600000000,
            5963313600000,
            100955760000000,
            60316220000000,
            7839150000000,
            30250707000000,
            2328207300000,
            663434600000,
            897226200000,
            1403027600000,
            12216099000000,
            2210782200000,
            89181400000000,
            997912000000,
            364550200000,
            954566000000,
            294646680000,
            961574200000,
            1735460000000,
            715911460000,
            29673537000000,
            46628280000000,
            6163108700000,
            1340210300000000,
            3295855500000,
            19626268000000,
            310399270000000,
            875965100000,
            1046410560000,
            866061840000,
            14426041000000,
            886226600000,
            225698890000,
            509784200000,
            3061755700000,
            1009388550000,
            709577500000,
            61765614000000,
            6347631400000,
            3101547000000,
            295700820000,
            5327591300000,
            745530600000000,
            307833730000000,
            818408900000,
            72094580000000,
            2081622000000,
            96315140000000,
            3059674300000,
            1222684200000,
            1762690700000,
            35047852000000,
            743852700000000,
            1639901800000,
            308075960000000,
            49495744000000,
            1402743000000,
            648618000000,
            307781280000000,
            5026972400000,
            2564586000000,
            615001300000,
            1927773200000,
            5506647700000,
            59592200000000,
            31344321000000,
            557646400000,
            3759596000000,
            5682008000000,
            2672527300000000,
            3863611000000,
            280519400000,
            1928899900000,
            3249510300000,
            31262583000000,
            505735220000,
            1344983700000,
            995628250000000,
            1337898400000000,
            359990230000,
            562561160000,
            6678356400000,
            31349400000000,
            4138041000000,
            5289694700000,
            42629370000000,
            2266028300000,
            5526755700000,
            407918480000,
            308327100000000,
