{
    "perfs_self_play": {
        "time": 1542.106699174,
        "allocated": 2883927389816,
        "gc_time": 445.198875582
    },
    "perfs_memory_analysis": {
        "time": 4.97e-7,
        "allocated": 0,
        "gc_time": 0
    },
    "perfs_learning": {
        "time": 713.678161128,
        "allocated": 1144723563535,
        "gc_time": 132.66371687
    },
    "self_play": {
        "samples_gen_speed": 2.6955547895258714,
        "average_exploration_depth": 2.164265133785899,
        "mcts_memory_footprint": 210972448,
        "memory_size": 6667,
        "memory_num_distinct_boards": 6267
    },
    "memory": null,
    "learning": {
        "time_convert": 1.132343305,
        "time_loss": 12.961293898,
        "time_train": 49.694985696,
        "time_eval": 643.017724236,
        "initial_status": {
            "loss": {
                "L": 12229881000000,
                "Lp": 0.27286428,
                "Lv": 11998350000000,
                "Lreg": 0.013038454,
                "Linv": -5.12432e-10
            },
            "Hp": 2.722607,
            "Hpnet": 2.9714973
        },
        "losses": [
            492910150000,
            2978473300000,
            633259360000,
            256838450000,
            1251054800000,
            10942012000000,
            408706250000,
            3280018900000,
            667172100000,
            1687568400000,
            33334736000000,
            2575849500000,
            402628280000,
            281190330000,
            5270031300000,
            5199774600000,
            843713100000,
            5114799000000,
            517664870000,
            2399989100000,
            497409500000,
            854936260000,
            1219088000000,
            827471560000,
            21049603000000,
            878262900000,
            13811477000000,
            760494000000,
            92451990000000,
            1236157200000,
            93343824000000,
            5145543000000,
            625791900000,
            3349742000000,
            5114639000000,
            512779880000,
            746808540000,
            3374089200000,
            2146681100000,
            996135800000,
            859612200000,
            1293002000000,
            791577560000,
            2478870600000,
            849450430000,
            1089134900000,
            280283680000,
            3399665300000,
            1083125400000,
            2274783100000,
            2036470800000,
            951400860000,
            150364040000000,
            5801889500000,
            394127600000,
            830509800000,
            1219963800000,
            2294819300000,
            4935003000000,
            664592600000,
            898750800000,
            900752600000,
            327798500000,
            117727760000000,
            93468706000000,
            1572118500000,
            679840450000,
            980253930000,
            402118180000,
            265670280000,
            609683500000,
            535743430000,
            778918800000,
            92600065000000,
            524129100000,
            6912125000000,
            251808150000,
            602700800000,
            2034925800000,
            152198460000000,
            347062200000,
            1056393000000,
            350973500000,
            5436680400000,
            5407908600000,
            523836000000,
            4129099400000,
            4138353300000,
            655836250000,
            290611500000,
            150428240000000,
            1494519800000,
            1599839800000,
            6099346000000,
            900708800000,
            5171882000000,
            842318740000,
            492875580000,
            2978418000000,
            633226260000,
            256823750000,
            1251011900000,
            10941783000000,
            408676860000,
            3279983000000,
            667143200000,
            1687524200000,
            33334122000000,
            2575764000000,
            402605740000,
            281173920000,
            5269959500000,
            5199675500000,
            843654960000,
            5114756600000,
            517633900000,
            2399938800000,
            497398840000,
            854883960000,
            1219022300000,
            827436430000,
            21048880000000,
            878177700000,
            13811192000000,
            760462800000,
            92451750000000,
            1236166800000,
            93343190000000,
            5145341000000,
            625813550000,
            3349762000000,
            5114600400000,
            512795400000,
            746775700000,
            3374043000000,
            2146641600000,
            996135530000,
            859566240000,
            1292916900000,
            791618400000,
            2478824000000,
            849465640000,
            1089085200000,
            280282200000,
            3399662200000,
            1083094660000,
            2274677200000,
            2036408400000,
            951382500000,
            150363160000000,
            5801838000000,
            394134880000,
            830451740000,
            1219815000000,
            2294719000000,
            4934861300000,
            664568860000,
            898693200000,
            900712900000,
            327761430000,
            117726820000000,
            93468920000000,
            1572094300000,
            679836450000,
            980245940000,
            402129400000,
            265668330000,
            609683830000,
            535770430000,
            778981300000,
            92599790000000,
            524083000000,
            6911677700000,
            251793400000,
            602688060000,
            2034868300000,
            152196650000000,
            347020900000,
            1056325100000,
            350938500000,
            5436552000000,
            5407666300000,
            523788400000,
            4128960200000,
            4138168700000,
            655816260000,
            290617980000,
            150427340000000,
            1494494500000,
            1599832600000,
            6099233700000,
            900658040000,
            5171765600000,
            842358460000,
            492889470000,
            2978388000000,
            633187500000,
            256822890000,
            1250974100000,
            10941601000000,
            408654640000,
            3279944200000,
            667124040000,
            1687484400000,
            33334237000000,
            2575741500000,
            402573070000,
            281153670000,
            5269841000000,
            5199564400000,
            843619960000,
            5114611400000,
            517600700000,
            2399885300000,
            497366140000,
            854862270000,
            1218982700000,
            827394560000,
            21048693000000,
            878149000000,
            13811007000000,
            760428300000,
            92451545000000,
            1236146700000,
            93342726000000,
            5145143000000,
            625829000000,
            3349742600000,
            5114398500000,
            512799240000,
            746759850000,
            3373940000000,
            2146545200000,
            996124260000,
            859561000000,
            1292847700000,
            791627700000,
            2478741400000,
            849462760000,
            1089053300000,
            280269600000,
            3399611600000,
            1083066900000,
            2274541700000,
            2036325300000,
            951332700000,
            150362800000000,
            5801719000000,
            394111060000,
            830406070000,
            1219739300000,
            2294662000000,
            4934716000000,
            664552540000,
            898692000000,
            900689100000,
            327748200000,
