{
    "perfs_self_play": {
        "time": 21.309714837,
        "allocated": 5376475656,
        "gc_time": 0.7587519
    },
    "perfs_memory_analysis": {
        "time": 3.39e-7,
        "allocated": 0,
        "gc_time": 0
    },
    "perfs_learning": {
        "time": 34.206962259,
        "allocated": 18907281272,
        "gc_time": 2.399241177
    },
    "self_play": {
        "samples_gen_speed": 19.81442226417508,
        "average_exploration_depth": 0.875,
        "mcts_memory_footprint": 1636320,
        "memory_size": 2940,
        "memory_num_distinct_boards": 2940
    },
    "memory": null,
    "learning": {
        "time_convert": 0.761171789,
        "time_loss": 11.553732870000001,
        "time_train": 1.7055115710000002,
        "time_eval": 14.442323029,
        "initial_status": {
            "loss": {
                "L": 166050690000000000,
                "Lp": 0.93359053,
                "Lv": 166050690000000000,
                "Lreg": 0.0005038107,
                "Linv": -19.570436
            },
            "Hp": 1.6459728,
            "Hpnet": 2.5795646
        },
        "losses": [
            163314200000000000,
            26547347000000000,
            220876320000000000,
            220915920000000000,
            220911330000000000,
            104805740000000000,
            163314200000000000,
            26547347000000000,
            220915610000000000,
            215506750000000000,
            59220070000000000,
            220911400000000000,
            220876390000000000,
            59220070000000000,
            59220070000000000,
            104805740000000000,
            220876390000000000,
            215506750000000000,
            163314200000000000,
            104805740000000000,
            220718200000000000,
            220916100000000000,
            220718150000000000,
            220911330000000000,
            220915560000000000,
            104805740000000000,
            220911330000000000,
            220067840000000000,
            104805740000000000,
            220911330000000000,
            220876320000000000,
            104805740000000000,
            220915560000000000,
            163314200000000000,
            220876320000000000,
            220718150000000000,
            220718200000000000,
            26547347000000000,
            220718200000000000,
            163314200000000000,
            220876390000000000,
            220876390000000000,
            59220070000000000,
            220876390000000000,
            59220070000000000,
            220915970000000000,
            104805740000000000,
            220718200000000000,
            220718200000000000,
            104805740000000000,
            220067840000000000,
            26547347000000000,
            203357250000000000,
            220915560000000000,
            215506680000000000,
            220067840000000000,
            104805740000000000,
            220911330000000000,
            220915560000000000,
            220911330000000000,
            26547347000000000,
            104805740000000000,
            163314200000000000,
            220915610000000000,
            220067900000000000,
            59220070000000000,
            220911400000000000,
            215506750000000000,
            203357250000000000,
            59220070000000000,
            26547347000000000,
            220915970000000000,
            215506750000000000,
            220911330000000000,
            220718150000000000,
            163314200000000000,
            215506680000000000,
            59220070000000000,
            203357250000000000,
            59220070000000000,
            6636842000000000,
            6636842000000000,
            26547347000000000,
            215506680000000000,
            215506680000000000,
            220718150000000000,
            59220070000000000,
            220911330000000000,
            203357250000000000,
            104805740000000000,
            220067840000000000,
            215506680000000000,
            163314200000000000,
            220067840000000000,
            59220070000000000,
            163314200000000000,
            6636842000000000,
            163314200000000000,
            215506680000000000,
            215506680000000000,
            104805740000000000,
            59220070000000000,
            220911330000000000,
            220718150000000000,
            220876320000000000,
            104805740000000000,
            220718150000000000,
            220911330000000000,
            220718150000000000,
            203357250000000000,
            220911330000000000,
            220718150000000000,
            104805740000000000,
            220916040000000000,
            163314200000000000,
            220916040000000000,
            163314200000000000,
            163314200000000000,
            104805740000000000,
            220911330000000000,
            220915560000000000,
            59220070000000000,
            59220070000000000,
            104805740000000000,
            220911330000000000,
            220916040000000000,
            104805740000000000,
            220876320000000000,
            104805740000000000,
            59220070000000000,
            59220070000000000,
            220911330000000000,
            220876320000000000,
            220718150000000000,
            220911330000000000,
            6636842000000000,
            220876320000000000,
            26547347000000000,
            220915920000000000,
            220916040000000000,
            220911330000000000,
            6636842000000000,
            220067840000000000,
            220915920000000000,
            220915560000000000,
            220718150000000000,
            220915920000000000,
            203357250000000000,
            59220070000000000,
            220911330000000000,
            104805740000000000,
            220911330000000000,
            220911330000000000,
            220876320000000000,
            220911330000000000,
            59220070000000000,
            59220070000000000,
            215506680000000000,
            220915560000000000,
            220067840000000000,
            220915920000000000,
            220916040000000000,
            220915920000000000,
            220911330000000000,
            6636842000000000,
            220916040000000000,
            220067840000000000,
            220876320000000000,
            104805740000000000,
            220915920000000000,
            104805740000000000,
            104805740000000000,
            220915920000000000,
            220915560000000000,
            220915920000000000,
            163314200000000000,
            220915560000000000,
            220876320000000000,
            6636842000000000,
            6636842000000000,
            220915560000000000,
            203357250000000000,
            215506680000000000,
            220915920000000000,
            59220070000000000,
            26547347000000000,
            220911330000000000,
            26547347000000000,
            104805740000000000,
            26547347000000000,
            6636842000000000,
            163314200000000000,
            59220070000000000,
            6636842000000000,
            163314200000000000,
            220067840000000000,
            26547347000000000,
            163314200000000000,
            220915920000000000,
            220915560000000000,
            220915560000000000,
            220876320000000000,
            220876320000000000,
            215506680000000000,
            6636842000000000,
            220067840000000000,
            104805740000000000,
            220915560000000000,
            220718150000000000,
            220718150000000000,
            203357250000000000,
            203357250000000000,
            163314200000000000,
            6636842000000000,
            220915970000000000,
            163314200000000000,
