{
    "perfs_self_play": {
        "time": 922.218007314,
        "allocated": 1837481035858,
        "gc_time": 284.237579635
    },
    "perfs_memory_analysis": {
        "time": 2.61e-7,
        "allocated": 0,
        "gc_time": 0
    },
    "perfs_learning": {
        "time": 398.873403836,
        "allocated": 666841193768,
        "gc_time": 95.712957051
    },
    "self_play": {
        "samples_gen_speed": 2.2892329882045694,
        "average_exploration_depth": 2.1650270064707926,
        "mcts_memory_footprint": 117553024,
        "memory_size": 2109,
        "memory_num_distinct_boards": 1847
    },
    "memory": null,
    "learning": {
        "time_convert": 0.617399791,
        "time_loss": 3.679687146,
        "time_train": 38.44005763,
        "time_eval": 352.94911931800004,
        "initial_status": {
            "loss": {
                "L": 305.34286,
                "Lp": 0.65623254,
                "Lv": 306.9728,
                "Lreg": 0.00037562408,
                "Linv": -1.1294912e-9
            },
            "Hp": 2.6206594,
            "Hpnet": 3.225528
        },
        "losses": [
            17.935602,
            15.476613,
            62.468636,
            23.953346,
            20.546524,
            12.191132,
            12.940891,
            44.78548,
            11.645879,
            7.711682,
            4.9080443,
            103.64235,
            15.496771,
            7.450616,
            10.917516,
            41.703613,
            11.939382,
            8.26078,
            22.004976,
            21.33419,
            12.018466,
            15.939298,
            26.183784,
            42.112946,
            8261.029,
            24.163973,
            68.75585,
            30.22895,
            51.48268,
            20.10589,
            52.13063,
            23.2486,
            6.365074,
            13.663747,
            14.818775,
            40.930717,
            9.906242,
            9.497893,
            8.283156,
            101.83861,
            16.897709,
            7.210266,
            10.460022,
            41.686768,
            9.509508,
            6.692156,
            24.121885,
            22.057577,
            12.231052,
            15.830642,
            25.114481,
            41.818016,
            8258.84,
            22.780155,
            64.6318,
            18.197044,
            36.16145,
            19.567116,
            45.86092,
            20.107273,
            4.5779467,
            12.834922,
            15.6356325,
            42.902958,
            9.901605,
            7.2876067,
            5.5433035,
            102.00342,
            16.010925,
            7.370137,
            10.560363,
            40.90691,
            10.319057,
            7.3709126,
            22.114069,
            20.90319,
            11.910959,
            15.226079,
            25.283112,
            40.631973,
            8245.786,
            20.819376,
            61.431232,
            14.166568
        ],
        "checkpoints": [
            {
                "batch_id": 28,
                "evaluation": {
                    "legend": "Most recent NN versus best NN so far",
                    "avgr": 0.09375,
                    "redundancy": 0,
                    "rewards": [
                        -9.53190705156885,
                        -8.814745338400826,
                        -7.495061482070014,
                        -12.71821491792798,
                        -4.115125544369221,
                        -9.264255404472351,
                        -7.087437003472587,
                        -10.243522710865363,
                        -8.278192990459502,
                        -8.430714702233672,
                        -9.437888221335015,
                        -9.08527037105523,
                        -8.87205122411251,
                        -3.4757366581980023,
                        -4.163052616640925,
                        -6.721668500453234,
                        -7.564477629028261,
                        -9.195626452565193,
                        -2.412300659256289,
                        -7.610918114660308,
                        -9.6303864386864,
                        -3.2571794854011387,
                        -5.8024651614250615,
                        -9.016511960886419,
                        -6.902515463531017,
                        -7.18117400421761,
                        -8.065534014487639,
                        -7.093884313479066,
                        -7.553536280989647,
                        -10.6152963435743,
                        -4.999386267270893,
                        -10.35383178415941
                    ],
                    "baseline_rewards": [
                        -2.178846087306738,
                        -0.8195556300106546,
                        -1.2504712787922472,
                        -30.49311065673828,
                        -0.42000057980203565,
                        -2.1144050238654017,
                        -0.4214605640991067,
                        -3.079437590786256,
                        -0.588931682814291,
                        -3.283469461079221,
                        -3.7345982781844214,
                        -0.4349547141466701,
                        -2.0470167354214936,
                        -0.3347507428661629,
                        -1.4702955659013242,
                        -0.6853211973284488,
                        -2.1048352585639805,
                        -1.492837906058412,
                        -0.11184250262158457,
                        -0.9744019400336583,
                        -1.6678097106923815,
                        -0.9415992797876243,
                        -2.205675457691541,
                        -12.900145024061203,
                        -0.5693021101797058,
                        -0.43795385432349576,
                        -2.2997942725778557,
                        -1.628155723970849,
                        -5.608956973534077,
                        -29.86884880065918,
                        -0.41826960024263826,
                        -0.24783125447356724
                    ],
                    "time": 121.440743729
                },
                "status_after": {
                    "loss": {
                        "L": 328.74286,
                        "Lp": 0.60324544,
                        "Lv": 330.2749,
                        "Lreg": 0.00037031263,
                        "Linv": 1.3130727e-9
                    },
                    "Hp": 2.6206594,
                    "Hpnet": 3.2451475
                },
                "nn_replaced": false
            },
            {
                "batch_id": 56,
                "evaluation": {
                    "legend": "Most recent NN versus best NN so far",
                    "avgr": 0.15625,
                    "redundancy": 0,