{
    "perfs_self_play": {
        "time": 1456.403894362,
        "allocated": 2756409366809,
        "gc_time": 495.339756449
    },
    "perfs_memory_analysis": {
        "time": 3.12e-7,
        "allocated": 0,
        "gc_time": 0
    },
    "perfs_learning": {
        "time": 689.999815524,
        "allocated": 1124072647117,
        "gc_time": 153.117843644
    },
    "self_play": {
        "samples_gen_speed": 2.7040156908831734,
        "average_exploration_depth": 2.163259924446999,
        "mcts_memory_footprint": 208156032,
        "memory_size": 6334,
        "memory_num_distinct_boards": 5958
    },
    "memory": null,
    "learning": {
        "time_convert": 0.862252945,
        "time_loss": 13.589341772,
        "time_train": 15.011255253,
        "time_eval": 656.820179826,
        "initial_status": {
            "loss": {
                "L": 21469350000000,
                "Lp": 0.2937696,
                "Lv": 21536710000000,
                "Lreg": 0.009054166,
                "Linv": 3.3990827e-10
            },
            "Hp": 2.7408867,
            "Hpnet": 2.9997072
        },
        "losses": [
            4564668000000,
            1242453500000,
            890767000000,
            283038320000,
            654153800000,
            51414806000000,
            10846110000000,
            44322200000000,
            646151600000,
            884193800000,
            611970840000,
            893460600000,
            1328486200000,
            10530252000000,
            1377455700000,
            1248962200000,
            472742130000,
            695882550000,
            1126127600000,
            903391200000,
            479659160000,
            2381635000000,
            410934380000,
            990244630000,
            4505264500000,
            993207650000,
            520079150000,
            712322500000,
            503476850000,
            1391660800000,
            898652440000,
            4315765500000,
            1484759600000,
            720077900000,
            666583400000,
            782699460000,
            2567075300000,
            11508037000000,
            695301700000,
            660329200000,
            956597700000,
            10512808000000,
            11393026000000,
            8574724500000,
            638896050000,
            51196690000000,
            1289113200000000,
            390157240000,
            4770064500000,
            1326827200000,
            14400622000000,
            355305000000,
            1432672900000,
            4253652000000,
            1344641800000,
            131531640000000,
            1360731400000,
            1173290100000,
            1211015800000,
            634369150000,
            1260757300000,
            7317788000000,
            335207800000,
            51323800000000,
            137700360000,
            2119995100000,
            4076485500000,
            624719760000,
            401278470000,
            529197860000,
            11447970000000,
            4264722200000,
            4769320000000,
            458079100000,
            1156393300000,
            10823519000000,
            10578269000000,
            114072176000000,
            1771683300000,
            2587770700000,
            1282839300000,
            2240756600000,
            404006670000,
            20739193000000,
            10394009000000,
            715427500000,
            1977092300000,
            730142150000,
            20864880000000,
            393303750000,
            2348136800000,
            1695659200000,
            1873621300000,
            4564690000000,
            1242490900000,
            890742300000,
            283029500000,
            654142730000,
            51414610000000,
            10846138000000,
            44322080000000,
            646198460000,
            884200400000,
            612038150000,
            893515140000,
            1328479200000,
            10530458000000,
            1377583100000,
            1249068400000,
            472796700000,
            695947800000,
            1126197000000,
            903407000000,
            479702840000,
            2381578200000,
            410958330000,
            990342940000,
            4505446000000,
            993292450000,
            520117620000,
            712383660000,
            503504100000,
            1391710700000,
            898670100000,
            4315831300000,
            1484854400000,
            720118200000,
            666629500000,
            782716040000,
            2567220200000,
            11507948000000,
            695335260000,
            660366400000,
            956658900000,
            10512774000000,
            11392889000000,
            8574898000000,
            638934500000,
            51196920000000,
            1289110700000000,
            390156500000,
            4770084400000,
            1326794400000,
            14400551000000,
            355285040000,
            1432598300000,
            4253629500000,
            1344622000000,
            131530990000000,
            1360700500000,
            1173260900000,
            1210997700000,
            634345750000,
            1260724300000,
            7317718300000,
            335193300000,
            51323744000000,
            137689040000,
            2119954100000,
            4076436000000,
            624704750000,
            401263530000,
            529180850000,
            11447906000000,
            4264699600000,
            4769328000000,
            458046770000,
            1156371000000,
            10823480000000,
            10578151000000,
            114072595000000,
            1771719000000,
            2587782300000,
            1282808500000,
            2240731400000,
            403979800000,
            20739183000000,
            10393860000000,
            715401850000,
            1977044200000,
            730103100000,
            20864846000000,
            393267220000,
            2348068600000,
            1695627600000,
            1873570600000,
            4564616000000,
            1242443200000,
            890691300000,
            283011450000,
            654123470000,
            51414374000000,
            10846065000000,
            44321270000000,
            646177200000,
            884181400000,
            612009200000,
            893465660000,
            1328452200000,
            10530365000000,
            1377511000000,
            1249004400000,
            472739600000,
            695878550000,
            1126138000000,
            903375360000,
            479632420000,
            2381590800000,
            410915730000,
            990243300000,
            4505361400000,
            993162800000,
            520064700000,
            712284800000,
            503445880000,
            1391627100000,
            898634500000,
            4315781500000,
            1484723800000,
            720076500000,
            666561740000,
            782670200000,
            2567087000000,
            11507928000000,
            695288270000,
            660296000000,
            956591200000,
            10512682000000,
            11392885000000,
            8574779000000,
            638873700000,
            51196860000000,
            1289112800000000,
            390099830000,
            4769882000000,
            1326702700000,
            14400305000000,
            355212300000,
            1432511400000,
            4253453400000,
            1344443500000,
            131530865000000,
            1360602600000,
            1173158100000,
            1210895700000,
            634258600000,
            1260586700000,
            7317565000000,
            335130200000,
            51323470000000,
            137642300000,
            2119807900000,
            4076356200000,
            624606000000,
            401162700000,
