{
    "perfs_self_play": {
        "time": 48.648493205,
        "allocated": 55383208460,
        "gc_time": 6.27083636
    },
    "perfs_memory_analysis": {
        "time": 3.95e-7,
        "allocated": 0,
        "gc_time": 0
    },
    "perfs_learning": {
        "time": 128.386177487,
        "allocated": 113704529660,
        "gc_time": 14.236973228
    },
    "self_play": {
        "samples_gen_speed": 16.492980535222078,
        "average_exploration_depth": 0.995,
        "mcts_memory_footprint": 154670400,
        "memory_size": 800,
        "memory_num_distinct_boards": 800
    },
    "memory": null,
    "learning": {
        "time_convert": 0.567483057,
        "time_loss": 0.636981529,
        "time_train": 33.201789427,
        "time_eval": 92.867732211,
        "initial_status": {
            "loss": {
                "L": 83532210000,
                "Lp": 1.247365,
                "Lv": 83532210000,
                "Lreg": 0.00030091312,
                "Linv": -11.7675
            },
            "Hp": 0.90132505,
            "Hpnet": 2.1486924
        },
        "losses": [
            100784660000,
            4849033000,
            28211233000,
            70885335000,
            23442979000,
            1315347500000,
            99163900000,
            69799000000,
            103402120000,
            24871182000,
            25521340000,
            102082170000,
            96911426000,
            17721733000,
            100457940000,
            96911426000,
            88188805000,
            14113202000,
            99488510000,
            93123850000,
            27695284000,
            103402120000,
            24871182000,
            91875670000,
            28211233000,
            69799000000,
            16769024,
            28038498000,
            89409370000,
            69799000000,
            28207538000,
            28038498000,
            373121840000,
            94377980000,
            94377980000,
            122658250000,
            27865958000,
            100457940000,
            28207538000,
            28211233000,
            19540126000,
            16769024,
            103071180000,
            22353240000,
            28038498000,
            91875670000,
            28211233000,
            4190208,
            22353240000,
            97552530000,
            22353240000,
            88188805000,
            17721733000,
            27523805000,
            27523805000,
            408303100000,
            28038498000,
            91875670000,
            99163900000,
            28728556000
        ],
        "checkpoints": [
            {
                "batch_id": 20,
                "evaluation": {
                    "legend": "Most recent NN versus best NN so far",
                    "avgr": 15872,
                    "redundancy": 0,
                    "rewards": [
                        -315392,
                        -315392,
                        -317440,
                        -315392,
                        -167936,
                        -167936,
                        -167936,
                        -315392,
                        -321536,
                        -153600,
                        -169984,
                        -169984,
                        -167936,
                        -167936,
                        -315392,
                        -169984,
                        -167936,
                        -317440,
                        -117248,
                        -321536,
                        -167936,
                        -315392,
                        -317440,
                        -169984,
                        -167936,
                        -317440,
                        -315392,
                        -167936,
                        -317440,
                        -167936,
                        -641024,
                        -317440
                    ],
                    "baseline_rewards": [
                        -321536,
                        -321536,
                        -610304,
                        -317440,
                        -321536,
                        -321536,
                        -215552,
                        -169984,
                        -167936,
                        -315392,
                        -167936,
                        -317440,
                        -321536,
                        -315392,
                        -315392,
                        -167936,
                        -167936,
                        -321536,
                        -315392,
                        -118784,
                        -315392,
                        -169984,
                        -167936,
                        -167936,
                        -321536,
                        -321536,
                        -167936,
                        -321536,
                        -317440,
                        -167936,
                        -167936,
                        -315392
                    ],
                    "time": 31.541893989000002
                },
                "status_after": {
                    "loss": {
                        "L": 83532210000,
                        "Lp": 1.247365,
                        "Lv": 83532210000,
                        "Lreg": 0.00027711154,
                        "Linv": -11.7675
                    },
                    "Hp": 0.90132505,
                    "Hpnet": 2.1486924
                },
                "nn_replaced": true
            },
            {
                "batch_id": 40,
                "evaluation": {
                    "legend": "Most recent NN versus best NN so far",
                    "avgr": 8496,
                    "redundancy": 0,
                    "rewards": [
                        -167936,
                        -167936,
                        -317440,
                        -321536,
                        -169984,
                        -315392,
                        -317440,
                        -167936,
                        -169984,
                        -167936,
                        -321536,
                        -315392,
                        -321536,
                        -317440,
                        -167936,
                        -315392,
                        -167936,
                        -169984,
                        -315392,
                        -321536,
                        -117248,
                        -169984,
                        -169984,
                        -317440,
                        -167936,
                        -315392,
                        -169984,
                        -167936,
                        -169984,
                        -167936,
                        -315392,
                        -315392
                    ],