{
    "perfs_self_play": {
        "time": 1474.291055968,
        "allocated": 2786926990016,
        "gc_time": 455.699419585
    },
    "perfs_memory_analysis": {
        "time": 4.45e-7,
        "allocated": 0,
        "gc_time": 0
    },
    "perfs_learning": {
        "time": 743.028021617,
        "allocated": 1136612509304,
        "gc_time": 150.006002045
    },
    "self_play": {
        "samples_gen_speed": 2.7935368167772623,
        "average_exploration_depth": 2.173302842291758,
        "mcts_memory_footprint": 199885920,
        "memory_size": 7000,
        "memory_num_distinct_boards": 6612
    },
    "memory": null,
    "learning": {
        "time_convert": 1.156278951,
        "time_loss": 10.724221311,
        "time_train": 47.883459990999995,
        "time_eval": 677.775078474,
        "initial_status": {
            "loss": {
                "L": 78409230000000,
                "Lp": 0.31752428,
                "Lv": 78452210000000,
                "Lreg": 0.063793406,
                "Linv": -1.0645876e-9
            },
            "Hp": 2.676468,
            "Hpnet": 2.9943478
        },
        "losses": [
            346628800000000,
            3076324600000,
            1063055400000,
            83148560000000,
            349638000000000,
            346028500000000,
            10331807000000,
            453248750000,
            178338550000000,
            26779400000000,
            24821086000000,
            2259223000000,
            15397142000000,
            1235263000000,
            564890440000,
            487096320000,
            855020550000000,
            2478321200000,
            1788100200000,
            38862143000000,
            348138740000000,
            2967844200000,
            344539700000000,
            3730397700000,
            10604173000000,
            38731294000000,
            2501148100000,
            13502263000000,
            11558384000000,
            39633110000000,
            31865996000000,
            2108003600000,
            71352640000000,
            91688740000000,
            935819350000,
            11018545000000,
            2269582000000,
            1321108500000,
            29089190000000,
            1271689100000,
            1411702600000,
            2236284100000,
            23351974000000,
            20337629000000,
            428799670000000,
            4442600000000,
            358764150000000,
            345143400000,
            350724600000000,
            3369648000000,
            23836324000000,
            359300820000000,
            511650920000,
            23446749000000,
            34181524000000,
            1849594200000,
            838960100000,
            41013704000000,
            4912491000000,
            1660215400000,
            40049266000000,
            1240185000000,
            345782750000000,
            1494240700000,
            344039600000000,
            25384289000000,
            1109083000000000,
            41122250000000,
            2511940400000,
            1913118000000,
            344933860000000,
            2330440800000,
            2229911700000,
            4188992400000,
            89507070000000,
            349667900000000,
            1392470400000,
            24203068000000,
            1307407400000,
            10739148000000,
            40079137000000,
            11207469000000,
            4067155800000,
            11629416000000,
            611356000000,
            4956594000000,
            14354767000000,
            6018588700000,
            2590646500000,
            1065373140000,
            52599055000000,
            2967102600000,
            1344762300000,
            1410424100000,
            18552115000000,
            15593789000000,
            13623664000000,
            11566180000000,
            1445020300000,
            1428736000000,
            2127864300000,
            13813032000000,
            95632180000000,
            346627100000000,
            3076410000000,
            1063272000000,
            83147660000000,
            349635570000000,
            346026000000000,
            10332073000000,
            453329550000,
            178337480000000,
            26779329000000,
            24820333000000,
            2259143600000,
            15396877000000,
            1235241300000,
            564894000000,
            487084230000,
            855019700000000,
            2478308300000,
            1788103100000,
            38861934000000,
            348137330000000,
            2967728000000,
            344536770000000,
            3730407400000,
            10604167000000,
            38730740000000,
            2501187500000,
            13502277000000,
            11558485000000,
            39632460000000,
            31866113000000,
            2108003500000,
            71352330000000,
            91688760000000,
            935818300000,
            11018560000000,
            2269592400000,
            1321114800000,
            29089182000000,
            1271645200000,
            1411655800000,
            2236250300000,
            23350338000000,
            20337402000000,
            428794840000000,
            4442302000000,
            358761240000000,
            345153270000,
            350723880000000,
            3369537000000,
            23835978000000,
            359298100000000,
            511683820000,
            23445866000000,
            34180864000000,
            1849677000000,
            838883800000,
            41014295000000,
            4912723000000,
            1660351700000,
            40050834000000,
            1240099600000,
            345780870000000,
            1494182400000,
            344039030000000,
            25384018000000,
            1109089940000000,
            41121870000000,
            2511932000000,
            1913055700000,
            344932600000000,
            2330426000000,
            2229931300000,
            4188870800000,
            89507080000000,
            349666900000000,
            1392426700000,
            24202717000000,
            1307282100000,
            10738899000000,
            40078730000000,
            11207149000000,
            4067122000000,
            11629226000000,
            611254860000,
            4956407500000,
            14354757000000,
            6018576000000,
            2590513600000,
            1065309040000,
            52599000000000,
            2966923200000,
            1344608500000,
            1410297800000,
            18551878000000,
            15593575000000,
            13623546000000,
            11566030000000,
            1444948600000,
            1428640600000,
            2127827800000,
            13812908000000,
            95631920000000,
            346626600000000,
            3076295000000,
            1063193700000,
            83147440000000,
            349635000000000,
            346024780000000,
            10332256000000,
            453286100000,
            178336450000000,
            26779080000000,
            24820027000000,
            2259176400000,
            15396901000000,
            1235253500000,
            564936700000,
            487083700000,
            855017660000000,
            2478342100000,
            1788166800000,
            38861960000000,
            348135650000000,
            2967715200000,
            344534420000000,
            3730378000000,
            10604221000000,
            38730610000000,
            2501296300000,
            13502213000000,
            11558620000000,
            39632360000000,
            31866076000000,
            2108015800000,
            71352050000000,
            91688320000000,
            935795950000,
            11018577000000,
            2269551800000,
            1321082000000,
            29089115000000,
            1271624400000,
            1411634700000,
            2236188500000,
