{
    "perfs_self_play": {
        "time": 1466.489661495,
        "allocated": 2815764488966,
        "gc_time": 499.641635797
    },
    "perfs_memory_analysis": {
        "time": 3.05e-7,
        "allocated": 0,
        "gc_time": 0
    },
    "perfs_learning": {
        "time": 593.699539157,
        "allocated": 998356278987,
        "gc_time": 132.566765266
    },
    "self_play": {
        "samples_gen_speed": 2.617380905423707,
        "average_exploration_depth": 2.248500201770728,
        "mcts_memory_footprint": 195915072,
        "memory_size": 7000,
        "memory_num_distinct_boards": 6458
    },
    "memory": null,
    "learning": {
        "time_convert": 0.932260791,
        "time_loss": 14.556773763999999,
        "time_train": 15.3402114,
        "time_eval": 558.93561874,
        "initial_status": {
            "loss": {
                "L": 339.31326,
                "Lp": 0.3956559,
                "Lv": 339.79843,
                "Lreg": 0.0003136197,
                "Linv": 4.0122364e-10
            },
            "Hp": 2.545167,
            "Hpnet": 2.8946207
        },
        "losses": [
            4.8836584,
            21.754078,
            4.5194216,
            1.9242291,
            49.338493,
            4.384662,
            8.615957,
            5.0246243,
            2.3581095,
            51.50169,
            5.3464146,
            28.58826,
            4374.3975,
            33.475315,
            5.8115654,
            15.127427,
            7.2573843,
            2.5909762,
            2607.0027,
            5.385709,
            3.2432103,
            2.0081336,
            2.877947,
            36.791656,
            8.724642,
            5.4025683,
            6.711731,
            2.484838,
            4.7636704,
            15.786382,
            2.736842,
            5.1374946,
            6.1938896,
            3.658943,
            9.170066,
            470.88083,
            3.9105573,
            26.928312,
            3.070391,
            27.847677,
            49.09705,
            2.6193736,
            3.3661504,
            2.4162827,
            5.259904,
            7.5229945,
            28.951275,
            6.0818086,
            3.495312,
            2.2410657,
            1322.51,
            26.139654,
            45.68137,
            31.096588,
            11.8059,
            4.6941905,
            5.8486166,
            35.154022,
            4.000648,
            6.946545,
            9.248214,
            30.020979,
            5.5714636,
            4343.1685,
            12.224101,
            17.372353,
            3.7702599,
            27.44693,
            7.4198155,
            3.3179057,
            4354.4043,
            12.705651,
            25.310772,
            4350.072,
            4.7849813,
            12.0722475,
            11.472647,
            10.252279,
            4285.4546,
            34.18917,
            31.432892,
            7.222602,
            5.984346,
            14.482332,
            9.060394,
            2515.254,
            73.28756,
            13.626665,
            68.44453,
            54.10832,
            29.905014,
            4244.24,
            17.823898,
            44.960148,
            15.723872,
            153.48944,
            12.007245,
            11.45961,
            9.335168,
            13.893788,
            10.38903,
            23.776386,
            7.8867927,
            3.7885857,
            48.049946,
            5.5377507,
            10.11517,
            4.931015,
            2.8786163,
            52.34613,
            5.9286895,
            27.959488,
            4378.1577,
            32.706207,
            6.527856,
            15.060804,
            7.2940893,
            4.4458623,
            2587.945,
            7.049905,
            5.3061514,
            4.049376,
            6.920994,
            38.9638,
            10.43041,
            7.8445168,
            9.076541,
            3.9599502,
            5.570973,
            16.075266,
            2.8042927,
            4.553211,
            5.9785185,
            3.2383227,
            6.4711185,
            477.48004,
            2.6842334,
            27.68956,
            3.0900183,
            26.440077,
            49.66088,
            2.1011307,
            2.5364094,
            2.4003017,
            4.548553,
            7.0600934,
            28.438103,
            4.9027658,
            2.5287259,
            1.8298798,
            1353.9725,
            25.490477,
            45.62713,
            29.477356,
            11.594148,
            5.0701275,
            5.937485,
            36.870125,
            3.7868857,
            6.9275875,
            9.81427,
            30.423388,
            5.5842075,
            4360.0674,
            12.496471,
            16.439682,
            3.4258819,
            27.731813,
            7.450633,
            3.3834498,
            4373.6445,
            12.867052,
            23.189268,
            4362.666,
            5.6215634,
            11.519697,
            11.726486,
            10.399042,
            4307.81,
            36.507214,
            32.174313,
            6.9401736,
            5.783683,
            13.939134,
            10.509142,
            2523.2725,
            73.54891,
            12.295531,
            68.36003,
            51.825207,
            29.802673,
            4243.4863,
            17.716347,
            44.195942,
            14.714797,
            152.57076,
            11.910389,
            11.839266,
            9.9503565,
            15.3826885,
            11.25062,
            23.594427,
            8.482001,
            3.7254438,
            47.746235,
            6.4320045,
            11.829606,
            5.3962955,
            2.4296484,
            52.793552,
            4.8043404,
            27.24788,
            4362.473,
            33.900043,
            6.1530495,
            14.86757,
            7.18893,
            4.31372,
            2584.3071,
            7.1026306,
            5.1952667,
            3.6049342,
            6.578665,
            39.161396,
            10.714403,
            9.103555,
            9.953605,
            4.307504,
            6.6956596,
            16.738796,
            3.7750695,
            6.3927197,
            6.66371,
            4.4045916,
            8.832157,
            462.00867,
            3.6704836,
            26.96338,
            2.8976417,
            27.540487,
            49.22071,
            2.4777832,
            2.904592,
            2.1793587,
            4.08,
            7.4366503,
            28.831568,
            6.2219887,
            3.1919158,
            2.0286922,
            1336.2474,
            25.593239,
            45.509117,
            31.077738,
            12.485927,
            5.174877,
            7.0881543,
            36.796066,
            3.9657228,
            8.478206,
            10.412339,
            30.568722,
            6.3881025,
            4334.4526,
            14.096668,
            18.562052,
            4.3292494,
            27.936735,
            9.596856,
            3.9281883,
            4333.3916,
            14.877171,
            26.125397,
            4325.9287,
            6.1389165,
            14.62004,
            14.514956,
            12.909635,
            4256.9253,
            35.887966,
            32.978462,
            8.822838,
            7.891364,
            16.842712,
            10.024107,
            2497.0295,
            74.52092,
            15.120157,
            66.920204,
            56.83243,
            31.531744,
            4223.9795,
            20.041502,
            45.836235,
            15.778971,
            150.95164,
            12.866571,
            12.167885,
            9.499466,
            14.024823
        ],