{
    "perfs_self_play": {
        "time": 1472.83773875,
        "allocated": 2865206616956,
        "gc_time": 475.316381269
    },
    "perfs_memory_analysis": {
        "time": 3.78e-7,
        "allocated": 0,
        "gc_time": 0
    },
    "perfs_learning": {
        "time": 699.103715901,
        "allocated": 1100388527724,
        "gc_time": 148.583867287
    },
    "self_play": {
        "samples_gen_speed": 2.8373098249340956,
        "average_exploration_depth": 2.1678911609607048,
        "mcts_memory_footprint": 216625184,
        "memory_size": 6000,
        "memory_num_distinct_boards": 5674
    },
    "memory": null,
    "learning": {
        "time_convert": 1.186887798,
        "time_loss": 9.48555802,
        "time_train": 45.485270814,
        "time_eval": 637.949991103,
        "initial_status": {
            "loss": {
                "L": 9572768000000,
                "Lp": 0.29340065,
                "Lv": 9562268000000,
                "Lreg": 0.0029074817,
                "Linv": -1.11690567e-10
            },
            "Hp": 2.7143006,
            "Hpnet": 3.0524096
        },
        "losses": [
            8666904300000,
            1117971800000,
            9954915000000,
            6696340600000,
            12898199000000,
            1110894600000,
            714807900000,
            2117845500000,
            5273189600000,
            1864554900000,
            20475118000000,
            6651714700000,
            1823200400000,
            6414895400000,
            12883634000000,
            2418131000000,
            3591359000000,
            19975499000000,
            10659659000000,
            9737820000000,
            7272126000000,
            9077017000000,
            1797856400000,
            17356611000000,
            6530566000000,
            3412797700000,
            1886517300000,
            6002461600000,
            7048806000000,
            1312161300000,
            6695893000000,
            7787854700000,
            8297241000000,
            3818693600000,
            11753171000000,
            26770338000000,
            11027642000000,
            10410318000000,
            996219100000,
            11371553000000,
            7453250400000,
            6858300500000,
            3842143700000,
            2045381800000,
            3990566500000,
            4238827000000,
            3556575000000,
            2461757900000,
            4252263800000,
            3039467100000,
            2616896800000,
            170955800000000,
            12249157000000,
            1669614700000,
            12963790000000,
            652318600000,
            16861758000000,
            96584805000000,
            19388695000000,
            1311502500000,
            2796461800000,
            1506220600000,
            7054294000000,
            15296267000000,
            3209209600000,
            1437524000000,
            13155307000000,
            14618275000000,
            3370860700000,
            8002808600000,
            8520394600000,
            3716476300000,
            2568016600000,
            17877317000000,
            5914408500000,
            1579985300000,
            1481221600000,
            2919420000000,
            2572974300000,
            4801584000000,
            6581666700000,
            1503720100000,
            3646193400000,
            1540220400000,
            12234258000000,
            2651251000000,
            7777369000000,
            5929590300000,
            8666750000000,
            1117911300000,
            9954633000000,
            6696125000000,
            12898114000000,
            1110863900000,
            714791600000,
            2117779000000,
            5273122000000,
            1864528000000,
            20474982000000,
            6651573000000,
            1823171300000,
            6414853000000,
            12883571000000,
            2418111700000,
            3591340000000,
            19975425000000,
            10659631000000,
            9737755000000,
            7272064400000,
            9076951000000,
            1797838200000,
            17356501000000,
            6530519000000,
            3412748400000,
            1886476000000,
            6002419000000,
            7048735000000,
            1312121000000,
            6695862000000,
            7787799600000,
            8297246600000,
            3818676600000,
            11753082000000,
            26770100000000,
            11027351000000,
            10410073000000,
            996129600000,
            11371675000000,
            7452933000000,
            6858239000000,
            3842100700000,
            2045333600000,
            3990554400000,
            4238801400000,
            3556514200000,
            2461718000000,
            4252224200000,
            3039419200000,
            2616835700000,
            170955590000000,
            12249104000000,
            1669570400000,
            12963724000000,
            652282000000,
            16861662000000,
            96584650000000,
            19388588000000,
            1311471000000,
            2796404300000,
            1506186600000,
            7054268000000,
            15296214000000,
            3209159500000,
            1437491900000,
            13155245000000,
            14618172000000,
            3370798300000,
            8002726000000,
            8520291300000,
            3716420700000,
            2567932200000,
            17877195000000,
            5914347700000,
            1579930500000,
            1481190300000,
            2919375800000,
            2572920300000,
            4801517600000,
            6581556600000,
            1503691500000,
            3646150400000,
            1540187500000,
            12234191000000,
            2651210600000,
            7777325000000,
            5929571000000,
            8666637000000,
            1117878000000,
            9954561000000,
            6696069500000,
            12898051000000,
            1110838300000,
            714779460000,
            2117751900000,
            5273113600000,
            1864463300000,
            20474912000000,
            6651568000000,
            1823141900000,
            6414809000000,
            12883459000000,
            2418061600000,
            3591279700000,
            19975239000000,
            10659574000000,
            9737622000000,
            7271958000000,
            9076828000000,
            1797839700000,
            17356334000000,
            6530454000000,
            3412710000000,
            1886438400000,
            6002326000000,
            7048321000000,
            1312082100000,
            6695814000000,
            7787711000000,
            8297160600000,
            3818631200000,
            11753001000000,
            26770212000000,
            11027301000000,
            10409961000000,
            996109100000,
            11371659000000,
            7452812000000,
            6858210000000,
            3842045400000,
            2045303600000,
            3990524800000,
            4238775200000,
            3556472500000,
            2461675300000,
            4252181500000,
            3039361500000,
            2616784600000,
            170955400000000,
            12249050000000,
            1669527600000,
            12963673000000,
            652253660000,
            16861578000000,
            96584490000000,
            19388472000000,
            1311442300000,
            2796355000000,
            1506159400000,
            7054235000000,
            15296133000000,
            3209114700000,
            1437456800000,
            13155170000000,
            14618074000000,
            3370743000000,
            8002642400000,
            8520207400000,
            3716371700000,
            2567858300000,
            17877074000000,
            5914298000000,
