{
    "perfs_self_play": {
        "time": 1454.191331313,
        "allocated": 2551288245581,
        "gc_time": 576.652592927
    },
    "perfs_memory_analysis": {
        "time": 5.31e-7,
        "allocated": 0,
        "gc_time": 0
    },
    "perfs_learning": {
        "time": 718.044845456,
        "allocated": 1116234535803,
        "gc_time": 201.090398777
    },
    "self_play": {
        "samples_gen_speed": 2.802783937203881,
        "average_exploration_depth": 2.2276426488323184,
        "mcts_memory_footprint": 420780512,
        "memory_size": 7000,
        "memory_num_distinct_boards": 6497
    },
    "memory": null,
    "learning": {
        "time_convert": 0.880813072,
        "time_loss": 15.150902422999998,
        "time_train": 16.035685551,
        "time_eval": 680.3769757160001,
        "initial_status": {
            "loss": {
                "L": 0.81182444,
                "Lp": 0.14957687,
                "Lv": 0.6613171,
                "Lreg": 0.00018984046,
                "Linv": -4.3554416e-10
            },
            "Hp": 2.682684,
            "Hpnet": 2.8379583
        },
        "losses": [
            0.6561585,
            0.9531132,
            1.1049519,
            1.029987,
            0.8977138,
            0.8561169,
            0.7545516,
            0.66668427,
            0.5867407,
            0.7313758,
            0.7193952,
            0.87575203,
            0.8577059,
            1.0201693,
            0.68659616,
            0.85833484,
            0.84453756,
            0.73059094,
            0.6929497,
            0.7318891,
            0.92759264,
            0.5685979,
            0.8565354,
            0.68019724,
            0.85128725,
            0.9181232,
            0.78390884,
            0.8585293,
            0.84672576,
            0.7597466,
            0.84983885,
            0.6377269,
            0.57884705,
            0.6526737,
            0.7836603,
            0.62672377,
            0.86023456,
            0.97785085,
            0.8220935,
            0.8993741,
            0.9000881,
            1.1566846,
            0.78427315,
            0.7959277,
            0.9382895,
            0.68926764,
            0.92083246,
            0.8254564,
            0.7103009,
            0.80321103,
            0.9515552,
            0.57371336,
            0.8492797,
            0.6948856,
            0.5144455,
            0.6829684,
            0.75181746,
            1.1212438,
            0.61206615,
            0.95670307,
            0.7447857,
            0.80513823,
            0.8373717,
            0.7966012,
            0.8458179,
            0.68674934,
            0.75214404,
            0.8743939,
            0.8552846,
            0.7838602,
            0.7671257,
            0.7564657,
            0.8096895,
            0.78539056,
            0.5430987,
            0.9675847,
            0.6559091,
            0.6962171,
            0.6086321,
            1.1023799,
            0.73782754,
            0.7987913,
            0.71184516,
            0.8974057,
            0.84507203,
            0.8468162,
            0.81426096,
            0.9311067,
            0.7840496,
            0.6152578,
            0.7982568,
            0.77315885,
            0.6196455,
            0.9084347,
            0.5718865,
            0.9229766,
            0.7868768,
            0.9224397,
            1.2768806,
            0.8810917,
            0.7382978,
            0.6412986,
            0.9268297,
            1.0725302,
            1.0328829,
            0.89788896,
            0.843314,
            0.7539831,
            0.6483017,
            0.57274127,
            0.7568423,
            0.68808246,
            0.8993402,
            0.8635243,
            1.0385878,
            0.67045665,
            0.8458982,
            0.8400363,
            0.7466468,
            0.69802403,
            0.7188339,
            0.94361097,
            0.56671274,
            0.864438,
            0.6850747,
            0.8470014,
            0.9275885,
            0.79114735,
            0.85418195,
            0.8338222,
            0.7565399,
            0.8445549,
            0.62662965,
            0.5812603,
            0.6570797,
            0.76980245,
            0.6292838,
            0.85503334,
            0.9628316,
            0.81228733,
            0.90445554,
            0.90997875,
            1.1530681,
            0.78451467,
            0.78634334,
            0.9345264,
            0.68536377,
            0.9164403,
            0.8197744,
            0.7001561,
            0.81567293,
            0.9339847,
            0.55531466,
            0.83263505,
            0.689206,
            0.50650537,
            0.68430394,
            0.7455914,
            1.1121764,
            0.61057043,
            0.9527702,
            0.73532695,
            0.7908204,
            0.8405294,
            0.7946359,
            0.8462965,
            0.6546798,
            0.74226683,
            0.85333943,
            0.8152499,
            0.78067195,
            0.7670061,
            0.75495243,
            0.7991219,
            0.78880894,
            0.5538193,
            0.967073,
            0.65567195,
            0.69027877,
            0.635619,
            1.1094701,
            0.74878657,
            0.8051151,
            0.7037474,
            0.917406,
            0.84048533,
            0.83148444,
            0.84856623,
            0.94841754,
            0.76969004,
            0.6349682,
            0.7556626,
            0.7797651,
            0.6275129,
            0.92545134,
            0.5774312,
            0.8775227,
            0.7793573,
            0.92375815,
            1.2847583,
            0.8834527,
            0.73581433,
            0.64343995,
            0.9313891,
            1.0996501,
            1.0385466,
            0.902544,
            0.84913856,
            0.7679655,
            0.6523425,
            0.57689273,
            0.7634194,
            0.7020931,
            0.8648381,
            0.8181637,
            1.00352,
            0.67101336,
            0.84975547,
            0.8469567,
            0.7382682,
            0.6741852,
            0.7161096,
            0.92990035,
            0.5574054,
            0.8718097,
            0.6893276,
            0.8368977,
            0.9110926,
            0.7809724,
            0.8395307,
            0.8176512,
            0.7559946,
            0.8357022,
            0.6219496,
            0.57776976,
            0.6611338,
            0.7656763,
            0.63131183,
            0.84757555,
            0.9625034,
            0.819395,
            0.8995931,
            0.90559506,
            1.1576648,
            0.7781138,
            0.78512824,
            0.9249472,
            0.6778691,
            0.90322495,
            0.81314844,
            0.6867466,
            0.8053372,
            0.93350476,
            0.5552203,
            0.81525433,
            0.67550737,
            0.49063793,
            0.69288325,
            0.7378527,
            1.1166583,
            0.60341376,
            0.9528417,
            0.7161692,
            0.7762162,
            0.815395,
            0.776908,
            0.8489347,
            0.6443348,
            0.7424333,
            0.8575313,
            0.81000656,
            0.77865374,
            0.7455196,
            0.7578331,
            0.7860552,
            0.8003873,
            0.5234819,
            0.97447723,
            0.6527684,
            0.6761473,
            0.61399406,
            1.0649972,
            0.74236935,
            0.7972839,
            0.6966343,
            0.8920299,
            0.8425056,
            0.8487657,
            0.82099307,
            0.92799336,
            0.7634663,
            0.610075,
            0.76118594,
            0.7694128,
