{
    "perfs_self_play": {
        "time": 1495.511935931,
        "allocated": 2880385310341,
        "gc_time": 463.082892449
    },
    "perfs_memory_analysis": {
        "time": 3.25e-7,
        "allocated": 0,
        "gc_time": 0
    },
    "perfs_learning": {
        "time": 649.569504519,
        "allocated": 1089099309524,
        "gc_time": 127.766454846
    },
    "self_play": {
        "samples_gen_speed": 2.975827953318828,
        "average_exploration_depth": 2.260666607270603,
        "mcts_memory_footprint": 217580576,
        "memory_size": 7000,
        "memory_num_distinct_boards": 6620
    },
    "memory": null,
    "learning": {
        "time_convert": 0.846475489,
        "time_loss": 9.999061444,
        "time_train": 11.527234717999999,
        "time_eval": 623.575573718,
        "initial_status": {
            "loss": {
                "L": 2218914200000,
                "Lp": 0.3042688,
                "Lv": 2214444100000,
                "Lreg": 0.028430719,
                "Linv": 1.0680374e-9
            },
            "Hp": 2.6251364,
            "Hpnet": 2.9456615
        },
        "losses": [
            1164767500000,
            15706551000000,
            267123880000,
            440859100000,
            5487321400000,
            5865146400000,
            5320896000000,
            5479012000000,
            453461970000,
            2043972000000,
            237063300000,
            456457200000,
            1264098300000,
            1401480400000,
            351410700000,
            188022000000,
            5486301700000,
            1580402700000,
            448106600000,
            12440997000000,
            386155200000,
            6568528600000,
            10768233000000,
            311737500000,
            270596540000,
            7810433000000,
            6294089500000,
            312434800000,
            198600400000,
            379675740000,
            1730418700000,
            2735077300000,
            5446126500000,
            275911020000,
            504029400000,
            1271761900000,
            592640930000,
            116816210000,
            5419589000000,
            800820100000,
            328067840000,
            415481920000,
            912847500000,
            2725061000000,
            1482649800000,
            5550700000000,
            371118370000,
            1028883900000,
            472671780000,
            647184060000,
            5908556400000,
            1138155800000,
            323397450000,
            9486459000000,
            759029240000,
            365006720000,
            242685560000,
            5234413000000,
            310457760000,
            904312800000,
            589793900000,
            1570065500000,
            364286480000,
            226632170000,
            560743600000,
            494094500000,
            227243400000,
            589342700000,
            496620240000,
            1626410600000,
            5441732500000,
            539501820000,
            281387800000,
            1144867300000,
            10355028000000,
            223021470000,
            1242522700000,
            5318819400000,
            428883300000,
            704156400000,
            83934160000,
            408408260000,
            557263360000,
            499806040000,
            255994990000,
            468452180000,
            9288455000000,
            178770210000,
            245423240000,
            869869900000,
            1933073700000,
            1712642700000,
            2092025000000,
            1904589400000,
            432888700000,
            270243450000,
            551591100000,
            1182724500000,
            326068500000,
            261078090000,
            15139560000000,
            490781180000,
            514151450000,
            1164787200000,
            15706333000000,
            267119400000,
            440850250000,
            5487215500000,
            5865109700000,
            5320872600000,
            5478913000000,
            453427500000,
            2043902700000,
            237043290000,
            456399260000,
            1264096200000,
            1401436600000,
            351411860000,
            188002960000,
            5486278000000,
            1580365600000,
            448100100000,
            12440881000000,
            386142340000,
            6568352400000,
            10768038000000,
            311713140000,
            270593790000,
            7810325000000,
            6294015000000,
            312430430000,
            198591230000,
            379664400000,
            1730357000000,
            2735262400000,
            5446005400000,
            275864030000,
            504002640000,
            1271732500000,
            592613100000,
            116810244000,
            5419495000000,
            800804300000,
            328058700000,
            415458070000,
            912784750000,
            2724920000000,
            1482551600000,
            5550622400000,
            371093470000,
            1028854600000,
            472656180000,
            647133130000,
            5908454000000,
            1138127000000,
            323386300000,
            9486309000000,
            759019900000,
            365001600000,
            242657940000,
            5234354600000,
            310441740000,
            904259400000,
            589706200000,
            1570063100000,
            364260700000,
            226616460000,
            560717230000,
            494065880000,
            227226060000,
            589335360000,
            496614930000,
            1626466000000,
            5441585700000,
            539473280000,
            281360430000,
            1144869600000,
            10354852000000,
            223013000000,
            1242552900000,
            5318650000000,
            428883840000,
            704100040000,
            83924620000,
            408409150000,
            557205200000,
            499795430000,
            255983710000,
            468428230000,
            9288345000000,
            178756780000,
            245415130000,
            869808900000,
            1932974200000,
            1712643000000,
            2091987100000,
            1904523600000,
            432849600000,
            270235320000,
            551578440000,
            1182731100000,
            326059660000,
            261062120000,
            15139419000000,
            490772500000,
            514091600000,
            1164784400000,
            15706127000000,
            267110170000,
            440837300000,
            5487105400000,
            5865053600000,
            5320828000000,
            5478852000000,
            453415270000,
            2043901500000,
            237042300000,
            456389560000,
            1264075800000,
            1401423800000,
            351385750000,
            187998290000,
            5486242400000,
            1580383900000,
            448105300000,
            12440703000000,
            386120120000,
            6568234500000,
            10767844000000,
            311689740000,
            270586380000,
            7810187300000,
            6293912300000,
            312403600000,
            198571570000,
            379634900000,
            1730262500000,
            2735163800000,
            5445891000000,
            275864880000,
            503970230000,
            1271715500000,
            592579600000,
            116800060000,
            5419309000000,
            800803100000,
            328038500000,
            415420500000,
            912739100000,
            2724651000000,
            1482439900000,
            5550525400000,
            371079680000,
            1028817700000,
            472618800000,
            647130250000,
            5908404400000,
            1138059200000,
