{
    "perfs_self_play": {
        "time": 21.150588627,
        "allocated": 5375590072,
        "gc_time": 0.743719297
    },
    "perfs_memory_analysis": {
        "time": 3.08e-7,
        "allocated": 0,
        "gc_time": 0
    },
    "perfs_learning": {
        "time": 28.799407312,
        "allocated": 16546644272,
        "gc_time": 2.156983118
    },
    "self_play": {
        "samples_gen_speed": 19.965512538640525,
        "average_exploration_depth": 0.875,
        "mcts_memory_footprint": 1636320,
        "memory_size": 2100,
        "memory_num_distinct_boards": 2100
    },
    "memory": null,
    "learning": {
        "time_convert": 0.539609291,
        "time_loss": 8.164629768000001,
        "time_train": 1.689465516,
        "time_eval": 14.285429158,
        "initial_status": {
            "loss": {
                "L": 166050690000000000,
                "Lp": 0.93359035,
                "Lv": 166050690000000000,
                "Lreg": 0.00067440583,
                "Linv": -19.509737
            },
            "Hp": 1.6459723,
            "Hpnet": 2.5795648
        },
        "losses": [
            26547347000000000,
            104805740000000000,
            220911330000000000,
            6636842000000000,
            220876320000000000,
            220876320000000000,
            104805740000000000,
            220067840000000000,
            220915560000000000,
            220718150000000000,
            59220070000000000,
            220916100000000000,
            220911400000000000,
            220916100000000000,
            59220070000000000,
            104805740000000000,
            203357250000000000,
            203357250000000000,
            220876390000000000,
            220876390000000000,
            26547347000000000,
            220067900000000000,
            220916100000000000,
            26547347000000000,
            59220070000000000,
            220911400000000000,
            26547347000000000,
            220916100000000000,
            220876390000000000,
            6636842000000000,
            26547347000000000,
            220916040000000000,
            26547347000000000,
            220915560000000000,
            6636842000000000,
            220915920000000000,
            220915920000000000,
            220876320000000000,
            220916040000000000,
            6636842000000000,
            163314200000000000,
            220916040000000000,
            220915920000000000,
            215506680000000000,
            220876320000000000,
            220915560000000000,
            104805740000000000,
            220915610000000000,
            163314200000000000,
            26547347000000000,
            59220070000000000,
            220067900000000000,
            220876390000000000,
            220911400000000000,
            220916100000000000,
            6636842000000000,
            6636842000000000,
            215506750000000000,
            220911400000000000,
            203357250000000000,
            220067900000000000,
            220876390000000000,
            220915970000000000,
            220718150000000000,
            104805740000000000,
            26547347000000000,
            220067840000000000,
            59220070000000000,
            215506680000000000,
            220915560000000000,
            220911330000000000,
            215506680000000000,
            215506680000000000,
            220067840000000000,
            26547347000000000,
            220718150000000000,
            104805740000000000,
            220911330000000000,
            104805740000000000,
            215506750000000000,
            26547347000000000,
            215506750000000000,
            6636842000000000,
            220915970000000000,
            163314200000000000,
            220718200000000000,
            215506750000000000,
            59220070000000000,
            220916100000000000,
            104805740000000000,
            220915610000000000,
            220911400000000000,
            220915920000000000,
            163314200000000000,
            203357250000000000,
            26547347000000000,
            163314200000000000,
            220915920000000000,
            220915560000000000,
            203357250000000000,
            163314200000000000,
            203357250000000000,
            220067840000000000,
            163314200000000000,
            220915560000000000,
            220718200000000000,
            220915610000000000,
            26547347000000000,
            215506750000000000,
            6636842000000000,
            59220070000000000,
            220718150000000000,
            220067840000000000,
            6636842000000000,
            220876320000000000,
            163314200000000000,
            26547347000000000,
            26547347000000000,
            220067840000000000,
            215506680000000000,
            220915920000000000,
            220876320000000000,
            220916040000000000,
            220915920000000000,
            220718150000000000,
            220916040000000000,
            220915560000000000,
            6636842000000000,
            104805740000000000,
            59220070000000000,
            220876320000000000,
            26547347000000000,
            220718150000000000,
            220915560000000000,
            220911330000000000,
            163314200000000000,
            104805740000000000,
            220915920000000000,
            6636842000000000,
            220915560000000000,
            220915920000000000,
            220911330000000000,
            220915560000000000,
            104805740000000000,
            104805740000000000,
            220916040000000000,
            104805740000000000,
            26547347000000000,
            6636842000000000,
            104805740000000000,
            220911330000000000,
            215506680000000000,
            59220070000000000,
            220915920000000000,
            59220070000000000,
            220911330000000000,
            26547347000000000,
            6636842000000000,
            59220070000000000,
            220718150000000000,
            220876320000000000,
            163314200000000000,
            104805740000000000,
            104805740000000000,
            220916040000000000,
            220718150000000000,
            26547347000000000,
            220916040000000000,
            220915560000000000,
            104805740000000000,
            163314200000000000,
            59220070000000000,
            203357250000000000,
            163314200000000000,
            220067840000000000,
            220915560000000000,
            220911330000000000,
            215506680000000000,
            203357250000000000,
            220718150000000000,
            220915560000000000,
            6636842000000000,
            26547347000000000,
            59220070000000000,
            220915920000000000,
            59220070000000000,
            220915920000000000,
            163314200000000000,
            104805740000000000,
            220718150000000000,
            220911330000000000,
            6636842000000000,
            203357250000000000,
            220911330000000000,
            220718150000000000,
            163314200000000000,
            220911330000000000,
            203357250000000000,
            220718150000000000,
            26547347000000000,
            220915560000000000,
            220915560000000000,
            220876320000000000,
            26547347000000000,
            26547347000000000,
            220916040000000000,
            220916040000000000,
            220876320000000000,
            220915560000000000,
            220911330000000000,
            59220070000000000,
            215506680000000000,
            220911400000000000,
            220911400000000000,
            104805740000000000,
            220916100000000000,
