{
    "perfs_self_play": {
        "time": 975.233684082,
        "allocated": 1885702355318,
        "gc_time": 357.39861908
    },
    "perfs_memory_analysis": {
        "time": 3.71e-7,
        "allocated": 0,
        "gc_time": 0
    },
    "perfs_learning": {
        "time": 493.070911882,
        "allocated": 825317355258,
        "gc_time": 132.529045067
    },
    "self_play": {
        "samples_gen_speed": 2.3081342148053157,
        "average_exploration_depth": 2.1218345769197406,
        "mcts_memory_footprint": 125235968,
        "memory_size": 6000,
        "memory_num_distinct_boards": 5313
    },
    "memory": null,
    "learning": {
        "time_convert": 1.131233093,
        "time_loss": 16.348906659999997,
        "time_train": 16.085927159,
        "time_eval": 453.91660094,
        "initial_status": {
            "loss": {
                "L": 123.96698,
                "Lp": 0.5845871,
                "Lv": 122.32059,
                "Lreg": 0.00037612327,
                "Linv": -7.9444995e-10
            },
            "Hp": 2.630651,
            "Hpnet": 3.1859076
        },
        "losses": [
            7.5623817,
            5.802026,
            470.69357,
            3.8921545,
            89.51707,
            8.057661,
            4.228231,
            65.72054,
            6.9172907,
            6.391856,
            6.72668,
            14.604313,
            6.7077394,
            44.55037,
            7.421976,
            41.954975,
            993.4932,
            4.1876206,
            7.6484284,
            7.2845864,
            2472.6846,
            249.02597,
            4.0474277,
            5.971159,
            54.466854,
            7.3819427,
            25.387182,
            39.410778,
            23.703247,
            23.096418,
            512.8091,
            100.26007,
            10.905,
            10.456315,
            20.373205,
            8.44755,
            64.02556,
            328.89645,
            46.74834,
            28.488356,
            10.33949,
            7.4563537,
            36.914818,
            115.78505,
            12.003154,
            808.5409,
            10.970516,
            17.472094,
            10.324756,
            368.22324,
            273.73212,
            10.119337,
            19.086817,
            19.31588,
            12.23795,
            8.9840355,
            72.91692,
            60.323997,
            64.73519,
            6.790941,
            7.3788986,
            16.397,
            21.429304,
            269.13052,
            6.087935,
            256.81076,
            58.125343,
            52.629726,
            7.9302983,
            6.797314,
            238.50493,
            9.329678,
            8.16785,
            12.117273,
            13.6260805,
            5.069147,
            3.8522031,
            6.8546147,
            11.130373,
            54.235645,
            1063.2257,
            268.40863,
            4.549582,
            7.2307386,
            5.3121324,
            495.89392,
            4.7659225,
            84.284584,
            10.587923,
            7.097874,
            66.11089,
            8.608381,
            9.625264,
            8.201607,
            16.089466,
            7.971174,
            41.751072,
            7.76695,
            38.71824,
            981.76624,
            4.6076107,
            7.689977,
            7.9991612,
            2476.416,
            249.05812,
            4.2650366,
            6.381088,
            54.927155,
            7.9882708,
            24.56732,
            40.31242,
            24.142618,
            21.923077,
            513.7813,
            98.8284,
            11.15216,
            10.691983,
            20.331308,
            8.021996,
            64.52131,
            325.02905,
            47.36842,
            28.805359,
            8.759371,
            6.062768,
            34.74824,
            104.744934,
            8.702204,
            803.0003,
            8.025895,
            16.776224,
            9.462646,
            370.5181,
            270.56546,
            9.3392515,
            17.271904,
            21.304878,
            12.009295,
            9.302966,
            71.60896,
            60.163837,
            56.554962,
            6.255442,
            7.4125824,
            14.291703,
            22.279442,
            265.36627,
            5.865271,
            255.0613,
            53.468014,
            51.62744,
            7.807818,
            8.36625,
            238.3142,
            11.390712,
            8.500449,
            12.396904,
            13.279986,
            4.849731,
            3.401908,
            7.299505,
            10.923213,
            53.67103,
            1070.6697,
            263.68903,
            4.702619,
            8.814686,
            5.367134,
            499.52954,
            3.355298,
            82.826744,
            7.864299,
            4.918109,
            65.85984,
            6.586521,
            8.117162,
            7.0205717,
            13.596356,
            6.5953293,
            44.220566,
            7.4108963,
            35.302547,
            989.60333,
            4.8250065,
            7.8932824,
            8.162614,
            2464.303,
            248.38403,
            5.08225,
            8.238818,
            54.59201,
            9.091954,
            23.572546,
            38.267925,
            23.947824,
            19.525215,
            497.02423,
            95.52773,
            12.78559,
            11.722691,
            18.77797,
            7.6233735,
            64.76265,
            320.9383,
            44.03686,
            25.90184,
            9.250997,
            5.8729644,
            36.79676,
            96.37205,
            7.342358,
            796.0887,
            6.7370563,
            15.468475,
            7.2919106,
            385.61282,
            265.93787,
            9.087573,
            20.236078,
            19.991394,
            12.479617,
            8.607288,
            69.45524,
            61.743145,
            69.31623,
            6.281211,
            7.412191,
            14.461776,
            21.887243,
            265.4355,
            6.5305104,
            252.28865,
            55.80183,
            55.018143,
            7.5824075,
            6.657,
            251.29381,
            10.055025,
            7.3576493,
            9.778371,
            15.120387,
            6.308841,
            4.0954423,
            7.7370763,
            9.972657,
            50.023216,
            1053.3276,
            261.83496,
            6.3490133
        ],
        "checkpoints": [
            {
                "batch_id": 83,
                "evaluation": {
                    "legend": "Most recent NN versus best NN so far",
                    "avgr": 0.40625,
                    "redundancy": 0,