{
    "perfs_self_play": {
        "time": 1375.953619407,
        "allocated": 2708136071861,
        "gc_time": 462.640020626
    },
    "perfs_memory_analysis": {
        "time": 2.91e-7,
        "allocated": 0,
        "gc_time": 0
    },
    "perfs_learning": {
        "time": 577.885963794,
        "allocated": 998138510981,
        "gc_time": 129.493308084
    },
    "self_play": {
        "samples_gen_speed": 2.6551015106197546,
        "average_exploration_depth": 2.1864710642338685,
        "mcts_memory_footprint": 186460672,
        "memory_size": 7000,
        "memory_num_distinct_boards": 6470
    },
    "memory": null,
    "learning": {
        "time_convert": 0.946521969,
        "time_loss": 11.456349584,
        "time_train": 12.501681868999999,
        "time_eval": 548.933547172,
        "initial_status": {
            "loss": {
                "L": 153.70308,
                "Lp": 0.34827316,
                "Lv": 152.35919,
                "Lreg": 0.00031332104,
                "Linv": 3.2615544e-10
            },
            "Hp": 2.6073368,
            "Hpnet": 2.9736693
        },
        "losses": [
            2484.0024,
            55.913116,
            8.918083,
            11.976099,
            54.71671,
            7.53266,
            9.624905,
            62.329597,
            74.165306,
            8.496416,
            12.714359,
            50.458134,
            15.44431,
            21.168491,
            14.844328,
            73.21744,
            18.405426,
            8.827552,
            7.089136,
            4.373454,
            13.957081,
            5.6209955,
            5.5529885,
            166.3909,
            3.6513796,
            5.208557,
            82.70687,
            4.5503764,
            2473.71,
            3.7356772,
            2473.2786,
            9.376213,
            9.845382,
            4.3379216,
            51.418106,
            8.6292925,
            2.8483684,
            33.25156,
            83.47664,
            3.6785643,
            8.558266,
            7.5254884,
            15.113773,
            4.6398854,
            3.672638,
            3.942908,
            19.291872,
            3.3779325,
            15.674404,
            13.1225,
            13.847202,
            6.7519836,
            7.6219687,
            10.539289,
            20.854753,
            72.2927,
            3.2531478,
            81.80271,
            8.313175,
            2.6383185,
            2.6506438,
            30.599148,
            3.8603442,
            24.429998,
            14.267717,
            5.0611095,
            6.3265796,
            57.71845,
            5.3052096,
            427.444,
            7.02614,
            15.958216,
            6.863346,
            10.136515,
            7.4589806,
            6.4656963,
            488.18698,
            12.4473505,
            61.882915,
            28.534794,
            2.4691541,
            73.469765,
            74.82182,
            14.38682,
            5.5248003,
            18.309988,
            12.499174,
            8.772374,
            2512.142,
            6.632705,
            20.12159,
            68.939156,
            2461.5317,
            7.6434684,
            13.84944,
            7.8851323,
            56.233612,
            8.560535,
            16.208433,
            28.543787,
            45.419632,
            2450.4329,
            58.49498,
            12.910581,
            11.875735,
            55.8355,
            8.675414,
            10.296256,
            59.20194,
            73.706276,
            8.36699,
            13.327449,
            52.912388,
            16.602148,
            21.585062,
            13.215168,
            73.36881,
            19.824581,
            9.274267,
            6.1023207,
            4.109426,
            13.856531,
            4.681889,
            5.513962,
            168.76395,
            3.004765,
            4.9493647,
            82.06842,
            3.928578,
            2464.0159,
            3.4211957,
            2466.1829,
            9.512944,
            8.968046,
            4.334875,
            52.07956,
            8.284829,
            2.5484123,
            33.65188,
            83.54751,
            3.484815,
            8.209735,
            7.125552,
            16.79343,
            4.695424,
            4.109244,
            3.4696841,
            18.883974,
            2.8482633,
            16.307842,
            12.624748,
            14.222759,
            6.3623104,
            6.4222827,
            10.685836,
            21.543627,
            75.809296,
            3.0396316,
            82.95411,
            8.269772,
            2.6241813,
            2.4452271,
            31.59907,
            3.9378176,
            24.999472,
            14.770063,
            5.002164,
            6.2978187,
            58.42548,
            5.367839,
            421.91855,
            7.0108347,
            15.89108,
            6.7065387,
            10.254477,
            7.258298,
            6.2705297,
            482.74402,
            12.620175,
            62.29305,
            28.6974,
            2.716795,
            69.61891,
            74.87,
            14.537908,
            5.449165,
            18.499876,
            12.938471,
            8.965826,
            2508.4639,
            6.879139,
            20.44859,
            67.345894,
            2456.224,
            8.225009,
            14.495871,
            7.7950935,
            55.77231,
            9.185799,
            17.429167,
            29.413683,
            46.29915,
            2439.1707,
            58.943855,
            14.027076,
            12.378781,
            55.052906,
            9.436038,
            11.071926,
            58.24846,
            73.73682,
            8.273552,
            13.468321,
            53.05666,
            17.219215,
            22.225534,
            13.104832,
            73.11927,
            20.196445,
            8.721273,
            6.170177,
            4.181834,
            13.631391,
            4.6550455,
            5.5451727,
            169.67001,
            2.7855272,
            4.989485,
            81.48577,
            3.78904,
            2459.761,
            3.174666,
            2463.1272,
            9.614333,
            8.351518,
            4.095883,
            52.696457,
            8.520448,
            2.5570436,
            33.924267,
            83.36527,
            3.9927006,
            8.68819,
            7.059374,
            17.607319,
            4.5726633,
            4.854684,
            3.391619,
            19.615576,
            2.2333953,
            16.51026,
            12.577263,
            14.3205385,
            6.0847535,
            6.001308,
            10.607908,
            22.966064,
            76.586876,
            2.9143202,
            82.811424,
            8.068614,
            2.0429413,
            2.2608418,
            30.944324,
            3.9225032,
            26.566196,
            14.878382,
            5.1150966,
            6.242229,
            59.17261,
            5.272835,
            423.77606,
            6.734937,
            17.688545,
            6.4096103,
            9.955778,
            7.2719193,
            6.3798866,
            477.58002,
            12.645624,
            62.668423,
            28.146687,
            3.0087683,
            66.82941,
            75.03536,
            14.958377,
            5.9673886,
            18.773474,
            12.8518,
            9.660868,
            2493.7988,
            7.600161,
            21.605953,
            66.56113,
            2448.041,
            9.728527,
            16.408976,
            8.121244,
            54.98862,
            10.449791,
            19.057789,
            31.607319,
            47.100155
        ],