{
    "perfs_self_play": {
        "time": 1333.143225591,
        "allocated": 2449879018383,
        "gc_time": 381.374547687
    },
    "perfs_memory_analysis": {
        "time": 8.58e-7,
        "allocated": 0,
        "gc_time": 0
    },
    "perfs_learning": {
        "time": 644.304602121,
        "allocated": 1038974466819,
        "gc_time": 121.004594644
    },
    "self_play": {
        "samples_gen_speed": 2.406235906877791,
        "average_exploration_depth": 2.15061871419289,
        "mcts_memory_footprint": 172916000,
        "memory_size": 7000,
        "memory_num_distinct_boards": 6406
    },
    "memory": null,
    "learning": {
        "time_convert": 1.281123443,
        "time_loss": 12.630364273,
        "time_train": 48.205918274000005,
        "time_eval": 576.924076061,
        "initial_status": {
            "loss": {
                "L": 215.07738,
                "Lp": 0.3289318,
                "Lv": 215.54906,
                "Lreg": 0.00035225914,
                "Linv": 8.683558e-10
            },
            "Hp": 2.7902567,
            "Hpnet": 3.1342146
        },
        "losses": [
            10.30023,
            4.8158045,
            22.424124,
            22.096998,
            21.10274,
            2.2038274,
            3017.0007,
            3.9692967,
            23.80912,
            4.19275,
            41.228947,
            4.0897956,
            10.913888,
            4.7094917,
            56.685917,
            3.8560255,
            7.0018005,
            4.566704,
            221.6236,
            7.0144854,
            1156.9395,
            21.364622,
            60.13254,
            12.565671,
            12.566023,
            78.07732,
            10.92386,
            10.960491,
            5.637391,
            20.973957,
            3024.1675,
            23.08422,
            24.93742,
            7.187944,
            20.476875,
            33.872375,
            80.922134,
            5.3080306,
            18.548695,
            4.705652,
            35.949474,
            2.8493817,
            223.13829,
            238.54941,
            27.586226,
            1159.0479,
            4.1127534,
            247.65001,
            18.834394,
            6.0147552,
            3004.893,
            22.169144,
            8.635728,
            15.011404,
            31.310522,
            13.945908,
            9.604559,
            24.625935,
            23.847967,
            562.1153,
            32.38148,
            7.75463,
            2916.7002,
            9.233821,
            37.22162,
            86.13653,
            7.6869373,
            8.455782,
            37.581165,
            76.65972,
            7.5863853,
            419.13495,
            6.953891,
            10.132574,
            5.719424,
            6.211453,
            770.7292,
            23.967955,
            11.011928,
            8.791681,
            14.064988,
            7.3741736,
            3.6770265,
            26.866686,
            29.01715,
            7.49174,
            4.006057,
            12.73481,
            8.138615,
            3116.4214,
            11.638334,
            11.580724,
            7.3494453,
            6.709358,
            35.599426,
            9.367035,
            6.8552294,
            7.8290124,
            11.398944,
            13.148448,
            9.321641,
            3.4016142,
            23.63711,
            24.33697,
            22.088684,
            1.9633776,
            3000.8794,
            4.3774757,
            24.5049,
            4.451261,
            42.608833,
            4.593797,
            10.703066,
            5.606821,
            55.61845,
            5.176461,
            7.545609,
            4.6818852,
            213.9256,
            6.8965273,
            1148.6355,
            21.96983,
            60.090336,
            11.166145,
            14.559418,
            81.37304,
            13.456355,
            14.794313,
            7.6618156,
            20.98302,
            2958.765,
            27.799713,
            27.865082,
            10.038019,
            22.451675,
            32.160297,
            82.32691,
            8.627776,
            20.241041,
            5.804327,
            36.705162,
            2.862877,
            221.13574,
            238.61287,
            27.691902,
            1157.6041,
            3.3186576,
            244.7907,
            19.500544,
            5.917899,
            2970.5476,
            23.319916,
            9.438343,
            17.22053,
            31.10762,
            13.980776,
            10.940783,
            26.020313,
            25.245483,
            555.7464,
            35.0582,
            8.676794,
            2863.9797,
            10.670469,
            38.31777,
            86.37555,
            8.074013,
            9.457869,
            37.729218,
            78.114914,
            6.7684536,
            448.59683,
            7.5841236,
            14.261798,
            7.6705956,
            8.028233,
            715.9097,
            25.826395,
            13.9297285,
            9.280734,
            17.516222,
            7.636503,
            3.6155376,
            26.718811,
            29.91299,
            7.573818,
            3.2439733,
            13.003487,
            9.71187,
            3101.9773,
            10.950132,
            10.825628,
            6.6835675,
            5.826879,
            37.535908,
            9.291713,
            6.7892637,
            8.606218,
            11.008301,
            14.1924515,
            9.39478,
            3.54421,
            23.687067,
            24.147293,
            21.355305,
            2.8557005,
            3008.8982,
            5.6026607,
            24.479456,
            5.869418,
            41.129612,
            6.790963,
            12.17534,
            6.599457,
            54.942818,
            4.983739,
            6.861741,
            4.0602975,
            220.67264,
            5.760723,
            1157.3895,
            20.832016,
            62.46182,
            11.7002,
            13.952014,
            82.268585,
            12.7765665,
            14.787626,
            7.6583514,
            21.372108,
            2939.8926,
            27.15026,
            28.662357,
            10.47746,
            23.728062,
            32.314655,
            80.973236,
            8.956282,
            20.206226,
            5.4572535,
            37.262127,
            2.98729,
            220.60017,
            240.1102,
            27.935116,
            1156.3658,
            4.575285,
            243.04889,
            19.2069,
            6.587885,
            2951.2769,
            23.776043,
            10.419166,
            17.747438,
            31.1576,
            13.7184305,
            11.096774,
            26.12764,
            25.399584,
            553.5929,
            34.958714,
            7.74643,
            2838.4084,
            10.4436865,
            38.475674,
            87.4695,
            7.999785,
            9.827093,
            38.243267,
            78.241135,
            7.098275,
            439.24628,
            7.740979,
            15.24394,
            9.226701,
            8.767118,
            689.6288,
            25.967909,
            13.5156975,
            9.761691,
            18.2042,
            7.8745894,
            3.8312619,
            27.555471,
            30.568516,
            8.350955,
            3.1958637,
            12.995409,
            11.764659,
            3071.951,
            11.854822,
            11.0836525,
            6.909031,
            5.9577503,
            38.507446,
            10.51015,
            7.186692,
            10.378127,
            12.55157,
            17.40713
        ],
        "checkpoints": [
            {
                "batch_id": 100,