{
    "perfs_self_play": {
        "time": 1266.723862411,
        "allocated": 2570417920169,
        "gc_time": 391.332414873
    },
    "perfs_memory_analysis": {
        "time": 4.16e-7,
        "allocated": 0,
        "gc_time": 0
    },
    "perfs_learning": {
        "time": 680.999128765,
        "allocated": 1107126956492,
        "gc_time": 138.066929392
    },
    "self_play": {
        "samples_gen_speed": 2.786474364797603,
        "average_exploration_depth": 2.122139732820076,
        "mcts_memory_footprint": 204642976,
        "memory_size": 7000,
        "memory_num_distinct_boards": 6485
    },
    "memory": null,
    "learning": {
        "time_convert": 1.164323139,
        "time_loss": 11.52427744,
        "time_train": 47.610287078,
        "time_eval": 615.387885309,
        "initial_status": {
            "loss": {
                "L": 60.36916,
                "Lp": 0.34619534,
                "Lv": 57.38364,
                "Lreg": 0.00033219095,
                "Linv": 1.1224246e-9
            },
            "Hp": 2.6800585,
            "Hpnet": 3.0125542
        },
        "losses": [
            43.178337,
            39.969288,
            16.91385,
            6.4082236,
            11.314535,
            3.2779295,
            9.826701,
            9.335846,
            43.893505,
            37.786144,
            21.509441,
            5.0745816,
            7.9910116,
            4.5277514,
            9.597993,
            2.0586753,
            10.702289,
            3.583845,
            9.177182,
            3.9546404,
            8.70783,
            2.0904949,
            3.7191718,
            9.002264,
            3.8850658,
            15.918097,
            1.6591531,
            2.535197,
            12.95861,
            3.38644,
            4.234112,
            2.6822371,
            2.5008152,
            2.6454215,
            1.9306726,
            10.557348,
            7.2199717,
            4.7007675,
            8.212204,
            6.2030706,
            3.935232,
            79.41531,
            14.27936,
            4.6795635,
            173.24042,
            15.188412,
            8.977867,
            4.4909954,
            10.973566,
            18.09095,
            7.1704054,
            12.483191,
            167.57005,
            44.559788,
            7.016277,
            3.7520957,
            5.1574297,
            12.975157,
            2.9627752,
            37.185005,
            4.4908447,
            9.578562,
            36.86364,
            2.244159,
            4245.739,
            8.658129,
            38.377235,
            9.422367,
            7.970627,
            6.37562,
            11.547126,
            177.87274,
            7.2614036,
            6.4870973,
            8.1407995,
            4.2158155,
            7.045059,
            22.969238,
            24.370813,
            7.676116,
            10.64341,
            14.684318,
            3.4127917,
            4.55577,
            8.484289,
            9.44472,
            22.586426,
            11.549755,
            4.65552,
            7.9377146,
            2.8357725,
            2.6945777,
            5.4339414,
            3.26234,
            7.654457,
            5.043442,
            21.370325,
            3.2389424,
            2.7492151,
            2.2830923,
            9.247881,
            43.00917,
            39.39601,
            11.422707,
            5.354512,
            11.655774,
            3.8443203,
            9.811704,
            9.498462,
            41.60713,
            35.766495,
            23.696568,
            3.996798,
            6.192748,
            4.19153,
            10.740904,
            1.6884984,
            10.6928425,
            2.9838285,
            8.891147,
            2.9630177,
            8.640525,
            1.7768153,
            3.8855717,
            8.644568,
            3.8288305,
            16.072655,
            1.9390296,
            2.5513954,
            12.937322,
            3.4390194,
            3.8997464,
            2.737628,
            2.6852746,
            2.8530943,
            2.1067345,
            10.979652,
            7.504169,
            4.6901493,
            7.971161,
            6.130881,
            4.1176,
            78.315125,
            13.535184,
            4.6153483,
            169.46924,
            15.259005,
            9.482636,
            5.55889,
            11.433259,
            18.20854,
            7.6285005,
            12.306063,
            163.95778,
            45.241707,
            7.629242,
            4.0087337,
            5.5758076,
            13.183811,
            3.3808403,
            35.87441,
            4.550976,
            9.7165165,
            37.185898,
            2.1016827,
            4250.247,
            8.975528,
            38.59953,
            8.162743,
            6.2423987,
            4.9426403,
            11.238076,
            165.87181,
            6.850754,
            8.857544,
            8.388255,
            4.20756,
            8.06955,
            22.322226,
            24.07186,
            6.9714684,
            9.560576,
            14.998743,
            2.5979292,
            3.4699423,
            7.6978455,
            9.113764,
            25.117886,
            9.76029,
            4.077182,
            7.7894273,
            1.8024184,
            2.3013105,
            5.5059257,
            2.1191654,
            7.160802,
            3.6552563,
            21.525188,
            3.0863366,
            2.8379307,
            2.2588608,
            9.390662,
            43.82024,
            40.78735,
            10.450765,
            5.104543,
            11.40637,
            3.988577,
            9.6181135,
            9.117807,
            41.38811,
            35.69897,
            23.87503,
            4.2289486,
            5.8261037,
            4.264164,
            10.438742,
            1.7429422,
            10.750618,
            2.8019903,
            9.203663,
            3.2145875,
            8.456429,
            1.7369453,
            3.7956119,
            8.640518,
            3.6481662,
            15.900969,
            1.7132462,
            2.6252327,
            13.003005,
            3.820816,
            3.8522007,
            2.7575064,
            2.03363,
            2.5345004,
            2.2773013,
            11.48204,
            7.08666,
            4.667037,
            8.504625,
            5.801449,
            3.7901204,
            77.962425,
            13.99305,
            4.561874,
            169.37416,
            13.098806,
            9.816946,
            5.1993613,
            11.193509,
            17.881144,
            8.21564,
            12.0395775,
            165.52425,
            44.498917,
            7.816961,
            3.8376658,
            5.429613,
            13.303053,
            3.1765108,
            35.957027,
            4.6843996,
            9.317455,
            35.712193,
            2.2549732,
            4247.1235,
            9.437763,
            36.918526,
            7.931098,
            7.0756454,
            5.6952076,
            11.2625,
            169.58376,
            6.6871657,
            7.71065,
            6.92548,
            3.2064662,
            5.868103,
            22.7498,
            27.080563,
            5.6059756,
            9.4609165,
            16.927134,
            1.7010436,
            2.9460328,
            8.038593,
            8.632282,
            26.123518,
            10.460561,
            4.0768485,
            8.007897,
            2.1931064,
            2.7614965,
            5.493774,
            2.763658,
            7.64714,
            3.8584642,
            21.136366,
            3.2113194,
            2.8001435,
            2.3261452,
            8.981102
        ],