{
    "perfs_self_play": {
        "time": 1579.092324016,
        "allocated": 2871465014240,
        "gc_time": 451.505380256
    },
    "perfs_memory_analysis": {
        "time": 5.16e-7,
        "allocated": 0,
        "gc_time": 0
    },
    "perfs_learning": {
        "time": 695.052913343,
        "allocated": 1123661131741,
        "gc_time": 128.471902428
    },
    "self_play": {
        "samples_gen_speed": 2.6144431845995153,
        "average_exploration_depth": 2.1922879879719988,
        "mcts_memory_footprint": 214644736,
        "memory_size": 7000,
        "memory_num_distinct_boards": 6611
    },
    "memory": null,
    "learning": {
        "time_convert": 1.167628418,
        "time_loss": 10.547074502000001,
        "time_train": 45.847097923999996,
        "time_eval": 632.316106732,
        "initial_status": {
            "loss": {
                "L": 95206934000000,
                "Lp": 0.26034907,
                "Lv": 95507060000000,
                "Lreg": 0.08663451,
                "Linv": 5.009436e-10
            },
            "Hp": 2.7019558,
            "Hpnet": 2.950691
        },
        "losses": [
            222217830000,
            58555923000000,
            8492915600000,
            9019638000000,
            235376700000000,
            1414915300000,
            14743033000000,
            101772330000000,
            970657500000,
            4050757600000,
            1866203800000,
            2328121600000,
            6640766000000,
            8558416500000,
            83340900000000,
            2300481400000,
            8726951000000,
            1862597500000,
            36700240000000,
            7940116000000,
            36895450000000,
            11320418000000,
            2365234600000,
            45691313000000,
            696697300000000,
            1809490100000,
            880968500000,
            601028300000,
            8574088500000,
            8079401300000,
            688984160000000,
            7248079000000,
            488610700000,
            6631274000000,
            1914972800000,
            72584550000000,
            153479600000,
            773235500000000,
            124941250000000,
            69520253000000,
            1125072800000,
            1997157400000,
            5565592000000,
            71241840000000,
            693543040000,
            1181525700000,
            78326090000000,
            36128750000000,
            32349224000000,
            37511300000000,
            6266179000000,
            691221700000000,
            68475840000000,
            143614600000000,
            37632877000000,
            15651356000000,
            6670936000000,
            13628030000000,
            9359900000000,
            785276800000,
            839717100000,
            104015325000000,
            8439781700000,
            47247670000000,
            2310813300000,
            2281255500000,
            95491520000000,
            1015668340000,
            319201730000000,
            1679034500000,
            1277570000000,
            95419580000000,
            7601626000000,
            653179400000,
            2289827300000,
            661126000000,
            87066870000000,
            807900150000,
            70522390000000,
            805054500000,
            72603100000000,
            4012912700000,
            1024684300000,
            1050499000000,
            7732790000000,
            8511661500000,
            1382308900000000,
            54784790000000,
            1749620500000,
            13706648000000,
            5637542000000,
            1562725600000,
            697274850000000,
            8196619000000,
            2944821000000,
            7738021000000,
            148310170000000,
            688688300000000,
            42181272000000,
            755754460000000,
            641455900000,
            367357660000,
            1432861400000,
            221998350000,
            58555230000000,
            8492698000000,
            9018804000000,
            235381090000000,
            1414617500000,
            14742975000000,
            101772600000000,
            970624700000,
            4050520000000,
            1866213900000,
            2328113400000,
            6640320400000,
            8558394500000,
            83341260000000,
            2300650200000,
            8727011300000,
            1862429400000,
            36700026000000,
            7940270500000,
            36895470000000,
            11320614000000,
            2365324300000,
            45690714000000,
            696695700000000,
            1809433400000,
            880902100000,
            600990350000,
            8573967000000,
            8079291000000,
            688981140000000,
            7247965500000,
            488517000000,
            6631138000000,
            1914845700000,
            72584540000000,
            153504940000,
            773234240000000,
            124941974000000,
            69519290000000,
            1124907700000,
            1996761300000,
            5565580300000,
            71240580000000,
            693563700000,
            1181406600000,
            78324366000000,
            36129130000000,
            32348985000000,
            37511003000000,
            6265872300000,
            691221400000000,
            68476044000000,
            143615640000000,
            37631795000000,
            15651492000000,
            6670729000000,
            13627669000000,
            9359799000000,
            785200400000,
            839650500000,
            104015210000000,
            8439672600000,
            47247370000000,
            2310740000000,
            2281240500000,
            95491650000000,
            1015577800000,
            319201500000000,
            1678957700000,
            1277538200000,
            95419700000000,
            7601331400000,
            653101500000,
            2289765400000,
            661044700000,
            87067560000000,
            807835800000,
            70521570000000,
            804940350000,
            72602840000000,
            4012874000000,
            1024655200000,
            1050432440000,
            7732659000000,
            8511561000000,
            1382304800000000,
            54782752000000,
            1749459700000,
            13706418000000,
            5637432400000,
            1562667400000,
            697270400000000,
            8196654600000,
            2945115800000,
            7737867500000,
            148309670000000,
            688682800000000,
            42181080000000,
            755749560000000,
            641487800000,
            367373250000,
            1432947500000,
            222073860000,
            58555617000000,
            8492632500000,
            9018869000000,
            235380160000000,
            1414600300000,
            14742199000000,
            101772630000000,
            970574600000,
            4050502500000,
            1866210500000,
            2328112400000,
            6640373000000,
            8558337300000,
            83341265000000,
            2300711500000,
            8727002300000,
            1862382500000,
            36700013000000,
            7940388000000,
            36895543000000,
            11320402000000,
            2365347300000,
            45691573000000,
            696692000000000,
            1809466900000,
            880915700000,
            600980400000,
            8574079600000,
            8079327000000,
            688976500000000,
            7247942400000,
            488503300000,
            6631026300000,
            1914712000000,
            72584335000000,
            153523240000,
            773231900000000,
            124943110000000,
            69517917000000,
            1124748200000,
            1996691700000,
            5565797000000,
