{
    "perfs_self_play": {
        "time": 49.22290909,
        "allocated": 55280778400,
        "gc_time": 7.515639595
    },
    "perfs_memory_analysis": {
        "time": 2.88e-7,
        "allocated": 0,
        "gc_time": 0
    },
    "perfs_learning": {
        "time": 94.782069863,
        "allocated": 108685343718,
        "gc_time": 13.618333637
    },
    "self_play": {
        "samples_gen_speed": 16.277402634633752,
        "average_exploration_depth": 0.995,
        "mcts_memory_footprint": 154670400,
        "memory_size": 1600,
        "memory_num_distinct_boards": 1600
    },
    "memory": null,
    "learning": {
        "time_convert": 0.148855621,
        "time_loss": 1.24930188,
        "time_train": 1.027445568,
        "time_eval": 91.904639523,
        "initial_status": {
            "loss": {
                "L": 79637460000,
                "Lp": 1.2526687,
                "Lv": 79637460000,
                "Lreg": 0.00023318961,
                "Linv": -11.768125
            },
            "Hp": 0.89601135,
            "Hpnet": 2.1486824
        },
        "losses": [
            28038498000,
            98193870000,
            4190208,
            19970777000,
            69799000000,
            28211233000,
            99163900000,
            1334214400000,
            28553902000,
            98193870000,
            27523805000,
            24871182000,
            4190208,
            27523805000,
            94377980000,
            28207538000,
            28211233000,
            103402120000,
            73083175000,
            378148750000,
            69799000000,
            21298483000,
            96911426000,
            99163900000,
            102740120000,
            17721733000,
            349123800000,
            24871182000,
            98193870000,
            27865958000,
            28553902000,
            28038498000,
            344300200000,
            102740120000,
            28038498000,
            28038498000,
            69799000000,
            28038498000,
            102740120000,
            93126900000,
            18271200000,
            22358323000,
            69799000000,
            24871182000,
            4190208,
            27865958000,
            27865958000,
            89409370000,
            93123850000,
            100784660000,
            103071180000,
            69799000000,
            98193870000,
            22353240000,
            99488510000,
            100457940000,
            96911426000,
            102740120000,
            28038498000,
            100784660000
        ],
        "checkpoints": [
            {
                "batch_id": 20,
                "evaluation": {
                    "legend": "Most recent NN versus best NN so far",
                    "avgr": 33280,
                    "redundancy": 0,
                    "rewards": [
                        -167936,
                        -151552,
                        -317440,
                        -167936,
                        -317440,
                        -315392,
                        -167936,
                        -169984,
                        -317440,
                        -315392,
                        -317440,
                        -169984,
                        -167936,
                        -317440,
                        -167936,
                        -169984,
                        -120832,
                        -169984,
                        -315392,
                        -321536,
                        -317440,
                        -321536,
                        -315392,
                        -167936,
                        -169984,
                        -167936,
                        -167936,
                        -167936,
                        -169984,
                        -169984,
                        -167936,
                        -169984
                    ],
                    "baseline_rewards": [
                        -315392,
                        -315392,
                        -317440,
                        -167936,
                        -321536,
                        -167936,
                        -315392,
                        -167936,
                        -321536,
                        -315392,
                        -315392,
                        -169984,
                        -315392,
                        -167936,
                        -321536,
                        -315392,
                        -315392,
                        -169984,
                        -169984,
                        -321536,
                        -317440,
                        -321536,
                        -169984,
                        -167936,
                        -167936,
                        -321536,
                        -317440,
                        -317440,
                        -120832,
                        -317440,
                        -169984,
                        -167936
                    ],
                    "time": 30.080881362
                },
                "status_after": {
                    "loss": {
                        "L": 79637460000,
                        "Lp": 1.2526687,
                        "Lv": 79637460000,
                        "Lreg": 0.00021278218,
                        "Linv": -11.768125
                    },
                    "Hp": 0.89601135,
                    "Hpnet": 2.1486824
                },
                "nn_replaced": true
            },
            {
                "batch_id": 40,
                "evaluation": {
                    "legend": "Most recent NN versus best NN so far",
                    "avgr": 22216,
                    "redundancy": 0,
                    "rewards": [
                        -321536,
                        -167936,
                        -321536,
                        -167936,
                        -317440,
                        -315392,
                        -167936,
                        -321536,
                        -315392,
                        -321536,
                        -167936,
                        -321536,
                        -169984,
                        -169984,
                        -167936,
                        -167936,
                        -167936,
                        -169984,
                        -321536,
                        -167936,
                        -167936,
                        -167936,
                        -321536,
                        -167936,
                        -169984,
                        -167936,
                        -149760,
                        -315392,
                        -167936,
                        -315392,
                        -317440,
                        -169984
                    ],