{
    "perfs_self_play": {
        "time": 21.52094641,
        "allocated": 5376064712,
        "gc_time": 0.776017869
    },
    "perfs_memory_analysis": {
        "time": 3.33e-7,
        "allocated": 0,
        "gc_time": 0
    },
    "perfs_learning": {
        "time": 31.568253226,
        "allocated": 17712176808,
        "gc_time": 2.262616063
    },
    "self_play": {
        "samples_gen_speed": 19.62203274794441,
        "average_exploration_depth": 0.875,
        "mcts_memory_footprint": 1636320,
        "memory_size": 2520,
        "memory_num_distinct_boards": 2520
    },
    "memory": null,
    "learning": {
        "time_convert": 0.659580524,
        "time_loss": 9.848575815,
        "time_train": 1.690763313,
        "time_eval": 14.342094807999999,
        "initial_status": {
            "loss": {
                "L": 166050670000000000,
                "Lp": 0.93359035,
                "Lv": 166050670000000000,
                "Lreg": 0.00050343265,
                "Linv": -19.563463
            },
            "Hp": 1.6459732,
            "Hpnet": 2.5795646
        },
        "losses": [
            203357250000000000,
            59220070000000000,
            203357250000000000,
            220916040000000000,
            26547347000000000,
            6636842000000000,
            220911330000000000,
            220911330000000000,
            59220070000000000,
            6636842000000000,
            163314200000000000,
            220916040000000000,
            59220070000000000,
            220876320000000000,
            220915920000000000,
            220067840000000000,
            59220070000000000,
            220915560000000000,
            220718150000000000,
            203357250000000000,
            203357250000000000,
            59220070000000000,
            26547347000000000,
            163314200000000000,
            215506680000000000,
            220718150000000000,
            220916040000000000,
            220915560000000000,
            220916040000000000,
            203357250000000000,
            203357250000000000,
            220915920000000000,
            220916040000000000,
            220916040000000000,
            220915560000000000,
            220915920000000000,
            104805740000000000,
            203357250000000000,
            220915560000000000,
            163314200000000000,
            220067840000000000,
            220915560000000000,
            163314200000000000,
            6636842000000000,
            104805740000000000,
            26547347000000000,
            215506680000000000,
            220067840000000000,
            220718150000000000,
            220911330000000000,
            215506680000000000,
            163314200000000000,
            220876320000000000,
            59220070000000000,
            104805740000000000,
            163314200000000000,
            104805740000000000,
            220876320000000000,
            220718150000000000,
            59220070000000000,
            26547347000000000,
            220916040000000000,
            220911330000000000,
            163314200000000000,
            6636842000000000,
            59220070000000000,
            59220070000000000,
            215506680000000000,
            220911330000000000,
            220067840000000000,
            104805740000000000,
            220916040000000000,
            220876320000000000,
            220067840000000000,
            220915560000000000,
            203357250000000000,
            163314200000000000,
            220915560000000000,
            220915560000000000,
            220876320000000000,
            220916040000000000,
            163314200000000000,
            26547347000000000,
            220915920000000000,
            220718150000000000,
            220067840000000000,
            220876320000000000,
            26547347000000000,
            220911330000000000,
            163314200000000000,
            59220070000000000,
            203357250000000000,
            220915920000000000,
            203357250000000000,
            220876320000000000,
            163314200000000000,
            220911330000000000,
            220067840000000000,
            220915920000000000,
            6636842000000000,
            220876320000000000,
            203357250000000000,
            220915560000000000,
            163314200000000000,
            6636842000000000,
            220876320000000000,
            203357250000000000,
            26547347000000000,
            220067840000000000,
            215506680000000000,
            220915560000000000,
            203357250000000000,
            104805740000000000,
            215506680000000000,
            26547347000000000,
            220067840000000000,
            220916040000000000,
            220915560000000000,
            220915920000000000,
            220915560000000000,
            163314200000000000,
            6636842000000000,
            6636842000000000,
            220718150000000000,
            26547347000000000,
            203357250000000000,
            220915920000000000,
            220067840000000000,
            26547347000000000,
            6636842000000000,
            215506680000000000,
            220067840000000000,
            26547347000000000,
            203357250000000000,
            220915920000000000,
            203357250000000000,
            104805740000000000,
            220911330000000000,
            220916040000000000,
            203357250000000000,
            26547347000000000,
            220876320000000000,
            220915920000000000,
            220718150000000000,
            220916040000000000,
            26547347000000000,
            220916040000000000,
            163314200000000000,
            6636842000000000,
            203357250000000000,
            220915920000000000,
            163314200000000000,
            26547347000000000,
            203357250000000000,
            26547347000000000,
            220915920000000000,
            220916040000000000,
            220915920000000000,
            59220070000000000,
            6636842000000000,
            163314200000000000,
            220916040000000000,
            220067840000000000,
            215506680000000000,
            220916040000000000,
            220915560000000000,
            220915560000000000,
            220911330000000000,
            104805740000000000,
            26547347000000000,
            220067840000000000,
            59220070000000000,
            220876320000000000,
            220718150000000000,
            220916040000000000,
            26547347000000000,
            220915560000000000,
            220067840000000000,
            104805740000000000,
            220916040000000000,
            220915920000000000,
            220876320000000000,
            220876320000000000,
            26547347000000000,
            220911330000000000,
            220067840000000000,
            220916040000000000,
            220915560000000000,
            203357250000000000,
            163314200000000000,
            220876320000000000,
            220911330000000000,
            104805740000000000,
            220067840000000000,
            220916040000000000,
            6636842000000000,
            203357250000000000,
            59220070000000000,
            220718150000000000,
            220915560000000000,
            220718150000000000,
            220915560000000000,
            104805740000000000,
            220876320000000000,
            220915920000000000,
            220915920000000000,
            220876390000000000,
            163314200000000000,
            163314200000000000,
            203357250000000000,
            59220070000000000,
            26547347000000000,
            59220070000000000,
            215506750000000000,
            6636842000000000,
            104805740000000000,
