{
    "perfs_self_play": {
        "time": 21.240495324,
        "allocated": 5374868264,
        "gc_time": 0.747279808
    },
    "perfs_memory_analysis": {
        "time": 2.61e-7,
        "allocated": 0,
        "gc_time": 0
    },
    "perfs_learning": {
        "time": 23.766980137,
        "allocated": 14080590632,
        "gc_time": 1.885555416
    },
    "self_play": {
        "samples_gen_speed": 19.879559165408025,
        "average_exploration_depth": 0.875,
        "mcts_memory_footprint": 1636320,
        "memory_size": 1260,
        "memory_num_distinct_boards": 1260
    },
    "memory": null,
    "learning": {
        "time_convert": 0.321404851,
        "time_loss": 4.932502497,
        "time_train": 1.690039138,
        "time_eval": 14.34688093,
        "initial_status": {
            "loss": {
                "L": 166050690000000000,
                "Lp": 0.93359023,
                "Lv": 166050690000000000,
                "Lreg": 0.0005633288,
                "Linv": -19.498415
            },
            "Hp": 1.6459732,
            "Hpnet": 2.5795643
        },
        "losses": [
            220067840000000000,
            203357250000000000,
            203357250000000000,
            220916040000000000,
            6636842000000000,
            220915560000000000,
            220911330000000000,
            26547347000000000,
            220915920000000000,
            26547347000000000,
            220916040000000000,
            220915560000000000,
            104805740000000000,
            220718200000000000,
            203357250000000000,
            220067900000000000,
            220916100000000000,
            104805740000000000,
            220911400000000000,
            220718200000000000,
            220876390000000000,
            220067900000000000,
            220915970000000000,
            6636842000000000,
            163314200000000000,
            220915610000000000,
            6636842000000000,
            163314200000000000,
            59220070000000000,
            220915970000000000,
            59220070000000000,
            59220070000000000,
            215506750000000000,
            59220070000000000,
            26547347000000000,
            203357250000000000,
            59220070000000000,
            220718150000000000,
            59220070000000000,
            163314200000000000,
            215506680000000000,
            220911330000000000,
            220915560000000000,
            220718150000000000,
            163314200000000000,
            203357250000000000,
            215506680000000000,
            220718150000000000,
            26547347000000000,
            59220070000000000,
            220915920000000000,
            203357250000000000,
            215506750000000000,
            203357250000000000,
            220067900000000000,
            220911400000000000,
            6636842000000000,
            220915970000000000,
            203357250000000000,
            163314200000000000,
            220718200000000000,
            220915610000000000,
            220718200000000000,
            215506750000000000,
            215506750000000000,
            59220070000000000,
            220067900000000000,
            220916100000000000,
            26547347000000000,
            104805740000000000,
            104805740000000000,
            220876320000000000,
            203357250000000000,
            220911330000000000,
            220915560000000000,
            220876320000000000,
            203357250000000000,
            220915560000000000,
            220915920000000000,
            220876320000000000,
            163314200000000000,
            59220070000000000,
            220911330000000000,
            215506680000000000,
            215506680000000000,
            6636842000000000,
            220718150000000000,
            220876320000000000,
            26547347000000000,
            215506680000000000,
            220911330000000000,
            104805740000000000,
            220916040000000000,
            26547347000000000,
            220916040000000000,
            220915560000000000,
            163314200000000000,
            104805740000000000,
            26547347000000000,
            215506680000000000,
            59220070000000000,
            26547347000000000,
            220916040000000000,
            220915560000000000,
            26547347000000000,
            220876320000000000,
            220067840000000000,
            220916040000000000,
            220718150000000000,
            163314200000000000,
            220876320000000000,
            220915560000000000,
            220718150000000000,
            220916040000000000,
            220915560000000000,
            220718150000000000,
            59220070000000000,
            220718150000000000,
            220067840000000000,
            6636842000000000,
            220915920000000000,
            220067840000000000,
            26547347000000000,
            220718150000000000,
            220067840000000000,
            220718150000000000,
            59220070000000000,
            215506680000000000,
            220916040000000000,
            220718150000000000,
            220911330000000000,
            220916040000000000,
            104805740000000000,
            220067840000000000,
            220911330000000000,
            220915920000000000,
            220876320000000000,
            220718150000000000,
            104805740000000000,
            220067840000000000,
            59220070000000000,
            104805740000000000,
            220911330000000000,
            220916040000000000,
            220718150000000000,
            220718150000000000,
            220876320000000000,
            220915560000000000,
            59220070000000000,
            59220070000000000,
            220915920000000000,
            220718150000000000,
            220915560000000000,
            26547347000000000,
            104805740000000000,
            220067840000000000,
            220916040000000000,
            220916040000000000,
            26547347000000000,
            26547347000000000,
            220067840000000000,
            220911330000000000,
            163314200000000000,
            163314200000000000,
            220915920000000000,
            215506680000000000,
            220911330000000000,
            215506680000000000,
            104805740000000000,
            220067840000000000,
            59220070000000000,
            203357250000000000,
            104805740000000000,
            6636842000000000,
            220911330000000000,
            220915920000000000,
            220911330000000000,
            220916040000000000,
            26547347000000000,
            220915920000000000,
            203357250000000000,
            6636842000000000,
            220718150000000000,
            220916040000000000,
            220876320000000000,
            59220070000000000,
            220916040000000000,
            26547347000000000,
            220876320000000000,
            220915560000000000,
            215506680000000000,
            59220070000000000,
            215506680000000000,
            163314200000000000,
            220915560000000000,
            203357250000000000,
            220876320000000000,
            220067840000000000,
            215506680000000000,
            220916040000000000,
            220876320000000000,
            215506680000000000,
            203357250000000000,
            220067840000000000,
            6636842000000000,
            26547347000000000,
            104805740000000000,
            220067840000000000,
            215506680000000000,
            6636842000000000,
            220067840000000000,
            215506750000000000,
            215506750000000000,
            220915610000000000,
            220916100000000000,
            220067900000000000,
