{
    "perfs_self_play": {
        "time": 1514.303929708,
        "allocated": 2854398097888,
        "gc_time": 493.254063138
    },
    "perfs_memory_analysis": {
        "time": 3.72e-7,
        "allocated": 0,
        "gc_time": 0
    },
    "perfs_learning": {
        "time": 728.185005103,
        "allocated": 1130208319766,
        "gc_time": 161.305496824
    },
    "self_play": {
        "samples_gen_speed": 2.7713173057632186,
        "average_exploration_depth": 2.1252738683602286,
        "mcts_memory_footprint": 215480704,
        "memory_size": 6000,
        "memory_num_distinct_boards": 5658
    },
    "memory": null,
    "learning": {
        "time_convert": 1.092434717,
        "time_loss": 11.096506215,
        "time_train": 47.437572288000005,
        "time_eval": 663.482278578,
        "initial_status": {
            "loss": {
                "L": 9386887000000,
                "Lp": 0.22357471,
                "Lv": 9407377000000,
                "Lreg": 0.0010822281,
                "Linv": 4.4256632e-10
            },
            "Hp": 2.7411346,
            "Hpnet": 2.9935453
        },
        "losses": [
            44167990000000,
            13601286000000,
            18711910000000,
            4637682300000,
            443398400000,
            13928529000000,
            3474093200000,
            1533788300000,
            3271821000000,
            5350891000000,
            6313683700000,
            688357830000,
            5425330000000,
            8427616000000,
            13691310000000,
            1731002400000,
            6992099300000,
            8014113300000,
            47794780000000,
            38903365000000,
            2323315400000,
            532079540000,
            10127232000000,
            14042177000000,
            7365329000000,
            1964274000000,
            303574250000,
            3378691200000,
            1711920300000,
            32432397000000,
            8611061300000,
            1096980760000,
            231952450000,
            4899058000000,
            38214723000000,
            1698686700000,
            4395785800000,
            761080000000,
            7597266000000,
            22443029000000,
            3150228500000,
            452972250000,
            2070411100000,
            693178860000,
            9563699000000,
            6820312600000,
            40899810000000,
            32767253000000,
            1010636550000,
            22916340000000,
            1437962500000,
            2103137500000,
            2135605600000,
            6163316300000,
            13874593000000,
            909867900000,
            6695548000000,
            1250133400000,
            9323683000000,
            38858117000000,
            17938516000000,
            3822948000000,
            4877924700000,
            1595546100000,
            3404751400000,
            2296096800000,
            731766000000,
            14550170000000,
            1330185800000,
            939999900000,
            4450365000000,
            4885898600000,
            2458944000000,
            6097997400000,
            4892598000000,
            3770870700000,
            2366889500000,
            8937370000000,
            12268360000000,
            38051594000000,
            4777828700000,
            11457199000000,
            2173786900000,
            6754372400000,
            39189865000000,
            10439436000000,
            619721900000,
            1305873100000,
            44167867000000,
            13601197000000,
            18711784000000,
            4637589500000,
            443377160000,
            13928442000000,
            3474072300000,
            1533767500000,
            3271793000000,
            5350843500000,
            6313629700000,
            688328150000,
            5425283500000,
            8427554000000,
            13691221000000,
            1730971800000,
            6992058000000,
            8014051000000,
            47794593000000,
            38903220000000,
            2323286900000,
            532069480000,
            10127138000000,
            14042107000000,
            7365280000000,
            1964241300000,
            303563670000,
            3378666500000,
            1711895600000,
            32432298000000,
            8610991000000,
            1096961700000,
            231945930000,
            4899015000000,
            38214650000000,
            1698661100000,
            4395712600000,
            761042300000,
            7597174300000,
            22442836000000,
            3150116000000,
            452956160000,
            2070385900000,
            693150150000,
            9563689000000,
            6820207000000,
            40899745000000,
            32767199000000,
            1010606200000,
            22916236000000,
            1437907400000,
            2103080000000,
            2135587700000,
            6163294000000,
            13874450000000,
            909824300000,
            6695470000000,
            1250092800000,
            9323527000000,
            38858000000000,
            17938384000000,
            3822888200000,
            4877848000000,
            1595497000000,
            3404705800000,
            2296026800000,
            731717960000,
            14550043000000,
            1330115900000,
            939939700000,
            4450272400000,
            4885768600000,
            2458861400000,
            6097959000000,
            4892482600000,
            3770779000000,
            2366853000000,
            8937282000000,
            12268224000000,
            38051447000000,
            4777753000000,
            11457034000000,
            2173734700000,
            6754321600000,
            39189664000000,
            10439258000000,
            619690000000,
            1305808200000,
            44167560000000,
            13601078000000,
            18711630000000,
            4637507700000,
            443340100000,
            13928342000000,
            3473946000000,
            1533673200000,
            3271718600000,
            5350726000000,
            6313536000000,
            688279260000,
            5425207000000,
            8427485500000,
            13691135000000,
            1730907100000,
            6991945000000,
            8013956500000,
            47794304000000,
            38903090000000,
            2323211400000,
            532043100000,
            10127034000000,
            14041922000000,
            7365137500000,
            1964165800000,
            303536800000,
            3378603000000,
            1711839900000,
            32432219000000,
            8610881500000,
            1096918430000,
            231918080000,
            4898958000000,
            38214484000000,
            1698619600000,
            4395637100000,
            760988760000,
            7597015000000,
            22442607000000,
            3150005000000,
            452923460000,
            2070337000000,
            693107360000,
            9563506000000,
            6820060000000,
            40899390000000,
            32767056000000,
            1010523500000,
            22915990000000,
            1437863200000,
            2103037900000,
            2135440400000,
            6163228000000,
            13874364000000,
            909787500000,
            6695426000000,
            1250047600000,
            9323359000000,
            38857780000000,
            17938243000000,
            3822804000000,
            4877770000000,
            1595461200000,
            3404618000000,
            2295990600000,
            731677600000,
            14550022000000,
            1330086700000,
            939910600000,
            4450230000000,
            4885706700000,
            2458830800000,
            6097934500000,
            4892456000000,
            3770754000000,
