{
    "perfs_self_play": {
        "time": 1452.336423364,
        "allocated": 2924248778896,
        "gc_time": 431.274665643
    },
    "perfs_memory_analysis": {
        "time": 5.86e-7,
        "allocated": 0,
        "gc_time": 0
    },
    "perfs_learning": {
        "time": 706.325180844,
        "allocated": 1127839143519,
        "gc_time": 129.678553846
    },
    "self_play": {
        "samples_gen_speed": 2.991051878614386,
        "average_exploration_depth": 2.197146210534207,
        "mcts_memory_footprint": 208892480,
        "memory_size": 7000,
        "memory_num_distinct_boards": 6623
    },
    "memory": null,
    "learning": {
        "time_convert": 1.063780505,
        "time_loss": 9.656462231,
        "time_train": 44.607932311999996,
        "time_eval": 646.094814017,
        "initial_status": {
            "loss": {
                "L": 140324800000000,
                "Lp": 0.31846955,
                "Lv": 138607650000000,
                "Lreg": 0.037945874,
                "Linv": -1.3615238e-9
            },
            "Hp": 2.63841,
            "Hpnet": 2.9665117
        },
        "losses": [
            1446172800000,
            445969630000,
            1030481840000,
            312122800000,
            334979960000,
            1567925200000000,
            1209391500000,
            1567804500000000,
            203060150000,
            175374660000,
            211012100000,
            1567910400000000,
            456323500000,
            979479400000,
            211334900000,
            1836081000000,
            1573238900000000,
            12351362000000,
            408035520000,
            725836960000,
            427023560000,
            971326300000,
            5705953700000,
            1339583500000,
            506208160000,
            536774900000,
            460010900000000,
            660235550000,
            2621083500000,
            546932880000,
            3290510000000,
            223478300000,
            842925870000,
            1088809000000,
            7904631500000,
            242132140000,
            1271572200000,
            9719096000000,
            753274650000,
            3011363700000,
            7965817400000,
            1570442300000000,
            389489360000,
            263484980000,
            223113990000,
            202188200000,
            1226070800000,
            177523640000,
            337595240000,
            377618430000,
            789049500000,
            773358160000,
            221194190000,
            480949860000,
            555264840000,
            1821092300000,
            214924080000,
            2346317800000,
            535718000000,
            712097400000,
            538762050000,
            1570167200000000,
            763125700000,
            756778860000,
            3478269000000,
            471453900000,
            913724300000,
            330386300000,
            713278550000,
            5439416000000,
            521500700000,
            1771487000000,
            529744630000,
            908712500000,
            529168660000,
            2200963400000,
            225836550000,
            278511850000,
            5490556300000,
            709338460000,
            6001361700000,
            917314600000,
            230589530000,
            2434942400000,
            1468272600000,
            1699634200000,
            6436161000000,
            1105911670000000,
            215509960000,
            1567656000000000,
            1488068000000,
            9067441000000,
            281645800000,
            127777780000,
            57258750000000,
            920624560000,
            12859864000000,
            603745200000,
            476471820000,
            1570212800000000,
            1050518800000,
            6080653400000,
            2228607800000,
            1446312500000,
            446000230000,
            1030546900000,
            312118150000,
            335014920000,
            1567915500000000,
            1209289100000,
            1567792000000000,
            203112940000,
            175404660000,
            211092230000,
            1567898500000000,
            456418720000,
            979519400000,
            211406620000,
            1836012100000,
            1573225600000000,
            12351403000000,
            408136320000,
            725838800000,
            427030500000,
            971417700000,
            5706960000000,
            1339823100000,
            506282480000,
            536750950000,
            460013850000000,
            660342600000,
            2621036000000,
            546935180000,
            3290443500000,
            223486260000,
            842949070000,
            1088667200000,
            7904671300000,
            242102760000,
            1271504800000,
            9718660000000,
            753199550000,
            3011038400000,
            7965809000000,
            1570425400000000,
            389464400000,
            263457670000,
            223109480000,
            202156240000,
            1226256000000,
            177532080000,
            337557600000,
            377792200000,
            789239200000,
            773456500000,
            221215980000,
            480969500000,
            555285700000,
            1821243600000,
            214966930000,
            2346508600000,
            535778800000,
            712192750000,
            538825700000,
            1570154300000000,
            763220700000,
            756732130000,
            3478025100000,
            471513430000,
            913833660000,
            330482000000,
            713327300000,
            5439416000000,
            521553580000,
            1771463100000,
            529756100000,
            908724700000,
            529204700000,
            2200932700000,
            225854930000,
            278509160000,
            5490277000000,
            709338500000,
            6001279400000,
            917390950000,
            230596000000,
            2435106700000,
            1468368300000,
            1699762500000,
            6436471400000,
            1105922700000000,
            215523970000,
            1567653800000000,
            1488031700000,
            9067451000000,
            281682500000,
            127789200000,
            57259204000000,
            920724400000,
            12859901000000,
            603713000000,
            476522220000,
            1570210900000000,
            1050680100000,
            6080778700000,
            2228692200000,
            1446346100000,
            445998300000,
            1030576500000,
            312087900000,
            335031760000,
            1567909800000000,
            1209238400000,
            1567788000000000,
            203137740000,
            175377250000,
            211098900000,
            1567894700000000,
            456371100000,
            979394800000,
            211409140000,
            1835967800000,
            1573224600000000,
            12351595000000,
            408170900000,
            725918500000,
            427043980000,
            971262000000,
            5705970000000,
            1339765700000,
            506292630000,
            536841550000,
            460006300000000,
            660348530000,
            2620970800000,
            546942900000,
            3290433000000,
            223495440000,
            842944500000,
            1088619700000,
            7904704000000,
            242121300000,
            1271501600000,
            9718530000000,
            753229400000,
            3010926500000,
            7965754500000,
            1570418000000000,
            389461300000,
            263450150000,
            223101100000,
            202200630000,
            1226077800000,
            177524930000,
            337584950000,
            377639080000,
