{
    "perfs_self_play": {
        "time": 1071.046711074,
        "allocated": 1915804075297,
        "gc_time": 411.158972128
    },
    "perfs_memory_analysis": {
        "time": 4.18e-7,
        "allocated": 0,
        "gc_time": 0
    },
    "perfs_learning": {
        "time": 564.571640924,
        "allocated": 958658250787,
        "gc_time": 148.2355685
    },
    "self_play": {
        "samples_gen_speed": 2.5101420438965727,
        "average_exploration_depth": 2.136086241082524,
        "mcts_memory_footprint": 347095904,
        "memory_size": 6000,
        "memory_num_distinct_boards": 5237
    },
    "memory": null,
    "learning": {
        "time_convert": 0.994501573,
        "time_loss": 10.499658498999999,
        "time_train": 11.023505451,
        "time_eval": 538.335279925,
        "initial_status": {
            "loss": {
                "L": 0.48415926,
                "Lp": 0.13165817,
                "Lv": 0.35075653,
                "Lreg": 0.00028621822,
                "Linv": -9.52605e-10
            },
            "Hp": 3.0898957,
            "Hpnet": 3.2178261
        },
        "losses": [
            0.5058696,
            0.37135005,
            0.37155214,
            0.39577267,
            0.6865639,
            0.5052763,
            0.4090726,
            0.3933555,
            0.33300763,
            0.54997665,
            0.3240328,
            0.74534756,
            0.685137,
            0.599661,
            0.38507447,
            0.6873063,
            0.3954144,
            0.421659,
            0.58107084,
            0.4197062,
            0.43617225,
            0.5149703,
            0.28677425,
            0.44654906,
            0.51936644,
            0.3829727,
            0.47871542,
            0.3721177,
            0.5108565,
            0.5787221,
            0.7914836,
            0.34551635,
            0.5122916,
            0.38148358,
            0.32613546,
            0.6056838,
            0.5187121,
            0.4653016,
            0.5483457,
            0.4677325,
            0.5420963,
            0.47557727,
            0.6801017,
            0.37794632,
            0.38952038,
            0.5119795,
            0.46432012,
            0.5001009,
            0.31601802,
            0.45060754,
            0.4299983,
            0.49116153,
            0.5964166,
            0.49991238,
            0.516404,
            0.49185732,
            0.6300164,
            0.5346885,
            0.3924582,
            0.39313266,
            0.6949431,
            0.43784213,
            0.43620953,
            0.4264952,
            0.43018106,
            0.67916465,
            0.31785214,
            0.51431364,
            0.40315783,
            0.34209433,
            0.44239908,
            0.21543679,
            0.45105392,
            0.56083775,
            0.49508142,
            0.2583943,
            0.48739582,
            0.48452467,
            0.4805494,
            0.40038967,
            0.50483584,
            0.52465004,
            0.34713256,
            0.3805288,
            0.4035365,
            0.6760596,
            0.49506584,
            0.38522446,
            0.3755253,
            0.33601835,
            0.56617737,
            0.33235782,
            0.7026305,
            0.6586245,
            0.5802103,
            0.37699285,
            0.6740311,
            0.39345023,
            0.39780936,
            0.54727936,
            0.40871105,
            0.4442064,
            0.49268588,
            0.31041884,
            0.4377141,
            0.5326698,
            0.39927125,
            0.478379,
            0.35250148,
            0.5374085,
            0.5842366,
            0.8123545,
            0.33483428,
            0.5241279,
            0.39546376,
            0.3055051,
            0.6027395,
            0.5016602,
            0.4646271,
            0.523859,
            0.44079393,
            0.50974786,
            0.4723354,
            0.62541205,
            0.37942618,
            0.37705883,
            0.47482705,
            0.45451722,
            0.4963308,
            0.29544953,
            0.425862,
            0.39174116,
            0.47876343,
            0.5800445,
            0.49463952,
            0.50592625,
            0.44727197,
            0.59501255,
            0.51429814,
            0.39250812,
            0.37268674,
            0.67922914,
            0.42470807,
            0.41413322,
            0.42318988,
            0.4415648,
            0.6847813,
            0.3143286,
            0.4946458,
            0.39588296,
            0.3299496,
            0.41611084,
            0.22380398,
            0.43890017,
            0.5597547,
            0.49860495,
            0.24408685,
            0.53478366,
            0.48512027,
            0.49818003,
            0.41589734,
            0.49997607,
            0.5003927,
            0.34463778,
            0.37137455,
            0.39952692,
            0.6518082,
            0.5414418,
            0.39326096,
            0.3647852,
            0.35531658,
            0.6200675,
            0.3231288,
            0.7662851,
            0.70318574,
            0.6001558,
            0.3872106,
            0.651661,
            0.4071421,
            0.42274958,
            0.5391054,
            0.4187915,
            0.4276562,
            0.51330936,
            0.26583517,
            0.43565297,
            0.52749896,
            0.38123924,
            0.4818555,
            0.35491264,
            0.5149286,
            0.57172793,
            0.77577686,
            0.35211346,
            0.5065793,
            0.3738869,
            0.3223959,
            0.5938084,
            0.50167304,
            0.45674595,
            0.53523535,
            0.46632648,
            0.522884,
            0.47905028,
            0.61233777,
            0.39458457,
            0.4093032,
            0.45498332,
            0.46551552,
            0.5044826,
            0.2779334,
            0.43859872,
            0.3989152,
            0.47699538,
            0.5828507,
            0.48137236,
            0.5009429,
            0.44558078,
            0.59297967,
            0.51778615,
            0.38151363,
            0.36393335,
            0.680113,
            0.42616746,
            0.4116853,
            0.4268034,
            0.4401158,
            0.67155504,
            0.34791976,
            0.49297652,
            0.4018113,
            0.33197024,
            0.4360466,
            0.21443899,
            0.43819624,
            0.5631544,
            0.49793425,
            0.24536635,
            0.50175166,
            0.48505047,
            0.48240742,
            0.39769882,
            0.49521288
        ],
        "checkpoints": [
            {
                "batch_id": 81,
                "evaluation": {
                    "legend": "Most recent NN versus best NN so far",
                    "avgr": -0.125,
                    "redundancy": 0,