{
    "perfs_self_play": {
        "time": 21.249245283,
        "allocated": 5377768248,
        "gc_time": 0.773752863
    },
    "perfs_memory_analysis": {
        "time": 2.57e-7,
        "allocated": 0,
        "gc_time": 0
    },
    "perfs_learning": {
        "time": 44.370157316,
        "allocated": 23670608320,
        "gc_time": 2.882748649
    },
    "self_play": {
        "samples_gen_speed": 19.874764406725397,
        "average_exploration_depth": 0.875,
        "mcts_memory_footprint": 1636320,
        "memory_size": 4620,
        "memory_num_distinct_boards": 4620
    },
    "memory": null,
    "learning": {
        "time_convert": 1.212752364,
        "time_loss": 17.955260631999998,
        "time_train": 1.722719443,
        "time_eval": 14.229725735999999,
        "initial_status": {
            "loss": {
                "L": 166050690000000000,
                "Lp": 0.93359035,
                "Lv": 166050690000000000,
                "Lreg": 9.356675e-5,
                "Linv": -19.571363
            },
            "Hp": 1.6459732,
            "Hpnet": 2.5795646
        },
        "losses": [
            220915560000000000,
            59220070000000000,
            203357250000000000,
            220911330000000000,
            163314200000000000,
            220915920000000000,
            203357250000000000,
            220067840000000000,
            220911330000000000,
            163314200000000000,
            220915920000000000,
            220915560000000000,
            215506680000000000,
            220876390000000000,
            26547347000000000,
            220915610000000000,
            104805740000000000,
            220915610000000000,
            59220070000000000,
            203357250000000000,
            6636842000000000,
            6636842000000000,
            215506750000000000,
            6636842000000000,
            220876390000000000,
            220916100000000000,
            203357250000000000,
            203357250000000000,
            220915610000000000,
            220718200000000000,
            104805740000000000,
            220876390000000000,
            59220070000000000,
            59220070000000000,
            220911400000000000,
            203357250000000000,
            26547347000000000,
            6636842000000000,
            220911330000000000,
            163314200000000000,
            220067840000000000,
            26547347000000000,
            104805740000000000,
            220915920000000000,
            220915920000000000,
            6636842000000000,
            104805740000000000,
            104805740000000000,
            104805740000000000,
            6636842000000000,
            220916040000000000,
            220876320000000000,
            203357250000000000,
            104805740000000000,
            220876320000000000,
            59220070000000000,
            220067900000000000,
            220915970000000000,
            220067900000000000,
            26547347000000000,
            220718200000000000,
            220911400000000000,
            104805740000000000,
            215506750000000000,
            220911400000000000,
            220718200000000000,
            220915610000000000,
            220916100000000000,
            26547347000000000,
            215506750000000000,
            220876390000000000,
            220915970000000000,
            203357250000000000,
            6636842000000000,
            26547347000000000,
            26547347000000000,
            26547347000000000,
            220915560000000000,
            220067840000000000,
            203357250000000000,
            220876320000000000,
            220911330000000000,
            203357250000000000,
            163314200000000000,
            104805740000000000,
            163314200000000000,
            163314200000000000,
            26547347000000000,
            220876320000000000,
            104805740000000000,
            163314200000000000,
            203357250000000000,
            104805740000000000,
            26547347000000000,
            59220070000000000,
            163314200000000000,
            220876320000000000,
            59220070000000000,
            215506680000000000,
            104805740000000000,
            220916040000000000,
            163314200000000000,
            220067840000000000,
            59220070000000000,
            163314200000000000,
            104805740000000000,
            215506680000000000,
            220911330000000000,
            220718150000000000,
            220718150000000000,
            220911330000000000,
            220718150000000000,
            220915560000000000,
            6636842000000000,
            203357250000000000,
            26547347000000000,
            203357250000000000,
            220916040000000000,
            220876320000000000,
            220911330000000000,
            220915920000000000,
            220915560000000000,
            220915920000000000,
            163314200000000000,
            220067840000000000,
            220915560000000000,
            203357250000000000,
            220916040000000000,
            59220070000000000,
            26547347000000000,
            59220070000000000,
            215506680000000000,
            220915920000000000,
            104805740000000000,
            220915560000000000,
            6636842000000000,
            220915920000000000,
            6636842000000000,
            163314200000000000,
            104805740000000000,
            26547347000000000,
            6636842000000000,
            104805740000000000,
            203357250000000000,
            220718150000000000,
            104805740000000000,
            220915560000000000,
            220718150000000000,
            220911330000000000,
            220067840000000000,
            59220070000000000,
            26547347000000000,
            220718150000000000,
            26547347000000000,
            215506680000000000,
            220718150000000000,
            163314200000000000,
            220911330000000000,
            220911330000000000,
            220067840000000000,
            215506680000000000,
            220067840000000000,
            220916040000000000,
            6636842000000000,
            215506680000000000,
            203357250000000000,
            220067840000000000,
            203357250000000000,
            220718150000000000,
            220915920000000000,
            220911330000000000,
            26547347000000000,
            215506680000000000,
            220067840000000000,
            215506680000000000,
            203357250000000000,
            203357250000000000,
            6636842000000000,
            220911330000000000,
            215506680000000000,
            220067840000000000,
            220915560000000000,
            59220070000000000,
            220876320000000000,
            220915560000000000,
            203357250000000000,
            220915920000000000,
            220911330000000000,
            163314200000000000,
            104805740000000000,
            104805740000000000,
            220718150000000000,
            220915560000000000,
            220067840000000000,
            220915560000000000,
            220916040000000000,
            215506680000000000,
            104805740000000000,
            220916040000000000,
            26547347000000000,
            220718150000000000,
            163314200000000000,
            26547347000000000,
            220916040000000000,
            220718150000000000,
            220718150000000000,
            203357250000000000,
            203357250000000000,
            220915560000000000,
            104805740000000000,
            220915970000000000,
            220911400000000000,
            215506750000000000,
            220915970000000000,
            220911400000000000,
            26547347000000000,
