{
    "perfs_self_play": {
        "time": 1632.824014901,
        "allocated": 3041537236394,
        "gc_time": 468.589175549
    },
    "perfs_memory_analysis": {
        "time": 6.54e-7,
        "allocated": 0,
        "gc_time": 0
    },
    "perfs_learning": {
        "time": 687.723941358,
        "allocated": 1246396826710,
        "gc_time": 151.019555845
    },
    "self_play": {
        "samples_gen_speed": 2.493568026529575,
        "average_exploration_depth": 2.3926557525486394,
        "mcts_memory_footprint": 205906880,
        "memory_size": 7000,
        "memory_num_distinct_boards": 6385
    },
    "memory": null,
    "learning": {
        "time_convert": 1.106853024,
        "time_loss": 9.740668818,
        "time_train": 46.113904085,
        "time_eval": 625.838248686,
        "initial_status": {
            "loss": {
                "L": 699.66156,
                "Lp": 0.46226457,
                "Lv": 682.8646,
                "Lreg": 0.0006396448,
                "Linv": -6.403717e-10
            },
            "Hp": 2.4126945,
            "Hpnet": 2.9239864
        },
        "losses": [
            9.398963,
            11.95408,
            11.300268,
            7.736276,
            7.467807,
            5.260431,
            4.0015035,
            2.9758062,
            13.07381,
            1.4674784,
            7263.259,
            7277.8105,
            2.7511368,
            2.5669413,
            4.8506303,
            3.2906044,
            3.4360795,
            156.82057,
            2.2796097,
            3.2825937,
            36.19106,
            3.6153908,
            2.3676739,
            2.7827163,
            5.8444996,
            2.703635,
            4.329807,
            155.84692,
            5.7199383,
            4.5319095,
            5.7691216,
            2.6472642,
            3.8581479,
            3.8994582,
            2.481562,
            3.1279163,
            4.0410094,
            5.8835816,
            3.8209507,
            3.5639067,
            1.9013925,
            3.348359,
            4.3585477,
            159.6792,
            3.8567226,
            7.4280996,
            1.9613739,
            5.416634,
            4.049915,
            1.5642062,
            73.02641,
            2.8074806,
            2379.0022,
            2.608983,
            1.9773959,
            1.9418454,
            4.3826294,
            2.6667402,
            805.4964,
            4.6188207,
            7198.904,
            5.490044,
            163.04648,
            5.7570133,
            4.3632574,
            5.4582753,
            12765.419,
            3.0994055,
            12787.875,
            10.686117,
            168.07635,
            11.41582,
            21.599709,
            17.116985,
            43.74226,
            766.79956,
            906.727,
            12.96792,
            21.794735,
            1360.8727,
            13.145901,
            12650.77,
            24.406988,
            162.53868,
            18.503422,
            19.028374,
            21.983942,
            184.22617,
            23.015913,
            20.196447,
            178.7872,
            20.98501,
            26.354246,
            23.719183,
            169.22075,
            28.88062,
            16.699747,
            28.51254,
            148.70453,
            12.440247,
            16.977762,
            17.338043,
            11.704677,
            10.261432,
            11.353616,
            7.842998,
            9.095082,
            7.9748144,
            3.3933966,
            7174.9736,
            7177.397,
            3.6228657,
            4.7778964,
            6.666557,
            5.674714,
            7.7981853,
            160.34596,
            4.0113597,
            5.7654057,
            37.72715,
            5.615529,
            5.029136,
            4.0862737,
            7.555769,
            6.391898,
            5.080187,
            152.62813,
            8.8896265,
            7.126392,
            8.122389,
            6.7525053,
            5.31259,
            7.087083,
            3.843875,
            5.1717825,
            4.7925544,
            6.322163,
            5.216663,
            4.154611,
            3.267777,
            4.587712,
            6.514243,
            161.21385,
            5.956769,
            6.154259,
            2.6417675,
            5.559336,
            5.1764708,
            1.7876838,
            53.750805,
            4.6537657,
            2340.0474,
            3.7632453,
            3.7273002,
            3.1412523,
            5.648569,
            3.6882503,
            799.24133,
            6.0812054,
            7134.9,
            5.0766983,
            159.1075,
            6.0884686,
            4.1225853,
            5.2138233,
            12775.564,
            2.425588,
            12765.339,
            7.0006638,
            167.64458,
            8.990436,
            20.76036,
            12.679401,
            39.601967,
            772.8769,
            913.72845,
            10.201078,
            18.295582,
            1365.2073,
            9.360816,
            12672.29,
            15.066694,
            161.03734,
            15.665045,
            13.807018,
            18.619139,
            178.53857,
            17.334196,
            15.152415,
            173.46039,
            17.072397,
            21.853138,
            19.315754,
            166.42853,
            24.04757,
            14.006663,
            26.074667,
            146.86916,
            10.616647,
            14.823957,
            15.460323,
            10.885256,
            8.524535,
            9.524022,
            7.640109,
            9.005894,
            10.4666395,
            3.2791083,
            7151.02,
            7144.949,
            3.3586116,
            4.720721,
            6.935121,
            6.079582,
            8.788403,
            159.85477,
            4.286037,
            6.027553,
            39.23065,
            5.78217,
            5.661924,
            4.4118342,
            7.4834266,
            7.9756966,
            5.703664,
            150.99234,
            9.101455,
            8.047779,
            8.585105,
            8.232508,
            5.7169313,
            7.6122947,
            4.1242785,
            5.8375783,
            4.8986764,
            6.9072165,
            5.506018,
            4.555778,
            3.7648966,
            4.505029,
            6.7294316,
            159.96515,
            6.1840234,
            6.1684504,
            2.739012,
            6.0605445,
            5.2018213,
            2.01503,
            48.526333,
            5.5143275,
            2328.1016,
            4.032755,
            4.3215117,
            3.3910928,
            6.020933,
            3.902733,
            796.37897,
            6.5531235,
            7120.6675,
            5.1563706,
            157.9714,
            6.233967,
            4.273386,
            5.0800133,
            12747.836,
            2.6051493,
            12718.006,
            7.45873,
            166.27516,
            9.444032,
            21.965546,
            12.758568,
            38.505383,
            770.0094,
            909.9857,
            11.581967,
            19.003105,
            1354.3049,
            9.942552,
            12646.868,
            14.909847,
            160.73383,
            15.42168,
            13.9282875,
            19.16483,
            179.69167,
            17.241161,
            14.049724,
            175.33267,
            16.489172,
            22.687622,
            19.625912,
            167.94969,
            24.371906,
            14.62662,
            26.139225,
            147.44193
        ],
        "checkpoints": [
            {
                "batch_id": 99,