{
    "perfs_self_play": {
        "time": 912.945021687,
        "allocated": 1861614418074,
        "gc_time": 354.650594999
    },
    "perfs_memory_analysis": {
        "time": 3.05e-7,
        "allocated": 0,
        "gc_time": 0
    },
    "perfs_learning": {
        "time": 447.877365938,
        "allocated": 790632480419,
        "gc_time": 119.196793537
    },
    "self_play": {
        "samples_gen_speed": 2.4662597198472938,
        "average_exploration_depth": 1.9199806045155112,
        "mcts_memory_footprint": 276814880,
        "memory_size": 4626,
        "memory_num_distinct_boards": 4086
    },
    "memory": null,
    "learning": {
        "time_convert": 0.788491881,
        "time_loss": 8.501759791,
        "time_train": 9.192048269,
        "time_eval": 426.31405875800004,
        "initial_status": {
            "loss": {
                "L": 0.05677776,
                "Lp": 0.03751525,
                "Lv": 0.018269446,
                "Lreg": 0.00028129425,
                "Linv": -1.4839198e-9
            },
            "Hp": 3.2295475,
            "Hpnet": 3.2690177
        },
        "losses": [
            0.010690745,
            0.1083773,
            0.041069634,
            0.051075835,
            0.01008989,
            0.039793268,
            0.04263271,
            0.039122183,
            0.10630288,
            0.05801981,
            0.057350744,
            0.09763961,
            0.11317903,
            0.05134483,
            0.028241184,
            0.10463709,
            0.08557645,
            0.031485375,
            0.09075446,
            0.07271163,
            0.01607014,
            0.013013956,
            0.029176127,
            0.057526004,
            0.1143074,
            0.04015568,
            0.008891354,
            0.007908039,
            0.07688444,
            0.01840889,
            0.106902175,
            0.096523136,
            0.023452565,
            0.12787838,
            0.05471141,
            0.077769004,
            0.09474114,
            0.044071756,
            0.026312605,
            0.0676315,
            0.0031811725,
            0.06963213,
            0.12067807,
            0.017773543,
            0.058922358,
            0.08175085,
            0.035261836,
            0.0393104,
            0.09829321,
            0.05474245,
            0.055267893,
            0.067299254,
            0.08405091,
            0.11080932,
            0.042537745,
            0.0064806803,
            -0.0053191585,
            0.026558995,
            0.046900563,
            0.055191457,
            0.07813157,
            -0.015257677,
            0.11010125,
            0.0038016804,
            0.101377614,
            0.055730235,
            0.062488586,
            0.009751592,
            0.043398876,
            0.04336525,
            0.041408908,
            0.107000835,
            0.058545765,
            0.057413977,
            0.09690585,
            0.11325156,
            0.053052556,
            0.028254151,
            0.10462074,
            0.08565755,
            0.03351523,
            0.09073817,
            0.07299275,
            0.016273234,
            0.012352761,
            0.029771494,
            0.05693604,
            0.11440246,
            0.038499385,
            0.008162503,
            0.0071917623,
            0.081043415,
            0.01896733,
            0.10704262,
            0.09650231,
            0.023540782,
            0.12748682,
            0.056172926,
            0.07770798,
            0.099443644,
            0.043269753,
            0.026081653,
            0.064734705,
            0.0024580923,
            0.07177006,
            0.12001159,
            0.023618966,
            0.05675147,
            0.08158533,
            0.034931343,
            0.04060006,
            0.10472471,
            0.05387248,
            0.053405743,
            0.06517206,
            0.08262923,
            0.10923405,
            0.039962225,
            0.0057729073,
            -0.012557323,
            0.026542353,
            0.054198515,
            0.05492351,
            0.079533294,
            -0.013241123,
            0.11049189,
            0.0042556254,
            0.11042184,
            0.039656404,
            0.053517565,
            0.011758949,
            0.04238062,
            0.043366607,
            0.04157726,
            0.10749442,
            0.058415722,
            0.0564362,
            0.09784372,
            0.11306644,
            0.049648594,
            0.03040123,
            0.104463756,
            0.08568054,
            0.029571345,
            0.09121366,
            0.07298846,
            0.016151106,
            0.012494271,
            0.029924091,
            0.057240494,
            0.1145014,
            0.033664048,
            0.00920627,
            0.0071834764,
            0.07602885,
            0.02260434,
            0.10729328,
            0.09648883,
            0.02360262,
            0.12742627,
            0.055973362,
            0.07742969,
            0.09962746,
            0.04322627,
            0.026220243,
            0.0608977,
            0.0023682695,
            0.07199095,
            0.11986304,
            0.021777626,
            0.05670986,
            0.08177881,
            0.033686012,
            0.039060857,
            0.10320814,
            0.0535911,
            0.052552167,
            0.065155774,
            0.0812634,
            0.108579196,
            0.043167442,
            0.0059170914,
            -0.012261625,
            0.024693368,
            0.049141876,
            0.05541634,
            0.078076504,
            -0.016287189,
            0.11062499
        ],
        "checkpoints": [
            {
                "batch_id": 63,
                "evaluation": {
                    "legend": "Most recent NN versus best NN so far",
                    "avgr": -0.09375,
                    "redundancy": 0,
                    "rewards": [
                        -1,
                        -1,
                        -1,
                        -1,
                        -1,
                        -1,
                        -1,
                        -1,
                        -1,
                        -1,
                        -1,
                        0,
                        -1,
                        -1,
                        -1,
                        -1,
                        -1,
                        -1,
                        -1,
                        -1,
                        -1,
                        -1,
                        -1,
                        -1,
                        -1,
                        -1,
                        -1,
                        -1,
                        -1,
                        -1,
                        -1,
                        -1
                    ],
                    "baseline_rewards": [
                        -1,
                        -1,
                        -1,
                        -1,
                        -1,
                        0,
                        -1,
                        -1,
                        0,
                        -1,
                        0,
                        -1,
                        -1,
                        0,
                        -1,
                        -1,
                        -1,
                        -1,
                        -1,
                        -1,
                        -1,
                        -1,
                        -1,
                        -1,
                        -1,
                        -1,
                        -1,
                        -1,
                        -1,
                        -1,
                        -1,
                        -1
                    ],