{
    "perfs_self_play": {
        "time": 1661.061974871,
        "allocated": 2971465933468,
        "gc_time": 505.790672667
    },
    "perfs_memory_analysis": {
        "time": 3.6e-7,
        "allocated": 0,
        "gc_time": 0
    },
    "perfs_learning": {
        "time": 964.002015416,
        "allocated": 1644276922689,
        "gc_time": 232.487742569
    },
    "self_play": {
        "samples_gen_speed": 2.466559354208561,
        "average_exploration_depth": 2.3096202464371594,
        "mcts_memory_footprint": 202403776,
        "memory_size": 7000,
        "memory_num_distinct_boards": 6392
    },
    "memory": null,
    "learning": {
        "time_convert": 1.109887959,
        "time_loss": 10.287049179,
        "time_train": 48.010700173000004,
        "time_eval": 899.471412352,
        "initial_status": {
            "loss": {
                "L": 34.73042,
                "Lp": 0.54560035,
                "Lv": 34.236423,
                "Lreg": 0.00043871175,
                "Linv": 1.1511582e-9
            },
            "Hp": 2.3994267,
            "Hpnet": 2.947565
        },
        "losses": [
            17.147358,
            65.68979,
            129.03165,
            4.824724,
            13.998695,
            5.4086127,
            5.7295957,
            4.20693,
            13.714573,
            54.912895,
            61.848312,
            69.22139,
            152.27791,
            5.110192,
            3.2267845,
            3.6852036,
            355.96436,
            7.2163396,
            5.4669347,
            18.432976,
            9.722745,
            5.1958337,
            183.32571,
            2.7980475,
            51.057743,
            2.418093,
            2.8132582,
            3.7882648,
            14.677305,
            4.216577,
            16.294624,
            5.7128506,
            10.869909,
            91.013535,
            3.3633506,
            13.648036,
            3.0188823,
            4.0371127,
            3.8050072,
            142.30472,
            93.79264,
            1.6170597,
            2.2864702,
            141.14095,
            142.5679,
            2.373335,
            2.7915764,
            1.6235095,
            2.1890862,
            10.603465,
            49.143475,
            29.028328,
            2.2492242,
            3.3465393,
            97.46122,
            49.77536,
            4.2797275,
            2.5844436,
            141.21246,
            2.4504356,
            13.839418,
            3.540935,
            9.88705,
            1.6820121,
            2.2808409,
            27.342543,
            2.8363638,
            141.81197,
            1.8037652,
            1.7113942,
            1.8968077,
            5.2368813,
            10.751557,
            3.3461,
            141.49103,
            3.2784693,
            1.8206629,
            2.7808669,
            6.9802914,
            3.8532941,
            1.7565825,
            137.71475,
            1.7195518,
            5.91915,
            186.27672,
            2.198728,
            1.5711435,
            2.8728848,
            6.8490214,
            6.9151855,
            2.4207003,
            3.5504663,
            3.6000888,
            2.4680743,
            3.0933833,
            3.1092112,
            194.36157,
            138.94904,
            2.1215432,
            14.432458,
            69.454926,
            129.98517,
            3.5072029,
            13.282441,
            3.8740625,
            4.0611277,
            3.254265,
            12.951195,
            55.829277,
            63.035683,
            68.94481,
            150.72154,
            5.2959905,
            3.044034,
            3.7435894,
            355.32468,
            7.3415976,
            5.1691146,
            18.025843,
            9.550792,
            5.481796,
            182.38908,
            2.8777902,
            51.270508,
            2.5859153,
            2.8094425,
            3.5913286,
            14.109352,
            4.3987546,
            16.427458,
            5.8361616,
            10.405755,
            90.95418,
            3.4276505,
            13.8125515,
            3.075101,
            4.135286,
            3.7488391,
            141.13396,
            93.49349,
            1.520264,
            2.1302578,
            139.93796,
            141.89427,
            2.113646,
            2.8576367,
            1.6048355,
            2.181201,
            10.260684,
            49.346348,
            28.80391,
            2.381908,
            3.4385707,
            96.95232,
            49.863117,
            4.309417,
            2.4352076,
            140.40268,
            2.4404407,
            13.816957,
            3.6713755,
            9.922828,
            1.6836941,
            2.2770438,
            27.053999,
            2.7869937,
            140.59193,
            1.8655769,
            1.7241979,
            1.9634606,
            5.492231,
            10.705356,
            3.2409425,
            140.74602,
            3.334064,
            1.727741,
            2.664644,
            6.90119,
            4.1370325,
            1.8097777,
            135.35611,
            1.7261024,
            5.8273344,
            184.33788,
            2.1324174,
            1.5357819,
            2.8151248,
            6.7509933,
            6.586123,
            2.4447336,
            3.7672343,
            3.598299,
            2.606643,
            3.178955,
            2.9343948,
            196.5912,
            137.40526,
            2.1243596,
            14.2371025,
            69.85923,
            127.700966,
            3.5257373,
            13.212996,
            4.242469,
            3.9429479,
            3.2662547,
            12.722217,
            56.1728,
            63.569805,
            69.24082,
            148.20662,
            5.5956664,
            2.8693748,
            3.7449589,
            355.46136,
            7.3984637,
            5.02458,
            17.880367,
            9.420344,
            5.610603,
            181.53062,
            2.8477829,
            51.127876,
            2.4951491,
            2.761243,
            3.3235524,
            13.637274,
            4.511577,
            16.542421,
            6.0154686,
            9.9472,
            90.47034,
            3.4099889,
            13.806117,
            3.1500516,
            4.2650356,
            3.6294866,
            139.28998,
            93.056564,
            1.425126,
            1.9830995,
            138.78476,
            141.02948,
            1.9213161,
            2.9771137,
            1.5911458,
            2.2318072,
            9.980951,
            49.571877,
            28.754827,
            2.5870783,
            3.7405763,
            96.32886,
            49.799343,
            4.436508,
            2.3387728,
            138.91838,
            2.509839,
            13.840313,
            3.843356,
            10.067205,
            1.7097626,
            2.3452215,
            26.539293,
            2.7576706,
            138.76256,
            1.9854677,
            1.7354425,
            2.124708,
            5.8233404,
            10.717136,
            3.1183283,
            139.41936,
            3.380763,
            1.6547722,
            2.5607157,
            6.8203187,
            4.405093,
            1.8582245,
            133.01472,
            1.7782646,
            5.7168994,
            182.11583,
            2.0929055,
            1.5608553,
            2.7845716,
            6.7187047,
            6.333656,
            2.5678186,
            4.1102653,
            3.5852675,
            2.8606412,
            3.3441026,
            2.8398943,
            199.45699,
            135.12164,
            2.2886178
        ],
        "checkpoints": [
            {
                "batch_id": 99,