{
    "perfs_self_play": {
        "time": 21.043982328,
        "allocated": 5379150408,
        "gc_time": 0.705113448
    },
    "perfs_memory_analysis": {
        "time": 3.2e-7,
        "allocated": 0,
        "gc_time": 0
    },
    "perfs_learning": {
        "time": 51.866299199,
        "allocated": 27370420752,
        "gc_time": 2.855213931
    },
    "self_play": {
        "samples_gen_speed": 20.062692348160965,
        "average_exploration_depth": 0.875,
        "mcts_memory_footprint": 1636320,
        "memory_size": 5880,
        "memory_num_distinct_boards": 5880
    },
    "memory": null,
    "learning": {
        "time_convert": 1.578927429,
        "time_loss": 22.58171765,
        "time_train": 1.782733922,
        "time_eval": 14.390873256999999,
        "initial_status": {
            "loss": {
                "L": 166050690000000000,
                "Lp": 0.9335902,
                "Lv": 166050690000000000,
                "Lreg": 1.2033958e-6,
                "Linv": -19.57142
            },
            "Hp": 1.6459738,
            "Hpnet": 2.5795643
        },
        "losses": [
            26547347000000000,
            104805740000000000,
            163314200000000000,
            220718150000000000,
            26547347000000000,
            220915560000000000,
            26547347000000000,
            220067840000000000,
            6636842000000000,
            203357250000000000,
            220916040000000000,
            104805740000000000,
            220915560000000000,
            203357250000000000,
            220876390000000000,
            6636842000000000,
            215506750000000000,
            6636842000000000,
            220915610000000000,
            215506750000000000,
            220916100000000000,
            220876390000000000,
            203357250000000000,
            104805740000000000,
            6636842000000000,
            220067900000000000,
            220916100000000000,
            220876390000000000,
            104805740000000000,
            220915610000000000,
            220876390000000000,
            220067900000000000,
            220911400000000000,
            203357250000000000,
            220067900000000000,
            220915610000000000,
            26547347000000000,
            220911330000000000,
            220915560000000000,
            6636842000000000,
            220915560000000000,
            104805740000000000,
            220718150000000000,
            220915560000000000,
            220915560000000000,
            215506680000000000,
            163314200000000000,
            220916040000000000,
            220915920000000000,
            220876320000000000,
            220915920000000000,
            6636842000000000,
            26547347000000000,
            220915920000000000,
            59220070000000000,
            220915560000000000,
            215506750000000000,
            220718200000000000,
            220718200000000000,
            220911400000000000,
            104805740000000000,
            203357250000000000,
            220718200000000000,
            6636842000000000,
            220915970000000000,
            26547347000000000,
            203357250000000000,
            220718200000000000,
            215506750000000000,
            163314200000000000,
            6636842000000000,
            220915920000000000,
            220915920000000000,
            220718150000000000,
            220916040000000000,
            104805740000000000,
            104805740000000000,
            220915920000000000,
            220915560000000000,
            26547347000000000,
            220916040000000000,
            215506680000000000,
            220911330000000000,
            104805740000000000,
            220067840000000000,
            220067840000000000,
            26547347000000000,
            220876360000000000,
            26547347000000000,
            220718180000000000,
            220067870000000000,
            26547347000000000,
            6636842000000000,
            220718180000000000,
            220067870000000000,
            163314200000000000,
            220915580000000000,
            163314200000000000,
            220911370000000000,
            215506680000000000,
            220916040000000000,
            220067840000000000,
            220718150000000000,
            220916040000000000,
            163314200000000000,
            220911330000000000,
            220916040000000000,
            220915560000000000,
            220915560000000000,
            203357250000000000,
            26547347000000000,
            104805740000000000,
            220067840000000000,
            215506680000000000,
            220911330000000000,
            6636842000000000,
            104805740000000000,
            104805740000000000,
            163314200000000000,
            6636842000000000,
            220067840000000000,
            220911330000000000,
            220915560000000000,
            26547347000000000,
            220915920000000000,
            26547347000000000,
            220915920000000000,
            6636842000000000,
            220916040000000000,
            26547347000000000,
            220915920000000000,
            203357250000000000,
            6636842000000000,
            220876320000000000,
            59220070000000000,
            59220070000000000,
            215506680000000000,
            220876320000000000,
            220915560000000000,
            203357250000000000,
            220916040000000000,
            220916040000000000,
            220915560000000000,
            220718150000000000,
            6636842000000000,
            220915560000000000,
            26547347000000000,
            26547347000000000,
            59220070000000000,
            26547347000000000,
            59220070000000000,
            220067840000000000,
            104805740000000000,
            59220070000000000,
            163314200000000000,
            203357250000000000,
            163314200000000000,
            220915560000000000,
            220916040000000000,
            220876320000000000,
            220876320000000000,
            220876320000000000,
            104805740000000000,
            220911330000000000,
            220876320000000000,
            163314200000000000,
            203357250000000000,
            59220070000000000,
            220915920000000000,
            104805740000000000,
            59220070000000000,
            220915920000000000,
            220911330000000000,
            104805740000000000,
            220067840000000000,
            104805740000000000,
            59220070000000000,
            220718150000000000,
            220876320000000000,
            220915560000000000,
            163314200000000000,
            104805740000000000,
            163314200000000000,
            203357250000000000,
            220915920000000000,
            6636842000000000,
            220876320000000000,
            220718150000000000,
            203357250000000000,
            220718150000000000,
            215506680000000000,
            215506680000000000,
            220911330000000000,
            220911330000000000,
            203357250000000000,
            220915920000000000,
            220876320000000000,
            220067840000000000,
            220067840000000000,
            104805740000000000,
            220876320000000000,
            163314200000000000,
            215506680000000000,
            203357250000000000,
            220911330000000000,
            220915920000000000,
            215506680000000000,
            220915920000000000,
            220916040000000000,
            104805740000000000,
            220916040000000000,
            220876320000000000,
            6636842000000000,
            59220070000000000,
            59220070000000000,
            6636842000000000,
