{
    "perfs_self_play": {
        "time": 1333.235496912,
        "allocated": 2353501634128,
        "gc_time": 502.151832307
    },
    "perfs_memory_analysis": {
        "time": 3.25e-7,
        "allocated": 0,
        "gc_time": 0
    },
    "perfs_learning": {
        "time": 625.591346934,
        "allocated": 1019542603434,
        "gc_time": 165.150745844
    },
    "self_play": {
        "samples_gen_speed": 2.517747974617596,
        "average_exploration_depth": 2.2201899559612532,
        "mcts_memory_footprint": 364541760,
        "memory_size": 6000,
        "memory_num_distinct_boards": 5377
    },
    "memory": null,
    "learning": {
        "time_convert": 0.81627537,
        "time_loss": 11.155251239,
        "time_train": 11.882993276,
        "time_eval": 598.328506015,
        "initial_status": {
            "loss": {
                "L": 0.800088,
                "Lp": 0.2578199,
                "Lv": 0.5397518,
                "Lreg": 0.00024051314,
                "Linv": 5.8544714e-10
            },
            "Hp": 2.8125951,
            "Hpnet": 3.088644
        },
        "losses": [
            0.9326416,
            0.7038418,
            0.689128,
            0.7488381,
            0.63346195,
            0.79719764,
            0.9312101,
            0.73029375,
            0.7118608,
            0.7049827,
            0.6643842,
            0.99531347,
            0.89584035,
            0.66515166,
            0.83826697,
            0.9494224,
            0.9033029,
            0.7881743,
            0.6184034,
            0.89869756,
            0.75604147,
            0.62581974,
            0.5789049,
            0.9866411,
            0.9159479,
            0.7644161,
            0.65251166,
            0.7274041,
            0.795029,
            0.7364355,
            1.0378485,
            0.7798017,
            0.7586681,
            0.9243799,
            0.91905206,
            0.8268806,
            0.7908862,
            0.61623245,
            0.56549585,
            0.68661433,
            0.63110924,
            0.6707551,
            0.6266423,
            0.49841043,
            0.95960385,
            0.7997483,
            0.66797453,
            0.7330311,
            0.5757333,
            0.7898892,
            0.9000163,
            0.6889061,
            0.70597965,
            0.72333187,
            0.7551729,
            0.7768847,
            0.61153746,
            0.8838583,
            0.7200501,
            0.65167385,
            0.74728113,
            0.7700254,
            0.9449357,
            0.8173473,
            0.517282,
            0.85230577,
            0.82178855,
            0.9172146,
            0.6792613,
            0.7892266,
            0.81561697,
            0.8579534,
            0.8430111,
            0.7378041,
            0.6305679,
            0.8520025,
            0.7859044,
            0.7832469,
            0.76619726,
            0.77903533,
            1.0039557,
            0.7767677,
            0.6475383,
            0.84196824,
            0.88246137,
            0.70693314,
            0.7069201,
            0.71628636,
            0.58836395,
            0.8004513,
            0.99214476,
            0.751124,
            0.71263236,
            0.7207205,
            0.6615983,
            0.8703154,
            0.8353634,
            0.65953815,
            0.7974201,
            0.96906406,
            0.9289533,
            0.7460926,
            0.6167472,
            0.89330137,
            0.7212368,
            0.6300838,
            0.621328,
            0.87128067,
            0.879921,
            0.7831741,
            0.6348578,
            0.6769831,
            0.78775555,
            0.7126208,
            1.0689781,
            0.75489646,
            0.7791962,
            0.916902,
            0.90480185,
            0.82437086,
            0.7526293,
            0.6079231,
            0.5890447,
            0.68273944,
            0.63897216,
            0.67420083,
            0.6349721,
            0.49486312,
            0.95659286,
            0.7976622,
            0.67251694,
            0.7249303,
            0.56941885,
            0.78605354,
            0.8958921,
            0.6834405,
            0.7174655,
            0.7191119,
            0.73573416,
            0.77980024,
            0.59176415,
            0.8675849,
            0.71825385,
            0.65825456,
            0.7261733,
            0.75248384,
            0.9018347,
            0.7768825,
            0.5186889,
            0.84834653,
            0.8142516,
            0.91118157,
            0.67135036,
            0.7713878,
            0.8097438,
            0.84994406,
            0.8369568,
            0.7537083,
            0.6393816,
            0.852087,
            0.7641516,
            0.7812348,
            0.7723657,
            0.7778874,
            1.0098608,
            0.78492916,
            0.62709916,
            0.8421115,
            0.87898415,
            0.68972045,
            0.69245434,
            0.69033134,
            0.58231074,
            0.7974551,
            0.96138054,
            0.70395285,
            0.67105854,
            0.71768117,
            0.687857,
            0.89647686,
            0.8327934,
            0.69066703,
            0.8435717,
            0.9574644,
            0.9103093,
            0.7340405,
            0.62121063,
            0.8827673,
            0.7327862,
            0.60035187,
            0.587812,
            0.9555644,
            0.9094037,
            0.7753349,
            0.6204517,
            0.6753896,
            0.77948457,
            0.71437144,
            1.0530429,
            0.7464486,
            0.75759953,
            0.89491546,
            0.9264453,
            0.82086104,
            0.7593774,
            0.61628324,
            0.58253694,
            0.6910621,
            0.63234776,
            0.6569999,
            0.6355487,
            0.5087718,
            1.0107343,
            0.82697415,
            0.66258365,
            0.7136266,
            0.5872385,
            0.75948757,
            0.8753128,
            0.6813604,
            0.6976223,
            0.72719896,
            0.7351173,
            0.7946342,
            0.5968176,
            0.8676613,
            0.71889836,
            0.6478529,
            0.7131047,
            0.76801616,
            0.9177939,
            0.7849821,
            0.49770424,
            0.8455393,
            0.8094191,
            0.9199855,
            0.6647739,
            0.7596895,
            0.8128705,
            0.84398,
            0.83756113,
            0.7653724,
            0.65465707,
            0.8485108,
            0.7492012,
            0.79184705,
            0.769182,
            0.7770298,
            1.0044087,
            0.78057474,
            0.6446841,
            0.84358174
        ],
        "checkpoints": [
            {
                "batch_id": 84,
                "evaluation": {
                    "legend": "Most recent NN versus best NN so far",
                    "avgr": -0.625,
                    "redundancy": 0,