{
    "perfs_self_play": {
        "time": 1052.310148256,
        "allocated": 2123959130657,
        "gc_time": 341.03262187
    },
    "perfs_memory_analysis": {
        "time": 4.04e-7,
        "allocated": 0,
        "gc_time": 0
    },
    "perfs_learning": {
        "time": 607.384864905,
        "allocated": 966397155055,
        "gc_time": 148.543178718
    },
    "self_play": {
        "samples_gen_speed": 2.45590857324307,
        "average_exploration_depth": 2.005640450555966,
        "mcts_memory_footprint": 141049696,
        "memory_size": 6334,
        "memory_num_distinct_boards": 5660
    },
    "memory": null,
    "learning": {
        "time_convert": 1.363609879,
        "time_loss": 17.093996019,
        "time_train": 50.007601238999996,
        "time_eval": 532.556109595,
        "initial_status": {
            "loss": {
                "L": 82.51393,
                "Lp": 0.47708362,
                "Lv": 82.15721,
                "Lreg": 0.00037980432,
                "Linv": -1.6054676e-10
            },
            "Hp": 2.7440283,
            "Hpnet": 3.1889129
        },
        "losses": [
            8.605163,
            797.0036,
            304.40744,
            61.157066,
            10.672823,
            9.888046,
            11.022986,
            9.827621,
            38.7975,
            53.85347,
            45.849617,
            4.5436125,
            54.53736,
            40.689083,
            10.958111,
            3.8999968,
            4.7593565,
            780.31006,
            38.76091,
            6.58001,
            19.507198,
            3.4697618,
            7.007402,
            7.5790696,
            269.26367,
            283.98282,
            35.93538,
            17.817724,
            5.9194293,
            5.899174,
            51.367054,
            3.945819,
            44.409958,
            257.4117,
            11.546852,
            26.316442,
            48.02139,
            297.86496,
            9.973801,
            46.026936,
            38.59747,
            8.741683,
            9.233983,
            6.5174146,
            7.826285,
            554.43207,
            156.89995,
            17.245195,
            15.819844,
            8.602126,
            36.637913,
            21.632298,
            251.0491,
            15.829892,
            12.187744,
            10.589314,
            24.937637,
            5.773076,
            6.9428473,
            8.67313,
            114.6106,
            42.04912,
            4.933747,
            3.382684,
            264.1225,
            3.2053,
            803.84125,
            10.093874,
            7.7041736,
            7.936838,
            26.594267,
            65.649536,
            5.651179,
            6.0819254,
            25.208332,
            39.785057,
            6.293105,
            38.825108,
            52.13604,
            4.499805,
            389.00052,
            4.264393,
            27.55218,
            263.91153,
            5.79989,
            6.087692,
            7.638758,
            9.756787,
            7.154399,
            803.4482,
            305.3093,
            63.24156,
            10.148199,
            9.46287,
            10.94897,
            10.3527775,
            38.525276,
            52.924984,
            42.309925,
            5.3746777,
            55.005257,
            40.137306,
            11.577251,
            4.7754083,
            5.0046062,
            775.27094,
            38.236042,
            6.7184258,
            19.933187,
            3.3222075,
            6.6383357,
            7.669512,
            268.54895,
            283.45795,
            37.311234,
            17.441494,
            5.84919,
            5.3907127,
            52.546482,
            3.9656336,
            44.029446,
            256.57236,
            11.380571,
            28.613775,
            48.249207,
            298.13422,
            9.272546,
            45.824924,
            37.744,
            8.647858,
            9.9915285,
            7.4373717,
            8.88322,
            547.47327,
            155.78181,
            20.594448,
            15.582381,
            8.819249,
            37.91372,
            21.335537,
            250.50665,
            15.278762,
            12.504697,
            10.986035,
            26.55205,
            6.63035,
            7.619516,
            9.957258,
            114.78506,
            37.375847,
            6.757807,
            3.4694755,
            266.13986,
            3.3501983,
            815.68536,
            9.968217,
            3.71711,
            4.2045674,
            25.065224,
            65.87879,
            4.984098,
            7.1229906,
            23.667425,
            37.553696,
            6.3009553,
            36.965923,
            51.31438,
            4.4603686,
            369.47485,
            4.525587,
            25.06319,
            265.6512,
            5.6361747,
            7.4813166,
            6.0631676,
            8.564018,
            6.1532483,
            796.42065,
            305.00586,
            68.393906,
            13.775564,
            10.089812,
            11.1491585,
            9.859818,
            38.69198,
            53.85939,
            43.76326,
            4.709948,
            54.121742,
            41.1932,
            11.063719,
            4.7095065,
            5.2487044,
            775.7519,
            38.252686,
            7.1987243,
            22.711966,
            3.4470544,
            6.6700106,
            7.2378416,
            265.25775,
            283.50928,
            37.342037,
            16.576727,
            6.054234,
            5.3893957,
            52.927895,
            4.062098,
            42.672348,
            254.76096,
            11.745828,
            28.586264,
            48.833225,
            296.9221,
            9.065504,
            47.467747,
            37.526825,
            7.709677,
            9.093409,
            6.688406,
            8.386746,
            557.43604,
            155.5476,
            20.754105,
            14.253708,
            7.5257607,
            36.67613,
            20.64763,
            250.39436,
            14.909397,
            12.292685,
            11.170861,
            27.164167,
            7.5669937,
            8.384702,
            11.368147,
            113.450134,
            36.25895,
            7.884728,
            4.6622343,
            264.06064,
            3.8290396,
            815.0056,
            10.4893465,
            4.1234245,
            3.9649734,
            25.80738,
            67.36003,
            4.3861976,
            5.9569936,
            23.20463,
            39.190113,
            7.45964,
            37.430897,
            51.692764,
            4.5636945,
            369.6974,
            4.66482,
            26.246029,
            261.40353,
            6.2633452,
            7.368165,
            6.791189,
            8.912926
        ],
        "checkpoints": [
            {
                "batch_id": 88,
                "evaluation": {
                    "legend": "Most recent NN versus best NN so far",
                    "avgr": 0.125,
                    "redundancy": 0,