{
    "perfs_self_play": {
        "time": 21.405612361,
        "allocated": 5374526184,
        "gc_time": 0.749032407
    },
    "perfs_memory_analysis": {
        "time": 3.51e-7,
        "allocated": 0,
        "gc_time": 0
    },
    "perfs_learning": {
        "time": 21.470539651,
        "allocated": 12908995566,
        "gc_time": 1.78401452
    },
    "self_play": {
        "samples_gen_speed": 19.73682847312477,
        "average_exploration_depth": 0.875,
        "mcts_memory_footprint": 1636320,
        "memory_size": 840,
        "memory_num_distinct_boards": 840
    },
    "memory": null,
    "learning": {
        "time_convert": 0.220057766,
        "time_loss": 3.275298339,
        "time_train": 1.711105073,
        "time_eval": 14.601493310999999,
        "initial_status": {
            "loss": {
                "L": 166050700000000000,
                "Lp": 0.93359035,
                "Lv": 166050700000000000,
                "Lreg": 0.00046867473,
                "Linv": -19.031881
            },
            "Hp": 1.6459728,
            "Hpnet": 2.579565
        },
        "losses": [
            163314200000000000,
            220916100000000000,
            26547347000000000,
            59220070000000000,
            104805740000000000,
            220718200000000000,
            220911400000000000,
            220876390000000000,
            104805740000000000,
            220067900000000000,
            220915610000000000,
            104805740000000000,
            220915970000000000,
            163314200000000000,
            59220070000000000,
            220915610000000000,
            203357250000000000,
            220916100000000000,
            6636842000000000,
            215506750000000000,
            220915970000000000,
            163314200000000000,
            220718200000000000,
            220915970000000000,
            220915970000000000,
            220915970000000000,
            203357250000000000,
            220911400000000000,
            220876390000000000,
            220916100000000000,
            59220070000000000,
            59220070000000000,
            104805740000000000,
            215506750000000000,
            163314200000000000,
            59220070000000000,
            59220070000000000,
            220718150000000000,
            26547347000000000,
            220067840000000000,
            26547347000000000,
            220915920000000000,
            220067840000000000,
            220876320000000000,
            203357250000000000,
            220718150000000000,
            26547347000000000,
            26547347000000000,
            203357250000000000,
            163314200000000000,
            220911330000000000,
            59220070000000000,
            220911330000000000,
            220911330000000000,
            6636842000000000,
            220718150000000000,
            26547347000000000,
            203357250000000000,
            215506680000000000,
            59220070000000000,
            220916040000000000,
            6636842000000000,
            59220070000000000,
            220876390000000000,
            220876390000000000,
            215506750000000000,
            215506750000000000,
            220915610000000000,
            203357250000000000,
            220915610000000000,
            220876390000000000,
            104805740000000000,
            220067900000000000,
            203357250000000000,
            163314200000000000,
            163314200000000000,
            163314200000000000,
            220916100000000000,
            6636842000000000,
            26547347000000000,
            203357250000000000,
            26547347000000000,
            203357250000000000,
            220911400000000000,
            163314200000000000,
            26547347000000000,
            220915610000000000,
            59220070000000000,
            220718200000000000,
            220067900000000000,
            215506750000000000,
            6636842000000000,
            203357250000000000,
            163314200000000000,
            163314200000000000,
            104805740000000000,
            220911400000000000,
            59220070000000000,
            220911400000000000,
            163314200000000000,
            220915970000000000,
            26547347000000000,
            104805740000000000,
            104805740000000000,
            59220070000000000,
            26547347000000000,
            104805740000000000,
            26547347000000000,
            203357250000000000,
            203357250000000000,
            104805740000000000,
            203357250000000000,
            215506750000000000,
            203357250000000000,
            163314200000000000,
            220915970000000000,
            6636842000000000,
            104805740000000000,
            203357250000000000,
            6636842000000000,
            220916100000000000,
            215506750000000000,
            220067900000000000,
            104805740000000000,
            6636842000000000,
            163314200000000000,
            220876390000000000,
            203357250000000000,
            220911400000000000,
            6636842000000000,
            59220070000000000,
            104805740000000000,
            220911400000000000,
            6636842000000000,
            59220070000000000,
            163314200000000000,
            215506750000000000,
            220915610000000000,
            6636842000000000,
            26547347000000000,
            163314200000000000,
            104805740000000000,
            220067900000000000,
            6636842000000000,
            203357250000000000,
            26547347000000000,
            215506750000000000,
            220876390000000000,
            220067900000000000,
            215506750000000000,
            220915970000000000,
            59220070000000000,
            220915970000000000,
            220915970000000000,
            220876390000000000,
            215506750000000000,
            220876390000000000,
            59220070000000000,
            220911400000000000,
            220718200000000000,
            220876390000000000,
            220915610000000000,
            104805740000000000,
            163314200000000000,
            220718200000000000,
            203357250000000000,
            59220070000000000,
            220876390000000000,
            220718200000000000,
            220915970000000000,
            220915970000000000,
            163314200000000000,
            215506750000000000,
            59220070000000000,
            26547347000000000,
            220915610000000000,
            163314200000000000,
            220718200000000000,
            220067900000000000,
            215506750000000000,
            220915970000000000,
            163314200000000000,
            220911400000000000,
            220718200000000000,
            220915610000000000,
            220876390000000000,
            104805740000000000,
            220915610000000000,
            26547347000000000,
            220916100000000000,
            220916100000000000,
            104805740000000000,
            220916100000000000,
            220718200000000000,
            163314200000000000,
            203357250000000000,
            220915970000000000,
            220916100000000000,
            163314200000000000,
            220911400000000000,
            220718200000000000,
            26547347000000000,
            220876390000000000,
            220911400000000000,
            220876390000000000,
            215506750000000000,
            220915970000000000,
            220067900000000000,
            220876390000000000,
            220915970000000000,
            59220070000000000,
            220911330000000000,
            59220070000000000,
            6636842000000000,
            203357250000000000,
            220876320000000000,
