{
    "perfs_self_play": {
        "time": 1538.031460834,
        "allocated": 2840702993820,
        "gc_time": 477.324245185
    },
    "perfs_memory_analysis": {
        "time": 3.96e-7,
        "allocated": 0,
        "gc_time": 0
    },
    "perfs_learning": {
        "time": 723.547932535,
        "allocated": 1130079256325,
        "gc_time": 148.729805326
    },
    "self_play": {
        "samples_gen_speed": 2.682700837828234,
        "average_exploration_depth": 2.15484006135019,
        "mcts_memory_footprint": 209957344,
        "memory_size": 6000,
        "memory_num_distinct_boards": 5650
    },
    "memory": null,
    "learning": {
        "time_convert": 1.044677726,
        "time_loss": 9.500750686,
        "time_train": 46.560103747,
        "time_eval": 661.175121131,
        "initial_status": {
            "loss": {
                "L": 64439280000000,
                "Lp": 0.2776908,
                "Lv": 64564320000000,
                "Lreg": 0.0058710733,
                "Linv": 1.10579504e-10
            },
            "Hp": 2.7391953,
            "Hpnet": 3.0460873
        },
        "losses": [
            51641960000000,
            2344376300000,
            2917553100000,
            509369200000000,
            256262000000000,
            684263100000,
            1101295600000,
            792630200000,
            1682409800000,
            62880465000000,
            359396050000000,
            9396649000000,
            1703156100000,
            482411900000,
            867257600000,
            16324021000000,
            15078006000000,
            16805827000000,
            990072400000,
            252742120000000,
            5486091400000,
            10788594000000,
            1509024100000,
            62882040000000,
            7303848300000,
            4692946500000,
            12346989000000,
            2758024600000,
            2104227000000,
            2507620000000,
            14244522000000,
            1767565300000,
            2977397200000,
            662906100000,
            5375583000000,
            956150640000,
            4784753000000,
            65649010000000,
            320080740000,
            15620499000000,
            256163200000000,
            61564080000000,
            3481228500000,
            8848376000000,
            1363218400000,
            8837989000000,
            515030100000,
            259408810000000,
            256077330000000,
            2890469500000,
            757537600000,
            66394343000000,
            472457350000,
            772609800000,
            7964691300000,
            1380073300000,
            1650375900000,
            10536420000000,
            1575354600000,
            17952827000000,
            142141660000000,
            1782911900000,
            13230415000000,
            13845165000000,
            4162220200000,
            1874799200000,
            54631180000000,
            67127243000000,
            2408060800000,
            1451870700000,
            2585171000000,
            11252014000000,
            1232345000000,
            5380121000000,
            1132988100000,
            1651652300000,
            509170500000000,
            799621640000,
            508491950000000,
            7546987000000,
            1312904200000,
            1289818300000000,
            13117243000000,
            588341400000,
            1576339900000,
            274111700000000,
            7709870000000,
            2764334000000,
            51641793000000,
            2344309200000,
            2917531000000,
            509368200000000,
            256261200000000,
            684273760000,
            1101277400000,
            792606150000,
            1682393000000,
            62880183000000,
            359394700000000,
            9396592000000,
            1703147900000,
            482409740000,
            867264760000,
            16323972000000,
            15077990000000,
            16805909000000,
            990040750000,
            252742030000000,
            5486057400000,
            10788631000000,
            1509022400000,
            62881890000000,
            7303881300000,
            4692886700000,
            12347002000000,
            2757993700000,
            2104207100000,
            2507638600000,
            14244274000000,
            1767529800000,
            2977368400000,
            662895000000,
            5375558400000,
            956068400000,
            4784667000000,
            65648950000000,
            320058230000,
            15620423000000,
            256162900000000,
            61563755000000,
            3481166400000,
            8848294000000,
            1363181700000,
            8837917000000,
            515013640000,
            259408470000000,
            256077040000000,
            2890447200000,
            757514600000,
            66394213000000,
            472433620000,
            772592900000,
            7964634600000,
            1380054300000,
            1650325000000,
            10536417000000,
            1575308200000,
            17952720000000,
            142141200000000,
            1782850100000,
            13230088000000,
            13844976000000,
            4162133200000,
            1874723200000,
            54630747000000,
            67126790000000,
            2408080500000,
            1451954000000,
            2585250000000,
            11252196000000,
            1232368400000,
            5380296000000,
            1133019900000,
            1651750700000,
            509172700000000,
            799659850000,
            508493760000000,
            7547164000000,
            1312927000000,
            1289817000000000,
            13117452000000,
            588405900000,
            1576389300000,
            274113030000000,
            7710113000000,
            2764390300000,
            51642162000000,
            2344393400000,
            2917609500000,
            509369730000000,
            256262230000000,
            684288200000,
            1101322100000,
            792632200000,
            1682433000000,
            62880520000000,
            359396150000000,
            9396727000000,
            1703131200000,
            482371500000,
            867220600000,
            16323831000000,
            15077818000000,
            16805735000000,
            989977400000,
            252741900000000,
            5485972400000,
            10788557000000,
            1508941400000,
            62881706000000,
            7303786400000,
            4692863000000,
            12346932000000,
            2757974600000,
            2104190800000,
            2507574600000,
            14244209000000,
            1767497100000,
            2977316700000,
            662869440000,
            5375529600000,
            956045500000,
            4784645000000,
            65648844000000,
            320041300000,
            15620347000000,
            256162870000000,
            61563675000000,
            3481126600000,
            8848264000000,
            1363156000000,
            8837879000000,
            514997850000,
            259408160000000,
            256076870000000,
            2890429400000,
            757493660000,
            66393945000000,
            472424780000,
            772582800000,
            7964478400000,
            1380057900000,
            1650296200000,
            10536375000000,
            1575294700000,
            17952768000000,
            142140260000000,
            1782871100000,
            13230018000000,
            13844958000000,
            4162121600000,
            1874666600000,
            54631330000000,
            67127197000000,
            2407970400000,
            1451739700000,
            2585007200000,
            11251735000000,
            1232247500000,
            5379978700000,
