{
    "perfs_self_play": {
        "time": 1419.077410099,
        "allocated": 2648234733338,
        "gc_time": 465.357882347
    },
    "perfs_memory_analysis": {
        "time": 4.34e-7,
        "allocated": 0,
        "gc_time": 0
    },
    "perfs_learning": {
        "time": 614.512216654,
        "allocated": 1027621619490,
        "gc_time": 141.103066354
    },
    "self_play": {
        "samples_gen_speed": 2.382205004871828,
        "average_exploration_depth": 2.1510695225292413,
        "mcts_memory_footprint": 172020320,
        "memory_size": 7000,
        "memory_num_distinct_boards": 6376
    },
    "memory": null,
    "learning": {
        "time_convert": 1.031188893,
        "time_loss": 14.704465162999998,
        "time_train": 15.646755248000002,
        "time_eval": 579.019255784,
        "initial_status": {
            "loss": {
                "L": 72.99994,
                "Lp": 0.45224068,
                "Lv": 72.40838,
                "Lreg": 0.00035917613,
                "Linv": 1.2265549e-9
            },
            "Hp": 2.592573,
            "Hpnet": 3.0336697
        },
        "losses": [
            43.559708,
            11.482792,
            6.222487,
            168.75058,
            167.28429,
            12.441763,
            20.949093,
            7.4043345,
            200.36162,
            64.09198,
            5.774442,
            6.8051662,
            60.51508,
            43.288494,
            89.1414,
            21.495106,
            26.483545,
            87.32145,
            35.569675,
            5.460492,
            34.4706,
            7.3249297,
            6.019415,
            86.05831,
            5.6783137,
            36.2533,
            410.49158,
            4.2092915,
            6.3310394,
            4.511156,
            47.541466,
            2.349405,
            2.804654,
            4.700522,
            68.198616,
            33.178013,
            59.57355,
            37.5468,
            485.165,
            4.035958,
            36.482254,
            6.8378544,
            138.4053,
            41.13893,
            216.00133,
            3.9828491,
            189.67691,
            12.437718,
            10.554997,
            5.1095586,
            3.1408846,
            9.02802,
            17.88274,
            116.59519,
            131.90471,
            36.21823,
            35.453644,
            3.6304228,
            10.139636,
            20.41935,
            87.1008,
            189.79892,
            64.94415,
            6.33405,
            6.6933794,
            4.5593977,
            205.29478,
            59.928226,
            145.68353,
            6.1340423,
            133.51169,
            33.226288,
            132.84175,
            93.92189,
            8.5473795,
            882.2288,
            10.800182,
            69.86165,
            9.586667,
            6.0945535,
            7.963055,
            65.308525,
            28.744505,
            61.936314,
            6.5023727,
            14.330954,
            42.31603,
            80.06467,
            57.975376,
            600.9014,
            9.932875,
            11.575665,
            59.86387,
            202.13638,
            13.119562,
            6.6049623,
            163.28108,
            5.8563657,
            155.43782,
            42.20233,
            13.006823,
            6.1150727,
            161.78317,
            166.7486,
            13.88775,
            22.489326,
            7.27046,
            200.69403,
            65.59709,
            3.8930228,
            4.4103727,
            62.769714,
            42.91085,
            88.336365,
            21.013714,
            27.559017,
            86.83793,
            34.388702,
            4.7326055,
            35.76443,
            7.550057,
            8.597414,
            84.796196,
            6.856488,
            33.75564,
            403.54984,
            5.565938,
            6.5540304,
            6.9696655,
            38.602398,
            2.697155,
            3.297017,
            4.636582,
            65.48121,
            32.6934,
            59.392803,
            36.187073,
            484.80954,
            4.8053036,
            36.60087,
            5.187133,
            136.84001,
            38.848648,
            210.13922,
            5.5861125,
            187.69714,
            12.071633,
            10.407407,
            4.2660184,
            3.4697511,
            4.5012937,
            19.500668,
            119.4672,
            132.00449,
            34.883026,
            34.22707,
            3.0452437,
            10.018931,
            20.066284,
            87.68718,
            190.29433,
            64.24197,
            5.6631656,
            6.488522,
            4.1615863,
            202.86502,
            59.76503,
            146.0536,
            5.8909965,
            134.71867,
            33.577446,
            133.99426,
            83.50497,
            6.5793514,
            887.626,
            11.8684435,
            67.17254,
            8.293518,
            5.0620008,
            8.924637,
            66.22433,
            31.934696,
            61.8048,
            9.018148,
            14.266876,
            43.934517,
            84.89529,
            56.929184,
            596.3596,
            8.711915,
            10.588044,
            59.19243,
            202.42639,
            11.429317,
            5.613901,
            161.63107,
            5.1263766,
            155.28659,
            42.54014,
            12.997378,
            6.09307,
            160.63763,
            165.07741,
            14.351287,
            22.122534,
            7.734724,
            198.88066,
            65.87953,
            4.1847878,
            4.723482,
            62.16222,
            41.95641,
            88.4505,
            20.949162,
            28.277948,
            86.63911,
            34.25547,
            3.8357806,
            36.81366,
            6.4527225,
            7.534319,
            85.05933,
            6.7417855,
            33.537548,
            400.31686,
            5.4732656,
            6.6007853,
            7.543892,
            36.47806,
            2.6191237,
            3.241318,
            4.706951,
            64.11072,
            31.384829,
            59.5707,
            36.285686,
            480.86685,
            5.2316813,
            36.031994,
            5.1695976,
            138.71016,
            40.155365,
            205.69652,
            5.153959,
            187.68692,
            12.73125,
            10.170733,
            5.0988307,
            3.8882427,
            4.922285,
            19.329489,
            117.79444,
            131.96634,
            33.61912,
            32.525105,
            3.3319452,
            10.396914,
            20.076036,
            84.28615,
            189.85834,
            64.68909,
            5.817678,
            7.071074,
            3.8442376,
            200.83943,
            59.59245,
            149.08864,
            5.686222,
            134.36731,
            33.84457,
            134.13812,
            81.6455,
            6.010161,
            890.4629,
            11.624083,
            66.62398,
            7.8721085,
            4.512092,
            9.030098,
            65.912704,
            31.819365,
            61.902977,
            9.662518,
            14.14482,
            45.75685,
            84.93578,
            57.0115,
            586.1204,
            8.289043,
            11.42568,
            58.771206,
            193.4862,
            12.328876,
            6.2410107,
            161.67325,
            5.591993,
            157.08684
        ],
        "checkpoints": [
            {
                "batch_id": 99,