{
    "perfs_self_play": {
        "time": 1502.997841215,
        "allocated": 2975132567581,
        "gc_time": 485.554196816
    },
    "perfs_memory_analysis": {
        "time": 3.56e-7,
        "allocated": 0,
        "gc_time": 0
    },
    "perfs_learning": {
        "time": 676.966417949,
        "allocated": 1136310485193,
        "gc_time": 134.031325203
    },
    "self_play": {
        "samples_gen_speed": 2.9379788151321526,
        "average_exploration_depth": 2.2135469287420286,
        "mcts_memory_footprint": 205389376,
        "memory_size": 7000,
        "memory_num_distinct_boards": 6620
    },
    "memory": null,
    "learning": {
        "time_convert": 0.877622994,
        "time_loss": 10.601915234,
        "time_train": 12.042969381,
        "time_eval": 649.549211946,
        "initial_status": {
            "loss": {
                "L": 232093090000000,
                "Lp": 0.38789436,
                "Lv": 232611440000000,
                "Lreg": 0.049558897,
                "Linv": -5.71504e-10
            },
            "Hp": 2.6626644,
            "Hpnet": 3.0534787
        },
        "losses": [
            3179421400000,
            8703251000000,
            1326438800000,
            1827872000000,
            5451368000000000,
            492901630000,
            83791350000000,
            553185300000,
            1242530400000,
            2599093500000,
            1902537500000,
            7461086400000,
            672382450000,
            754290850000,
            816642650000,
            535999600000,
            652136740000,
            82608570000000,
            2602621000000,
            660300560000,
            2020419300000,
            485124670000,
            941962700000,
            372842500000,
            1834248300000,
            10957247000000,
            83321745000000,
            7190887300000,
            2693476000000,
            36509590000000,
            83028010000000,
            3250176700000,
            5359586600000000,
            7172314000000,
            410762380000,
            13720027000000,
            1019890300000000,
            1192046000000,
            1251898200000,
            2447382400000,
            2459588600000,
            2508430200000,
            579832000000,
            293955930000,
            5366217000000000,
            7886959300000,
            1023372560000,
            1399533200000,
            7180415000000,
            884596400000,
            872460650000,
            2659955500000,
            1950394100000,
            104802200000000,
            7659612300000,
            420587670000,
            389216630000,
            83175825000000,
            1275313400000,
            88916860000000,
            1428148800000,
            9920143000000,
            7561446000000,
            8542478700000,
            9598527000000,
            1711873700000,
            2005492700000,
            2880330500000,
            86572390000000,
            1311573800000,
            7097890600000,
            84872396000000,
            856513840000,
            194344810000,
            1938153100000,
            1336157000000,
            1316860700000,
            2246317700000,
            5445681400000000,
            750938360000,
            958334440000,
            8892501000000,
            76005790000000,
            8114054600000,
            7789201000000,
            4218663700000,
            82880690000000,
            8379488000000,
            11273291000000,
            567915450000,
            83172450000000,
            82323430000000,
            3551298300000,
            1461243900000,
            2350535400000,
            1001395600000,
            575827800000,
            1872726300000,
            298558620000,
            1225563700000,
            8524919700000,
            449366430000,
            11331549000000,
            3179114700000,
            8703444500000,
            1326428000000,
            1827562800000,
            5451375000000000,
            492963200000,
            83790660000000,
            553212000000,
            1242446400000,
            2598967200000,
            1902467100000,
            7460661000000,
            672301400000,
            754227100000,
            816615100000,
            536006720000,
            652179200000,
            82608100000000,
            2602672300000,
            660299800000,
            2020279600000,
            485165960000,
            941956100000,
            372792160000,
            1834241000000,
            10957165000000,
            83322020000000,
            7190928700000,
            2693382800000,
            36509380000000,
            83027840000000,
            3250121000000,
            5359568000000000,
            7172197400000,
            410733600000,
            13720355000000,
            1019886160000000,
            1192237700000,
            1251911500000,
            2447375300000,
            2459517300000,
            2508488000000,
            579847400000,
            293923000000,
            5366212700000000,
            7886863300000,
            1023372200000,
            1399544000000,
            7180385000000,
            884539000000,
            872426050000,
            2659655400000,
            1950299200000,
            104801570000000,
            7659210700000,
            420505450000,
            389157780000,
            83175500000000,
            1275290600000,
            88916670000000,
            1428049200000,
            9920084000000,
            7561402600000,
            8542382700000,
            9598281000000,
            1711828900000,
            2005474000000,
            2880181400000,
            86572050000000,
            1311574900000,
            7097858000000,
            84872765000000,
            856497900000,
            194328170000,
            1938068100000,
            1336106800000,
            1316841600000,
            2246180000000,
            5445685000000000,
            750930600000,
            958319000000,
            8892503000000,
            76005850000000,
            8114049400000,
            7789240400000,
            4218714800000,
            82880990000000,
            8379443400000,
            11273314000000,
            567901400000,
            83173110000000,
            82323200000000,
            3551372000000,
            1461223000000,
            2350614800000,
            1001387000000,
            575815550000,
            1872718500000,
            298556360000,
            1225546100000,
            8524906000000,
            449370130000,
            11331533000000,
            3179097400000,
            8703453400000,
            1326367400000,
            1827619000000,
            5451370000000000,
            492949860000,
            83790920000000,
            553234500000,
            1242439900000,
            2598914500000,
            1902532400000,
            7460582000000,
            672316650000,
            754222100000,
            816608050000,
            536005540000,
            652094200000,
            82607720000000,
            2602684000000,
            660284400000,
            2020247600000,
            485152000000,
            941950440000,
            372815000000,
            1834257900000,
            10957144000000,
            83322030000000,
            7190946000000,
            2693399800000,
            36509265000000,
            83027840000000,
            3250195800000,
            5359565700000000,
            7172202700000,
            410729740000,
            13720233000000,
            1019881500000000,
            1192184900000,
            1251926900000,
            2447349600000,
            2459470100000,
            2508418000000,
            579812400000,
            293919400000,
            5366212700000000,
            7886917300000,
            1023397500000,
