{
    "perfs_self_play": {
        "time": 1533.450409927,
        "allocated": 2619039559324,
        "gc_time": 588.327819946
    },
    "perfs_memory_analysis": {
        "time": 4.09e-7,
        "allocated": 0,
        "gc_time": 0
    },
    "perfs_learning": {
        "time": 711.989415949,
        "allocated": 1115920290079,
        "gc_time": 194.137284355
    },
    "self_play": {
        "samples_gen_speed": 2.6117110885955226,
        "average_exploration_depth": 2.2824992178939905,
        "mcts_memory_footprint": 417784960,
        "memory_size": 6667,
        "memory_num_distinct_boards": 6093
    },
    "memory": null,
    "learning": {
        "time_convert": 0.963607488,
        "time_loss": 15.882536630999999,
        "time_train": 16.121440069000002,
        "time_eval": 673.532595628,
        "initial_status": {
            "loss": {
                "L": 0.75607103,
                "Lp": 0.18596354,
                "Lv": 0.5685267,
                "Lreg": 0.00021904957,
                "Linv": 5.5485266e-10
            },
            "Hp": 2.733351,
            "Hpnet": 2.972332
        },
        "losses": [
            0.71036136,
            0.67798597,
            0.9668832,
            0.5572928,
            0.8027966,
            0.72377706,
            0.67017186,
            0.6264779,
            0.6793982,
            0.5488976,
            0.9166066,
            0.75093913,
            1.0509725,
            0.6573846,
            0.74692965,
            0.47648767,
            0.68700355,
            0.8232724,
            0.60854906,
            0.75587004,
            0.73957884,
            0.78916675,
            1.0349615,
            0.99917203,
            0.9200166,
            0.7920808,
            0.81856817,
            0.6638313,
            1.0856297,
            0.7678459,
            0.77514,
            0.7389684,
            0.9264594,
            0.656858,
            0.6971253,
            1.0095351,
            0.87565935,
            0.7608034,
            0.807036,
            0.9564544,
            0.74330515,
            0.7844595,
            0.7664748,
            0.5741182,
            0.6980671,
            0.60782087,
            0.44152597,
            0.8178874,
            0.9440522,
            0.5805802,
            0.577289,
            0.81266093,
            0.6558083,
            0.66273326,
            0.85162187,
            0.5667736,
            0.77303743,
            0.6573393,
            0.5458705,
            0.63853174,
            0.76968986,
            0.73194885,
            0.84497446,
            0.9611043,
            0.9360087,
            0.7302737,
            0.66439056,
            0.7688071,
            0.74738586,
            0.7713711,
            0.619865,
            0.78491426,
            0.63834673,
            0.6870403,
            0.80879664,
            0.4658154,
            0.7652097,
            0.74896586,
            0.72508675,
            0.60858756,
            0.8701192,
            0.81619054,
            0.6459927,
            0.7016142,
            0.70775086,
            0.6495651,
            0.92817724,
            0.71541613,
            0.97568,
            0.52493256,
            0.55325335,
            0.891453,
            0.93881285,
            0.6890949,
            0.73549116,
            0.7100282,
            0.6738912,
            0.953422,
            0.55431265,
            0.7908027,
            0.7214273,
            0.68856037,
            0.6249196,
            0.69406646,
            0.537941,
            0.8989389,
            0.7651687,
            1.0759246,
            0.6265226,
            0.75094867,
            0.5046077,
            0.70813876,
            0.80717844,
            0.6475626,
            0.7479235,
            0.70362544,
            0.7188982,
            0.9585054,
            0.91735274,
            0.89711326,
            0.7960458,
            0.80349785,
            0.64892983,
            1.1095101,
            0.7543744,
            0.7666466,
            0.73509324,
            0.92093146,
            0.6606487,
            0.69541466,
            0.9550927,
            0.85933125,
            0.78274226,
            0.7845748,
            0.93431234,
            0.75600547,
            0.76917845,
            0.75242114,
            0.5554618,
            0.7063375,
            0.5968276,
            0.44441664,
            0.80051595,
            0.9265954,
            0.5710222,
            0.5812271,
            0.79630524,
            0.6656635,
            0.6606562,
            0.8500811,
            0.57455546,
            0.75863934,
            0.6563798,
            0.54304355,
            0.63013005,
            0.7550605,
            0.7326721,
            0.8410179,
            0.94490254,
            0.9403549,
            0.7404395,
            0.6429936,
            0.75522745,
            0.7493156,
            0.7691728,
            0.6300976,
            0.7747869,
            0.6407061,
            0.6738878,
            0.78593224,
            0.4590018,
            0.7574369,
            0.72959113,
            0.7115464,
            0.6191979,
            0.85679084,
            0.8196628,
            0.6425925,
            0.68051445,
            0.7258646,
            0.650286,
            0.91043884,
            0.7175763,
            0.97367144,
            0.51234484,
            0.55667776,
            0.90814805,
            0.94979817,
            0.66593814,
            0.73481923,
            0.70415646,
            0.6613549,
            0.98243773,
            0.5422689,
            0.78421223,
            0.718399,
            0.6928612,
            0.6141984,
            0.6903631,
            0.5323371,
            0.8944082,
            0.7586172,
            1.0754522,
            0.63049597,
            0.7485024,
            0.49468213,
            0.70443416,
            0.82037073,
            0.6507049,
            0.734404,
            0.6948819,
            0.7185434,
            0.97481483,
            0.9275138,
            0.8990392,
            0.7958928,
            0.79797274,
            0.65343213,
            1.1052252,
            0.74414605,
            0.8052514,
            0.7510924,
            0.92310125,
            0.6728224,
            0.7173395,
            0.9328868,
            0.8445606,
            0.7749962,
            0.78832865,
            0.9281711,
            0.73282385,
            0.76477575,
            0.7592914,
            0.5660498,
            0.69788176,
            0.58485246,
            0.4394545,
            0.81133157,
            0.92707086,
            0.58246434,
            0.5771985,
            0.79222566,
            0.6564889,
            0.66173625,
            0.86023325,
            0.5827215,
            0.77159226,
            0.6502631,
            0.55189455,
            0.62969434,
            0.7559331,
            0.74224216,
            0.82595855,
            0.9412604,
            0.9166645,
            0.73554367,
            0.6429068,
            0.7774765,
            0.73675835,
            0.7671025,
            0.6251864,
            0.7742213,
            0.64159244,
            0.6736022,
            0.78125334,
            0.45422953,
            0.7493005,
            0.73875064,
            0.7060312,
            0.612383,
            0.84436375,
            0.8089942,
            0.6436986,
            0.6915559,
            0.73606503,
            0.6554422,
            0.89949954,
            0.72205704,
            0.96658957,
            0.5014315,
            0.55080146,
            0.91871667,
            0.95355785,
            0.66373754,
            0.72885424
        ],
        "checkpoints": [
            {
                "batch_id": 95,
                "evaluation": {
                    "legend": "Most recent NN versus best NN so far",