{
    "perfs_self_play": {
        "time": 1131.773410058,
        "allocated": 1994659526289,
        "gc_time": 352.048198503
    },
    "perfs_memory_analysis": {
        "time": 5.09e-7,
        "allocated": 0,
        "gc_time": 0
    },
    "perfs_learning": {
        "time": 440.993308451,
        "allocated": 740122780788,
        "gc_time": 107.822578223
    },
    "self_play": {
        "samples_gen_speed": 2.0871545223515824,
        "average_exploration_depth": 2.1830814886653536,
        "mcts_memory_footprint": 143587456,
        "memory_size": 4469,
        "memory_num_distinct_boards": 3945
    },
    "memory": null,
    "learning": {
        "time_convert": 0.938604865,
        "time_loss": 9.585766819,
        "time_train": 43.505483760000004,
        "time_eval": 382.77705610500004,
        "initial_status": {
            "loss": {
                "L": 217.68015,
                "Lp": 0.58725166,
                "Lv": 214.70854,
                "Lreg": 0.00037418306,
                "Linv": -1.0092525e-9
            },
            "Hp": 2.6060867,
            "Hpnet": 3.1870801
        },
        "losses": [
            67.51908,
            8.792745,
            12.856541,
            22.252825,
            9.723612,
            7.66172,
            116.52545,
            24.077948,
            9.178018,
            7.187617,
            93.6597,
            7.4294143,
            9.462053,
            8.925326,
            2483.157,
            10.398015,
            8263.056,
            17.813984,
            11.649684,
            235.65295,
            17.484818,
            17.715347,
            21.040983,
            16.42004,
            19.020952,
            10.691942,
            14.167735,
            11.055972,
            15.418999,
            10.749921,
            13.331571,
            498.04034,
            29.325235,
            8.547423,
            13.931979,
            8.145411,
            10.676592,
            14.980906,
            7.478588,
            16.192835,
            59.467247,
            11.630257,
            10.827422,
            62.4871,
            5.6551733,
            30.225986,
            140.8451,
            4.143974,
            6.963533,
            10.821055,
            4.852491,
            9.431126,
            106.462944,
            15.592327,
            18.487879,
            4.2430277,
            4.7507215,
            3.5792303,
            9.526866,
            43.672207,
            90.577095,
            59.49032,
            8.532352,
            15.380371,
            18.7778,
            7.474801,
            5.9132886,
            112.31866,
            22.56274,
            8.47453,
            7.17242,
            93.41916,
            7.306649,
            8.497187,
            7.735338,
            2479.2002,
            8.376604,
            8245.222,
            16.327662,
            10.81047,
            231.6722,
            18.181791,
            20.060211,
            24.026955,
            22.421663,
            21.86608,
            16.60734,
            17.744078,
            12.523099,
            19.821703,
            11.793853,
            12.074057,
            463.0779,
            26.305965,
            8.437063,
            13.734001,
            7.6019273,
            10.223709,
            13.845491,
            6.0466886,
            15.238333,
            57.439438,
            9.105258,
            8.751282,
            64.43537,
            4.917497,
            27.788134,
            136.31688,
            3.7318034,
            6.189093,
            10.0601635,
            4.7740936,
            9.747633,
            104.492645,
            15.017162,
            17.266418,
            4.7017913,
            5.1330037,
            4.167807,
            10.106375,
            41.81399,
            88.87646,
            59.3261,
            7.5940957,
            14.694667,
            16.498865,
            6.6555743,
            5.8938885,
            102.3966,
            19.869053,
            7.948536,
            6.8878517,
            93.64369,
            6.821602,
            7.8483047,
            6.6775475,
            2484.1592,
            7.4434395,
            8270.463,
            14.516787,
            9.44726,
            225.43507,
            12.090204,
            13.506003,
            17.831795,
            13.902103,
            17.214527,
            11.487634,
            12.413391,
            9.956127,
            16.550499,
            10.007949,
            11.950033,
            470.14633,
            28.238358,
            8.150119,
            13.189699,
            8.03679,
            9.194648,
            13.624273,
            6.2455087,
            15.292212,
            57.693306,
            8.377978,
            9.166107,
            63.753,
            4.7071314,
            29.270494,
            132.54013,
            4.142107,
            7.127098,
            10.88368,
            5.2552342,
            10.476894,
            100.7288,
            15.148594,
            17.792345,
            6.2544107,
            6.623154,
            5.100739,
            10.7080965,
            42.898735,
            87.91443
        ],
        "checkpoints": [
            {
                "batch_id": 61,
                "evaluation": {
                    "legend": "Most recent NN versus best NN so far",
                    "avgr": 0.1875,
                    "redundancy": 0,
                    "rewards": [
                        -5.824717043840792,
                        -5.291277128650108,
                        -4.9165292559191585,
                        -8.986636012617964,
                        -5.791665245080367,
                        -4.839023818960413,
                        -4.39053435716778,
                        -5.835341499187052,
                        -5.37956739787478,
                        -6.8715177765116096,
                        -5.731292363256216,
                        -4.711126776761375,
                        -4.442803317098878,
                        -5.349501348217018,
                        -3.53734581390745,
                        -4.182384867453948,
                        -5.560418313369155,
                        -3.630321848042513,
                        -5.649362544645555,
                        -5.564923015423119,
                        -4.38867840077728,
                        -5.717168180504814,
                        -6.61359679029556,
                        -3.282366616651416,
                        -4.77462537959218,
                        -4.4210194504703395,
                        -3.2253200387058314,
                        -5.732725243200548,
                        -4.137199371238239,
                        -4.865341053111479,
                        -8.534354403847829,
                        -4.760701693128794
                    ],