{
    "perfs_self_play": {
        "time": 1597.756220927,
        "allocated": 2747744980601,
        "gc_time": 463.652778753
    },
    "perfs_memory_analysis": {
        "time": 3.24e-7,
        "allocated": 0,
        "gc_time": 0
    },
    "perfs_learning": {
        "time": 641.120789541,
        "allocated": 1043102997012,
        "gc_time": 129.890863264
    },
    "self_play": {
        "samples_gen_speed": 2.450792515708137,
        "average_exploration_depth": 2.1772219719710493,
        "mcts_memory_footprint": 209101472,
        "memory_size": 7000,
        "memory_num_distinct_boards": 6509
    },
    "memory": null,
    "learning": {
        "time_convert": 1.18255274,
        "time_loss": 10.662233978,
        "time_train": 44.835854645,
        "time_eval": 579.262491161,
        "initial_status": {
            "loss": {
                "L": 105.62215,
                "Lp": 0.3225692,
                "Lv": 103.84085,
                "Lreg": 0.00030709847,
                "Linv": 5.191965e-12
            },
            "Hp": 2.6414213,
            "Hpnet": 2.9986005
        },
        "losses": [
            9.294051,
            4.6171513,
            1.8457674,
            11.476042,
            2.4728665,
            7.7975564,
            19.62435,
            2.2234337,
            2.2171736,
            2.0013874,
            2.1487145,
            47.524677,
            36.610966,
            6.189622,
            4.9360332,
            6.906801,
            7.1087775,
            428.79852,
            4.2747264,
            15.809758,
            9.782667,
            20.091625,
            18.879847,
            14.692635,
            5.1747713,
            5.3339953,
            23.39713,
            17.651978,
            5.731037,
            11.154107,
            21.2524,
            2.1622193,
            2.1613927,
            5.5528145,
            1.8692889,
            63.363556,
            22.555946,
            2.731089,
            1.2979457,
            4.1224604,
            1.9587531,
            3.8360982,
            16.658804,
            2072.717,
            6.9854302,
            2.0020747,
            4231.685,
            2.9626641,
            36.834778,
            8.243529,
            30.820063,
            7.422067,
            9.73838,
            24.070612,
            15.976387,
            20.319708,
            29.883583,
            10.850863,
            39.911552,
            9.3082285,
            38.252903,
            6.896061,
            167.14075,
            12.707708,
            4.35594,
            27.023434,
            6.9763927,
            12.798615,
            3.4034255,
            10.181803,
            20.345129,
            171.8221,
            4.6505136,
            45.91731,
            18.058762,
            6.0368524,
            12.585168,
            11.690098,
            9.277222,
            3.4924486,
            2.8134735,
            6.242858,
            2.750492,
            26.75588,
            12.553045,
            13.346393,
            15.186602,
            11.127516,
            215.11415,
            3.222456,
            10.110626,
            7.560645,
            1.9607315,
            2.4988174,
            2.9483123,
            9.428425,
            2213.258,
            1.8181974,
            11.064483,
            2.0521808,
            4.8349895,
            9.639596,
            4.935162,
            1.8166074,
            10.992514,
            2.9580865,
            7.6479588,
            19.611893,
            2.332733,
            2.4331682,
            2.1397498,
            2.2561016,
            48.15123,
            35.92589,
            6.0528297,
            4.8294744,
            6.845436,
            6.8764043,
            443.98605,
            3.3731773,
            15.54214,
            7.5605016,
            18.737886,
            17.168322,
            12.977051,
            3.6021335,
            4.257153,
            22.958132,
            17.900604,
            5.1668634,
            10.899054,
            20.888235,
            2.064748,
            2.0642295,
            5.271005,
            1.9491932,
            61.11589,
            21.985882,
            2.7740312,
            1.4727285,
            4.0706143,
            2.7281103,
            3.945057,
            15.654523,
            2082.462,
            6.703083,
            2.1620033,
            4240.627,
            2.6070423,
            37.386974,
            8.066942,
            31.42907,
            6.6855774,
            8.843377,
            22.63476,
            15.442935,
            19.325542,
            26.4025,
            8.176211,
            38.56963,
            7.240651,
            37.028206,
            5.8633304,
            168.8617,
            12.946846,
            3.9859455,
            27.658937,
            6.6136494,
            12.1095495,
            2.9851549,
            10.197318,
            20.60544,
            174.10419,
            3.5657122,
            45.815224,
            17.887615,
            5.967306,
            12.152379,
            11.017148,
            9.142638,
            3.1410298,
            2.5044403,
            5.7815294,
            2.0996482,
            27.198267,
            13.243068,
            13.557445,
            15.67644,
            11.170301,
            217.42828,
            3.2758827,
            10.394446,
            7.6598997,
            1.976866,
            2.3565352,
            2.7639346,
            9.3875885,
            2202.6846,
            1.8738916,
            11.329986,
            1.8727831,
            4.956383,
            9.78763,
            4.981422,
            1.9365541,
            10.809337,
            2.9431806,
            7.717378,
            19.621523,
            2.1635277,
            2.3963983,
            2.096311,
            2.3788097,
            47.8346,
            36.47569,
            6.0606127,
            4.881627,
            6.792657,
            6.7369576,
            442.65192,
            3.287987,
            15.491108,
            7.7594776,
            18.682726,
            17.218914,
            13.053988,
            3.58699,
            4.2637453,
            22.940136,
            17.87101,
            5.2566423,
            10.777844,
            20.963573,
            2.1185017,
            2.1279695,
            5.2485886,
            2.038417,
            61.419792,
            21.99676,
            2.9259822,
            1.5614983,
            4.0564775,
            2.7103848,
            3.8485813,
            15.697943,
            2072.2292,
            6.880768,
            2.1319025,
            4236.8076,
            2.587593,
            36.898193,
            8.098381,
            31.104284,
            6.5957007,
            8.859898,
            22.672966,
            15.464678,
            19.425684,
            26.797337,
            8.517892,
            38.49583,
            7.423922,
            36.96901,
            6.2981405,
            168.83566,
            13.191846,
            4.262156,
            27.412588,
            6.680376,
            11.909698,
            3.0131817,
            10.342344,
            20.472778,
            176.46378,
            3.2192557,
            45.73879,
            17.532478,
            5.778284,
            11.608664,
            10.102451,
            8.848524,
            2.7950892,
            2.3272269,
            5.7403955,
            1.665269,
            27.65731,
            13.719203,
            13.174491,
            14.687489,
            11.28787,
            218.89694,
            3.3598754,
            10.53669,
            8.335279,
            1.9951333,
            1.9997846,
            2.6796937,
            9.145073,
            2191.6929,
            2.401999,
            10.619187,
            2.12119,
