{
    "perfs_self_play": {
        "time": 1468.005116479,
        "allocated": 2879822396737,
        "gc_time": 465.315274015
    },
    "perfs_memory_analysis": {
        "time": 4.04e-7,
        "allocated": 0,
        "gc_time": 0
    },
    "perfs_learning": {
        "time": 662.664696738,
        "allocated": 1131463421771,
        "gc_time": 132.6268018
    },
    "self_play": {
        "samples_gen_speed": 2.971905564369349,
        "average_exploration_depth": 2.1682571061010676,
        "mcts_memory_footprint": 209997152,
        "memory_size": 7000,
        "memory_num_distinct_boards": 6628
    },
    "memory": null,
    "learning": {
        "time_convert": 0.845626359,
        "time_loss": 11.122457041,
        "time_train": 13.889972394,
        "time_eval": 631.35139055,
        "initial_status": {
            "loss": {
                "L": 18210955000000,
                "Lp": 0.38597554,
                "Lv": 17967069000000,
                "Lreg": 0.054601826,
                "Linv": -1.0663408e-9
            },
            "Hp": 2.665923,
            "Hpnet": 3.0566852
        },
        "losses": [
            11296575000000,
            10146213000000,
            329855170000,
            463158770000,
            5237022000000,
            826855700000,
            22643170000000,
            1489245000000,
            1355894600000,
            1691659700000,
            10052834000000,
            943165300000,
            375893230000,
            22153780000000,
            29193455000000,
            302880900000,
            2221943000000,
            288008930000,
            2589965000000,
            34397565000000,
            11763530000000,
            1643103000000,
            495789930000,
            2826598600000,
            625828900000,
            507614270000,
            20925043000000,
            636148600000,
            469977630000,
            5151428000000,
            15373533000000,
            2039278700000,
            881434000000,
            75958220000000,
            773325700000,
            481467100000,
            455579470000,
            1532821000000,
            1736556400000,
            433198370000,
            229006660000,
            11872074000000,
            1362906200000,
            283183500000,
            846344160000,
            249572670000,
            2247821000000,
            44831234000000,
            22243660000000,
            1100216500000000,
            953250150000,
            7928111700000,
            1908022300000,
            9120987000000,
            1119079600000,
            20639583000000,
            202338940000,
            4487168000000,
            256839320000,
            19388334000000,
            267446580000,
            693442400000,
            1450762800000,
            2337528300000,
            1054539800000,
            413029800000,
            5549255000000,
            32059588000000,
            46771326000000,
            8130556000000,
            11509361000000,
            2714470200000,
            10042207000000,
            32117400000000,
            10100712000000,
            29682630000000,
            713702500000,
            1734182400000,
            319642340000,
            369868870000,
            828510240000,
            15764770000000,
            9991821000000,
            194762540000,
            4562204000000,
            786827900000,
            130246980000,
            542238470000,
            163751940000,
            330529470000,
            673588300000,
            636495700000,
            10951827000000,
            18010935000000,
            1160553000000,
            4913090000000,
            8663703000000,
            655041760000,
            27655177000000,
            241127560000,
            250476680000,
            1345495600000,
            543055050000,
            11296676000000,
            10145982000000,
            329857400000,
            463107600000,
            5236865400000,
            826732700000,
            22642998000000,
            1489237700000,
            1355839800000,
            1691573200000,
            10052695000000,
            943053700000,
            375897800000,
            22153496000000,
            29193425000000,
            302851030000,
            2221911800000,
            288002200000,
            2589863000000,
            34397830000000,
            11763406000000,
            1643055800000,
            495779120000,
            2826319700000,
            625826700000,
            507579600000,
            20924905000000,
            636100600000,
            469960700000,
            5151309400000,
            15373572000000,
            2039214600000,
            881402200000,
            75958275000000,
            773279450000,
            481437400000,
            455576520000,
            1532822800000,
            1736519700000,
            433191260000,
            228994420000,
            11871863000000,
            1362862900000,
            283165400000,
            846310340000,
            249553700000,
            2247766000000,
            44831053000000,
            22243912000000,
            1100210370000000,
            953230200000,
            7927999500000,
            1907844300000,
            9120856000000,
            1119032800000,
            20639461000000,
            202330720000,
            4487122500000,
            256815350000,
            19388057000000,
            267424600000,
            693424800000,
            1450684400000,
            2337517300000,
            1054451240000,
            412995260000,
            5549178000000,
            32059395000000,
            46770713000000,
            8130245700000,
            11509364000000,
            2714385800000,
            10042210000000,
            32116918000000,
            10100769000000,
            29682567000000,
            713689200000,
            1734220700000,
            319595600000,
            369881100000,
            828491040000,
            15764620000000,
            9991730000000,
            194728080000,
            4562094700000,
            786770600000,
            130216020000,
            542184100000,
            163721350000,
            330482700000,
            673496370000,
            636438000000,
            10951850000000,
            18010792000000,
            1160567500000,
            4912871000000,
            8663566000000,
            654929800000,
            27655638000000,
            241068080000,
            250437500000,
            1345468200000,
            543022970000,
            11296660000000,
            10146075000000,
            329795570000,
            463083040000,
            5236459600000,
            826633700000,
            22642336000000,
            1489189500000,
            1355858000000,
            1691525400000,
            10052716000000,
            942966800000,
            375905450000,
            22153074000000,
            29193677000000,
            302843760000,
            2221887700000,
            288011400000,
            2589947300000,
            34398013000000,
            11763400000000,
            1643087100000,
            495771500000,
            2826052800000,
            625835000000,
            507515270000,
            20925035000000,
            636086450000,
            469903800000,
            5151293700000,
            15373679000000,
            2039243600000,
            881361350000,
            75956975000000,
            773285600000,
            481438900000,
            455564170000,
            1532798300000,
            1736450900000,
            433196900000,
            228976460000,
            11871824000000,
            1362841000000,
            283153860000,
            846290400000,
            249528420000,
            2247595000000,
            44830980000000,
            22244294000000,
