{
    "perfs_self_play": {
        "time": 1278.767614505,
        "allocated": 2860021580397,
        "gc_time": 325.192884718
    },
    "perfs_memory_analysis": {
        "time": 2.85e-7,
        "allocated": 0,
        "gc_time": 0
    },
    "perfs_learning": {
        "time": 327.290770564,
        "allocated": 659805887746,
        "gc_time": 68.706863291
    },
    "self_play": {
        "samples_gen_speed": 1.8021836309136012,
        "average_exploration_depth": 5.029803541299686,
        "mcts_memory_footprint": 104854272,
        "memory_size": 7000,
        "memory_num_distinct_boards": 5937
    },
    "memory": null,
    "learning": {
        "time_convert": 0.930034454,
        "time_loss": 9.035663332,
        "time_train": 42.156175934000004,
        "time_eval": 270.62014998300003,
        "initial_status": {
            "loss": {
                "L": 675.6936,
                "Lp": 1.0895488,
                "Lv": 667.68317,
                "Lreg": 0.00059826876,
                "Linv": 1.29606e-9
            },
            "Hp": 1.9445035,
            "Hpnet": 2.9572704
        },
        "losses": [
            22.44218,
            14.298242,
            49.05117,
            13.146865,
            2082.3545,
            12.745015,
            12.610479,
            14.953311,
            12.088147,
            6662.2666,
            9.244523,
            158.57756,
            9.954605,
            31.655428,
            10.858999,
            18.800518,
            26.396482,
            5.311256,
            45.673454,
            8.500737,
            29.70741,
            8.961195,
            7.487871,
            6.2401056,
            7.7906013,
            4.694619,
            154.82082,
            12020.401,
            9.571281,
            24.731604,
            6.929074,
            12.312085,
            4.626641,
            8.16851,
            5.177239,
            158.62389,
            12.519298,
            10.234024,
            6.8591733,
            9.196365,
            150.82037,
            10.77519,
            154.0254,
            6.1401553,
            13.608705,
            151.37155,
            11934.404,
            9.200865,
            16.649782,
            7.738218,
            7.6098733,
            9.072146,
            11.943953,
            14.029076,
            15.050584,
            10.35084,
            50.98962,
            1307.422,
            9.043463,
            9.794359,
            7.356414,
            17.24017,
            29.882507,
            12.658678,
            135.27115,
            13.632001,
            269.92545,
            13.469236,
            22.82464,
            10.783942,
            12.559651,
            15.8139,
            7.804247,
            14.527652,
            11876.187,
            9.459034,
            15.172662,
            42.6075,
            22.909685,
            46.091633,
            6669.502,
            148.40149,
            20.336433,
            8.350696,
            10.569425,
            13.6795435,
            6618.778,
            39.051434,
            8.814467,
            156.56718,
            19.089775,
            9.340139,
            17.815626,
            12.02143,
            51.652847,
            9.24371,
            2057.2673,
            10.329424,
            12.826548,
            16.242514,
            12.327419,
            6624.7593,
            9.465294,
            159.53195,
            11.176104,
            33.01031,
            13.100021,
            18.433847,
            28.109528,
            6.6559405,
            43.654285,
            10.537078,
            31.41572,
            11.345516,
            10.992118,
            8.39361,
            10.918704,
            6.619743,
            158.27498,
            11914.61,
            12.667021,
            21.16991,
            9.878662,
            16.720903,
            6.4069314,
            11.387684,
            6.786385,
            162.2812,
            15.109299,
            13.564314,
            9.033127,
            11.319049,
            151.44771,
            12.8210945,
            156.42937,
            6.76741,
            16.234835,
            153.36151,
            11882.233,
            9.965406,
            19.043467,
            8.03409,
            8.050847,
            10.23535,
            12.485948,
            15.03543,
            15.042142,
            11.647267,
            50.7559,
            1287.0347,
            8.827379,
            10.895735,
            7.269575,
            17.914207,
            33.59891,
            14.612182,
            136.16946,
            14.438475,
            271.09653,
            15.321215,
            21.370142,
            10.002765,
            12.642035,
            16.856926,
            7.23243,
            14.860029,
            11843.325,
            9.736655,
            17.785095,
            44.251423,
            25.753067,
            44.516563,
            6638.057,
            148.19699,
            22.70515,
            9.464672,
            10.394027,
            13.8946085,
            6573.2993,
            40.049065,
            9.051786,
            157.60939,
            20.46652,
            10.022359,
            18.133856,
            12.8273735,
            51.301125,
            9.154564,
            2032.3542,
            10.300474,
            14.019888,
            16.958714,
            13.426592,
            6580.7134,
            9.780015,
            160.05977,
            11.614375,
            34.12646,
            14.054601,
            18.224342,
            30.742893,
            6.621896,
            42.4921,
            11.911707,
            33.056774,
            12.283393,
            13.059494,
            9.789734,
            12.953984,
            7.07414,
            162.06009,
            11866.899,
            13.077336,
            20.022703,
            10.951789,
            15.878463,
            6.879346,
            12.56572,
            7.6265655,
            163.61308,
            16.589333,
            16.15274,
            10.0207815,
            12.265217,
            151.59814,
            12.402798,
            157.87103,
            7.22089,
            16.210312,
            153.28424,
            11831.938,
            10.708296,
            21.106508,
            7.5769215,
            8.2593,
            11.373812,
            13.470331,
            16.08668,
            14.524732,
            12.712222,
            53.304386,
            1258.9719,
            9.632262,
            12.732666,
            7.719177,
            18.359528,
            38.71548,
            17.014387,
            138.68318,
            15.257085,
            274.4975,
            18.765705,
            21.125801,
            9.649657,
            13.268757,
            19.572186,
            6.8095574,
            16.263319,
            11790.8,
            10.489802,
            21.631798,
            46.685356,
            30.468634,
            42.888756,
            6586.4272,
            147.35715,
            25.791786,
            11.411671,
            10.667631,
            14.593403,
            6511.2686,
            41.129887,
            10.34058,
            158.45654,
            22.45271,
            11.078536
        ],
        "checkpoints": [
            {
                "batch_id": 92,
                "evaluation": {
                    "legend": "Most recent NN versus best NN so far",
                    "avgr": -7.200209834050778,
                    "redundancy": 0,