{
    "perfs_self_play": {
        "time": 1605.634584346,
        "allocated": 3007641535689,
        "gc_time": 528.710683943
    },
    "perfs_memory_analysis": {
        "time": 3.71e-7,
        "allocated": 0,
        "gc_time": 0
    },
    "perfs_learning": {
        "time": 699.755903809,
        "allocated": 1141290484941,
        "gc_time": 152.817611219
    },
    "self_play": {
        "samples_gen_speed": 2.7921554140316096,
        "average_exploration_depth": 2.220647891457389,
        "mcts_memory_footprint": 211380480,
        "memory_size": 7000,
        "memory_num_distinct_boards": 6618
    },
    "memory": null,
    "learning": {
        "time_convert": 0.891065787,
        "time_loss": 11.226718822,
        "time_train": 12.580963426,
        "time_eval": 671.113651446,
        "initial_status": {
            "loss": {
                "L": 34423972000000,
                "Lp": 0.26617512,
                "Lv": 34445036000000,
                "Lreg": 0.0736712,
                "Linv": -2.3988447e-10
            },
            "Hp": 2.6767652,
            "Hpnet": 2.942179
        },
        "losses": [
            5570522000000,
            310636020000,
            19043050000000,
            85151620000000,
            1157916900000,
            5675984400000,
            1217201300000,
            1002161900000,
            8875067000000,
            2099193700000,
            9789563000000,
            15066870000000,
            6627740600000,
            4561558300000,
            1930480200000,
            129312406000000,
            753876100000,
            7742718000000,
            4738808500000,
            5310329700000,
            170201300000000,
            1069032100000,
            1796668700000,
            509378230000,
            320042540000000,
            2129345800000,
            17895541000000,
            1828088800000,
            10348168000000,
            57388810000000,
            5201119000000,
            1513012300000,
            12767734000000,
            227705140000,
            936775000000,
            710940030000,
            10546762000000,
            86810050000000,
            16498610000000,
            46273490000000,
            360865530000,
            1538019800000,
            84890154000000,
            10371979000000,
            10552342000000,
            10542165000000,
            596823500000,
            2817997100000,
            1344454900000,
            8203720000000,
            891812450000,
            1392462000000,
            15121278000000,
            500537300000,
            1017850300000,
            1196017800000,
            1143609000000,
            1179065100000,
            1350467500000,
            6349036500000,
            40102160000000,
            26896550000000,
            428828300000000,
            185350670000000,
            436369700000000,
            1554196100000,
            84849386000000,
            1810494900000,
            1248075600000,
            11809070000000,
            8806956000000,
            836853600000,
            667835900000,
            344573670000,
            8430179300000,
            1274855800000,
            8433072000000,
            428229350000000,
            8481625600000,
            681364800000,
            39879216000000,
            621185900000,
            39832617000000,
            1856520600000,
            1727907000000,
            689387600000,
            40076403000000,
            343082630000,
            18010044000000,
            17488605000000,
            1003997000000,
            1428490300000,
            3133593600000,
            81013225000000,
            756442200000,
            1397301200000,
            427182520000,
            239990980000000,
            30704960000000,
            47019935000000,
            9078200000000,
            56294514000000,
            1364318200000,
            5571060000000,
            310759880000,
            19044418000000,
            85152290000000,
            1158086400000,
            5676090000000,
            1217168000000,
            1002092760000,
            8874971000000,
            2099105800000,
            9789773000000,
            15066251000000,
            6627456000000,
            4561172000000,
            1930482000000,
            129312080000000,
            753882230000,
            7742704000000,
            4738457000000,
            5310442000000,
            170200910000000,
            1068994660000,
            1796617300000,
            509343700000,
            320041400000000,
            2129325600000,
            17895413000000,
            1828056600000,
            10348109000000,
            57388602000000,
            5201096300000,
            1512956600000,
            12767645000000,
            227674420000,
            936692940000,
            710877800000,
            10546720000000,
            86809870000000,
            16498566000000,
            46273360000000,
            360825100000,
            1537984600000,
            84890030000000,
            10371920000000,
            10552248000000,
            10542088000000,
            596790600000,
            2817953400000,
            1344456200000,
            8203623500000,
            891792900000,
            1392424900000,
            15121155000000,
            500514130000,
            1017831750000,
            1195998200000,
            1143584800000,
            1179023600000,
            1350424300000,
            6349043000000,
            40102084000000,
            26896459000000,
            428825840000000,
            185350370000000,
            436368300000000,
            1554188200000,
            84847530000000,
            1810476400000,
            1248060600000,
            11809019000000,
            8806912000000,
            836802840000,
            667808960000,
            344550470000,
            8430201300000,
            1274838000000,
            8433039000000,
            428227470000000,
            8481649000000,
            681378840000,
            39879023000000,
            621149000000,
            39831732000000,
            1856435300000,
            1727891800000,
            689398200000,
            40076040000000,
            343080930000,
            18009930000000,
            17488292000000,
            1003958300000,
            1428510100000,
            3133602500000,
            81012530000000,
            756449740000,
            1397333700000,
            427146180000,
            239990370000000,
            30704602000000,
            47019650000000,
            9078123000000,
            56293436000000,
            1364281700000,
            5571012500000,
            310754180000,
            19044290000000,
            85152620000000,
            1158176200000,
            5676022600000,
            1217200500000,
            1002067700000,
            8874917000000,
            2099032500000,
            9789812000000,
            15066245000000,
            6627183300000,
            4561059000000,
            1930444100000,
            129311700000000,
            753884900000,
            7742706700000,
            4738346600000,
            5310427700000,
            170200960000000,
            1068990800000,
            1796602100000,
            509325640000,
            320040200000000,
            2129292800000,
            17895376000000,
            1828004700000,
            10348098000000,
            57388610000000,
            5201055000000,
            1512940600000,
            12767574000000,
            227659190000,
            936674000000,
            710812900000,
            10546728000000,
            86809750000000,
            16498515000000,
            46273150000000,
            360801730000,
            1537923900000,
            84889960000000,
            10371949000000,
            10552187000000,
