{
    "perfs_self_play": {
        "time": 1238.743395896,
        "allocated": 2446476249816,
        "gc_time": 422.162458051
    },
    "perfs_memory_analysis": {
        "time": 3.05e-7,
        "allocated": 0,
        "gc_time": 0
    },
    "perfs_learning": {
        "time": 590.163674042,
        "allocated": 1021666779361,
        "gc_time": 135.897613474
    },
    "self_play": {
        "samples_gen_speed": 2.552954485063405,
        "average_exploration_depth": 2.145679670589777,
        "mcts_memory_footprint": 190132960,
        "memory_size": 7000,
        "memory_num_distinct_boards": 6362
    },
    "memory": null,
    "learning": {
        "time_convert": 0.988147658,
        "time_loss": 11.707507801,
        "time_train": 12.679829313,
        "time_eval": 560.788799508,
        "initial_status": {
            "loss": {
                "L": 88.82683,
                "Lp": 0.44778672,
                "Lv": 87.50144,
                "Lreg": 0.00039902958,
                "Linv": -4.400624e-10
            },
            "Hp": 2.5358315,
            "Hpnet": 2.970532
        },
        "losses": [
            37.68918,
            57.274773,
            31.699371,
            65.78933,
            62.106464,
            9.224527,
            31.227436,
            109.01733,
            16.207397,
            12.398865,
            141.55339,
            3.900288,
            4.370383,
            3.6136537,
            278.64304,
            198.127,
            37.536472,
            10.76674,
            241.25565,
            23.49678,
            67.567505,
            922.5199,
            11.112963,
            10.715936,
            6.937179,
            5.9810667,
            22.505943,
            9.5416565,
            21.504559,
            30.531534,
            8.360967,
            9.399784,
            7.4107137,
            19.749676,
            139.26503,
            193.24376,
            25.029303,
            3.4085612,
            5.47976,
            45.64301,
            57.248634,
            19.723896,
            4.839345,
            6.2433524,
            671.35547,
            9.233848,
            9.718043,
            10.287551,
            326.916,
            38.272488,
            65.15474,
            11.270619,
            4.0775614,
            13.472551,
            77.3249,
            4.041325,
            42.56703,
            7.5007954,
            62.980206,
            920.51953,
            108.90536,
            10.808596,
            6.847866,
            9.031728,
            26.622507,
            3.9113727,
            759.9779,
            20.33299,
            14.834532,
            128.71101,
            382.5566,
            122.01974,
            47.53759,
            63.5417,
            10.371933,
            12.462479,
            16.529291,
            273.2425,
            86.83472,
            15.489492,
            7.094722,
            31.28507,
            6.6305814,
            56.38852,
            6.4083962,
            5.085553,
            8.466317,
            5.752893,
            23.478455,
            57.153748,
            5.4868217,
            136.44174,
            4.8915057,
            2.55786,
            12.950039,
            5.8838367,
            10.12911,
            8.659492,
            35.926453,
            10.93578,
            51.64269,
            42.132996,
            65.03043,
            49.339733,
            3.8202062,
            28.595581,
            105.506065,
            25.901447,
            13.57328,
            135.58032,
            5.0572248,
            6.062775,
            6.473301,
            279.7293,
            188.13535,
            33.59056,
            11.742947,
            217.65845,
            22.242836,
            72.34546,
            890.9946,
            16.771265,
            16.378937,
            11.82787,
            8.64476,
            30.338625,
            13.741919,
            27.8192,
            24.410461,
            7.7684617,
            9.436226,
            7.184812,
            16.906647,
            129.84488,
            186.16245,
            22.48035,
            3.8799553,
            6.349791,
            44.82832,
            56.990723,
            19.045546,
            3.119604,
            4.3155775,
            666.20215,
            8.049149,
            9.385289,
            10.214014,
            326.87527,
            35.033573,
            65.33423,
            10.464845,
            3.5083454,
            13.61094,
            71.41435,
            3.613654,
            42.069626,
            7.7096314,
            61.7754,
            902.7045,
            107.30548,
            14.557018,
            9.083893,
            12.259692,
            26.926674,
            8.525701,
            753.6793,
            22.090862,
            14.207747,
            128.34174,
            373.83716,
            116.10028,
            48.818375,
            60.105,
            7.9056263,
            8.9723,
            12.923596,
            256.7054,
            84.352974,
            10.220954,
            6.334933,
            28.725956,
            5.4521375,
            56.61264,
            6.392908,
            5.7957106,
            8.447898,
            7.162889,
            22.529863,
            56.638103,
            7.241188,
            134.10347,
            4.7859316,
            3.7554326,
            12.940746,
            6.5988164,
            7.556612,
            9.325269,
            34.681522,
            12.533818,
            47.673046,
            40.424454,
            64.65885,
            42.028984,
            4.7186685,
            26.817244,
            100.970856,
            29.368382,
            16.167755,
            133.3034,
            6.5023093,
            7.2292247,
            6.1979985,
            278.8214,
            185.34798,
            32.43352,
            11.234394,
            218.92604,
            22.061337,
            66.47066,
            888.3141,
            17.02528,
            15.982227,
            11.763886,
            8.623167,
            31.684757,
            14.249061,
            28.094112,
            25.119823,
            7.9644947,
            7.9831614,
            6.085388,
            16.521996,
            130.71284,
            187.46964,
            21.964218,
            3.527977,
            6.560228,
            44.195263,
            57.009983,
            18.543173,
            3.08207,
            4.22767,
            665.7724,
            7.6582227,
            9.8162155,
            9.681342,
            325.43646,
            33.79135,
            65.27664,
            10.808529,
            3.539589,
            13.637094,
            64.12202,
            3.8302135,
            42.40926,
            7.136923,
            60.995926,
            900.36743,
            104.05194,
            14.39468,
            9.659428,
            11.364882,
            25.926798,
            9.117511,
            746.0478,
            22.072466,
            14.828526,
            126.57476,
            373.7584,
            109.06994,
            46.37325,
            59.69541,
            9.046234,
            9.1802025,
            13.593237,
            255.10791,
            83.20978,
            10.686405,
            7.0782523,
            27.165298,
            5.4390035,
            55.556698,
            6.2519045,
            5.827071,
            8.335307,
            7.236534,
            21.705141,
            56.23384,
            7.082499,
            134.11159,
            4.736813,
            3.6713552,
            12.570986,
            6.507187,
            6.705569,
            9.466578,
            34.335423
        ],
        "checkpoints": [
            {
                "batch_id": 99,