{
    "perfs_self_play": {
        "time": 1414.47756398,
        "allocated": 2938956830652,
        "gc_time": 431.434333562
    },
    "perfs_memory_analysis": {
        "time": 3.31e-7,
        "allocated": 0,
        "gc_time": 0
    },
    "perfs_learning": {
        "time": 1137.938440889,
        "allocated": 2040061256137,
        "gc_time": 263.740053473
    },
    "self_play": {
        "samples_gen_speed": 2.8387240068841733,
        "average_exploration_depth": 2.2941674683829474,
        "mcts_memory_footprint": 190212576,
        "memory_size": 6667,
        "memory_num_distinct_boards": 6114
    },
    "memory": null,
    "learning": {
        "time_convert": 1.049045619,
        "time_loss": 11.205058489,
        "time_train": 45.732433895999996,
        "time_eval": 1074.857532949,
        "initial_status": {
            "loss": {
                "L": 102.21305,
                "Lp": 0.4717078,
                "Lv": 100.19493,
                "Lreg": 0.0005441579,
                "Linv": 1.3989352e-9
            },
            "Hp": 2.4215052,
            "Hpnet": 2.9269414
        },
        "losses": [
            2.8754597,
            25.660936,
            9.385283,
            16.06969,
            2.1883962,
            317.86057,
            25.187872,
            20.04095,
            5.083744,
            60.022106,
            7.341566,
            59.92728,
            6.249448,
            5.6854134,
            5.7536354,
            12.531069,
            580.5119,
            32.102173,
            1.8323853,
            368.6599,
            4.6454616,
            3.688686,
            2.5256143,
            2.2360914,
            16.024075,
            29.540548,
            320.5906,
            5.18891,
            2.6312275,
            15.461287,
            34.838264,
            4.2589602,
            6.746174,
            21.043865,
            15.042322,
            7.0598583,
            3.5376894,
            2.643461,
            34.243336,
            2.350373,
            405.1844,
            3.8458915,
            3.6346073,
            3.5384893,
            12.2387295,
            13.577833,
            2.3685338,
            7.630004,
            29.92535,
            1.866137,
            11.398061,
            31.971447,
            2.2164278,
            14.999314,
            3.5592995,
            3.4602687,
            2.7574582,
            4.1088157,
            2.8918436,
            295.27277,
            33.400436,
            1.8703073,
            2053.4492,
            10.212008,
            314.99716,
            34.39071,
            2.7302659,
            4.4816065,
            59.162785,
            289.10458,
            997.7578,
            9.543958,
            14.211049,
            292.72253,
            19.448898,
            11.06028,
            14.743256,
            7.3336287,
            33.21909,
            2010.4332,
            7.1522117,
            15.014087,
            8.531369,
            12.58138,
            6.4908605,
            281.3992,
            10.431363,
            9.624706,
            8.542746,
            11.918333,
            16.433844,
            38.880302,
            6.177082,
            4.567436,
            8.852039,
            3.3643749,
            25.426365,
            9.685476,
            17.129116,
            2.3523245,
            314.62793,
            25.26659,
            20.014006,
            5.1995597,
            59.313843,
            6.6467085,
            59.242393,
            6.119674,
            5.448464,
            5.696455,
            12.487774,
            579.2111,
            32.015533,
            2.0027845,
            367.79617,
            4.747633,
            3.691492,
            3.1454432,
            2.9806914,
            16.004074,
            29.299404,
            318.1485,
            5.426298,
            3.3839533,
            16.122038,
            35.33709,
            4.920889,
            7.084646,
            21.290028,
            15.338692,
            7.3978806,
            4.094612,
            2.6230326,
            34.238796,
            2.2819076,
            401.64728,
            4.482346,
            3.889135,
            3.8646648,
            11.780278,
            13.914388,
            2.68079,
            7.6953316,
            29.325441,
            1.9118166,
            11.756256,
            32.27288,
            2.548551,
            15.2499275,
            4.013089,
            3.4516203,
            2.7566125,
            4.201324,
            3.3057103,
            293.72476,
            33.422714,
            2.0778046,
            2042.4154,
            10.169061,
            313.14447,
            34.298866,
            3.0369318,
            4.9752045,
            58.134544,
            286.41864,
            981.8842,
            10.520972,
            14.174764,
            291.041,
            19.38126,
            11.672389,
            14.001676,
            7.7631187,
            32.362015,
            2000.1074,
            7.5723257,
            14.852919,
            9.38301,
            13.490288,
            6.97693,
            281.52295,
            11.062774,
            9.558906,
            9.1566515,
            12.42181,
            16.739622,
            38.385212,
            6.3583555,
            4.9506392,
            10.181905,
            4.0152283,
            24.901323,
            10.551306,
            17.976831,
            2.6927755,
            313.4392,
            25.491299,
            19.713186,
            5.2210045,
            58.92362,
            5.9809313,
            59.38486,
            5.746944,
            5.199986,
            5.42418,
            12.289818,
            579.055,
            31.964489,
            2.1184573,
            367.66937,
            4.7591214,
            3.7459614,
            3.5133133,
            3.4008703,
            16.056936,
            29.318558,
            316.81915,
            5.6259856,
            3.7953591,
            16.490261,
            35.5928,
            5.1208673,
            7.0794964,
            21.346563,
            15.500893,
            7.2421966,
            4.0467033,
            2.5977612,
            34.290154,
            2.166897,
            401.10205,
            4.552883,
            3.8366218,
            3.7851129,
            11.77854,
            13.781911,
            2.7627668,
            7.757893,
            28.870447,
            1.9868989,
            11.9543705,
            32.316647,
            2.8077793,
            15.726181,
            4.2137613,
            3.5697494,
            2.8953364,
            4.2550673,
            3.5230675,
            293.32822,
            33.525177,
            2.289521,
            2032.1975,
            10.136103,
            312.2733,
            34.22366,
            3.239325,
            5.3602514,
            57.74105,
            284.91855,
            969.21497,
            11.223393,
            14.283116,
            289.78906,
            19.319345,
            12.231699,
            14.219699,
            7.8016286,
            32.42182,
            1987.1859,
            8.100766,
            15.007949,
            10.031643,
            14.037903,
            7.1407514,
            282.59497,
            11.117134,
            9.252716,
            9.142875,
            11.801893,
            16.912224,
            38.56473,
            5.9668016,
            4.9832,
            10.268696
        ],
        "checkpoints": [
            {
                "batch_id": 95,
                "evaluation": {
                    "legend": "Most recent NN versus best NN so far",
                    "avgr": 0.28125,
                    "redundancy": 0,