{
    "perfs_self_play": {
        "time": 1303.273647846,
        "allocated": 2554680716218,
        "gc_time": 446.127995838
    },
    "perfs_memory_analysis": {
        "time": 3.23e-7,
        "allocated": 0,
        "gc_time": 0
    },
    "perfs_learning": {
        "time": 544.527192559,
        "allocated": 941091566059,
        "gc_time": 126.002093306
    },
    "self_play": {
        "samples_gen_speed": 2.543589090318857,
        "average_exploration_depth": 2.188889863149671,
        "mcts_memory_footprint": 178688160,
        "memory_size": 7000,
        "memory_num_distinct_boards": 6392
    },
    "memory": null,
    "learning": {
        "time_convert": 1.037169604,
        "time_loss": 11.901201822,
        "time_train": 14.023955555,
        "time_eval": 511.691303233,
        "initial_status": {
            "loss": {
                "L": 579.1207,
                "Lp": 0.4189032,
                "Lv": 570.73236,
                "Lreg": 0.00033372096,
                "Linv": 3.9126444e-10
            },
            "Hp": 2.6254125,
            "Hpnet": 3.0315988
        },
        "losses": [
            15.43277,
            4.284249,
            3196.2805,
            4.46298,
            3227.7947,
            56.02423,
            189.31917,
            581.91437,
            29.002197,
            11.782963,
            3275.9294,
            3491.1934,
            3849.4207,
            578.4785,
            109.047615,
            579.13074,
            19.963133,
            41.582355,
            25.06539,
            109.22657,
            29.916454,
            42.976402,
            3104.1501,
            631.66876,
            55.386166,
            1625.799,
            1606.4702,
            26.735315,
            32.621536,
            18.818613,
            22.570335,
            12.889588,
            582.79114,
            3262.4,
            14.319979,
            41.990814,
            29.919153,
            221.012,
            7.175159,
            13.2752,
            39.077553,
            11.138656,
            79.17813,
            13.549418,
            5.6688843,
            212.95825,
            13.91312,
            37.688774,
            6.229487,
            4.324695,
            4.5692897,
            41.025364,
            7.2017,
            48.86549,
            2.6412654,
            13.642656,
            200.47072,
            4.299469,
            4.740143,
            4.010043,
            3255.6099,
            2.939133,
            30.363234,
            3326.5737,
            224.82307,
            224.89919,
            197.1478,
            43.65452,
            191.00049,
            3193.304,
            3275.2844,
            86.74397,
            15.284388,
            14.917068,
            17.706516,
            15.358851,
            164.96945,
            578.4923,
            53.4317,
            169.7462,
            16.970182,
            15.608706,
            16.691034,
            47.887375,
            578.0472,
            255.69443,
            13.6674,
            7.6102567,
            1643.9408,
            6391.878,
            31.23343,
            576.82117,
            10.108611,
            19.154083,
            568.6962,
            32.26414,
            11.609036,
            33.647243,
            14.314698,
            22.03534,
            8.51737,
            3144.4053,
            7.767904,
            3163.3748,
            51.71763,
            184.57109,
            581.7114,
            28.164446,
            17.206331,
            3264.0708,
            3433.1504,
            3748.9502,
            584.40076,
            110.34153,
            584.99225,
            26.076683,
            55.21682,
            31.180721,
            115.532166,
            43.701645,
            56.742645,
            3024.0076,
            633.31226,
            62.75562,
            1628.68,
            1604.3209,
            30.850101,
            36.590744,
            22.580616,
            28.717674,
            14.0353775,
            579.8644,
            3265.0032,
            19.349295,
            42.79344,
            29.864893,
            222.92172,
            8.417568,
            13.067492,
            38.962395,
            10.138312,
            82.60488,
            10.010529,
            5.8549395,
            213.35603,
            14.262534,
            38.232437,
            6.4377723,
            4.308988,
            3.6709318,
            40.817017,
            7.429925,
            50.194553,
            2.7957892,
            13.7688265,
            200.5471,
            3.7691133,
            4.7865963,
            3.7817404,
            3266.7,
            2.8820603,
            30.506432,
            3341.802,
            228.35916,
            224.72452,
            200.38618,
            43.590878,
            194.88655,
            3182.7153,
            3282.6807,
            88.48089,
            12.967092,
            12.703157,
            14.885277,
            12.185152,
            167.32869,
            579.8682,
            50.820286,
            167.63579,
            15.511009,
            14.270701,
            17.075584,
            49.13043,
            578.16565,
            256.07376,
            13.537901,
            8.055704,
            1647.8228,
            6346.581,
            30.760256,
            578.0892,
            10.802083,
            21.939886,
            568.1238,
            32.12902,
            13.364144,
            34.121258,
            15.444855,
            23.958752,
            10.2919655,
            3119.6636,
            9.302354,
            3140.7966,
            50.918575,
            183.00316,
            580.8556,
            28.292728,
            19.92082,
            3264.4531,
            3414.1582,
            3707.8289,
            585.31305,
            109.090675,
            585.5316,
            27.571259,
            58.762714,
            32.75179,
            118.1891,
            47.932556,
            61.97763,
            2990.908,
            634.29315,
            65.66366,
            1627.9359,
            1599.9473,
            34.03554,
            40.382984,
            25.61307,
            34.023453,
            16.763454,
            578.92413,
            3259.9224,
            23.041397,
            44.33447,
            31.125957,
            223.35008,
            9.695516,
            14.478915,
            39.454765,
            10.754761,
            82.88118,
            10.614793,
            6.2965927,
            212.57352,
            14.469612,
            39.048824,
            6.892716,
            4.5264683,
            3.7569706,
            40.87374,
            8.44733,
            50.882744,
            2.861089,
            13.78857,
            200.68597,
            3.8235362,
            4.7765913,
            3.877064,
            3264.0227,
            2.9200683,
            30.684614,
            3341.2893,
            229.01942,
            224.60811,
            200.20778,
            43.32394,
            194.25713,
            3174.6858,
            3286.4827,
            89.627106,
            15.328287,
            15.166664,
            17.39217,
            13.709376,
            165.87747,
            579.457,
            49.23908,
            168.24693,
            13.584105,
            12.525155,
            15.558404,
            46.801086,
            576.6393,
            258.5,
            11.26909,
            6.4986596,
            1650.9729,
            6353.534,
            28.672602,
            577.47437,
            9.5187235,
            20.608143,
            566.4759,
            30.262056,
            12.170543,
            32.70097,
            14.385099
        ],
        "checkpoints": [
            {
                "batch_id": 99,