{
    "perfs_self_play": {
        "time": 1371.991014654,
        "allocated": 2537652249162,
        "gc_time": 447.688138553
    },
    "perfs_memory_analysis": {
        "time": 2.61e-7,
        "allocated": 0,
        "gc_time": 0
    },
    "perfs_learning": {
        "time": 605.215645066,
        "allocated": 1021459624731,
        "gc_time": 137.192117194
    },
    "self_play": {
        "samples_gen_speed": 2.44695004905723,
        "average_exploration_depth": 2.1838794399838113,
        "mcts_memory_footprint": 196611712,
        "memory_size": 7000,
        "memory_num_distinct_boards": 6376
    },
    "memory": null,
    "learning": {
        "time_convert": 0.924558376,
        "time_loss": 12.731927036000002,
        "time_train": 14.892810969,
        "time_eval": 571.111462522,
        "initial_status": {
            "loss": {
                "L": 230.67082,
                "Lp": 0.46811128,
                "Lv": 229.30717,
                "Lreg": 0.00041820944,
                "Linv": 3.4015962e-10
            },
            "Hp": 2.4814107,
            "Hpnet": 2.9121604
        },
        "losses": [
            17.624329,
            534.5283,
            52.639137,
            18.493818,
            16.020004,
            12.868932,
            8.592123,
            344.74417,
            18.657244,
            513.02094,
            28.23541,
            5.752702,
            545.59937,
            5.942877,
            5.4311614,
            33.179,
            4.917997,
            5.531499,
            291.68777,
            7.1933117,
            8.534876,
            9.441605,
            2951.973,
            2.267836,
            38.939976,
            3.383275,
            29.502058,
            6.6677175,
            5.016908,
            20.27631,
            5.1813865,
            2872.0732,
            975.2904,
            15.650569,
            14.081836,
            110.59382,
            62.479458,
            457.7348,
            67.533585,
            86.77494,
            33.49427,
            26.668726,
            90.21442,
            19.142372,
            16.572626,
            11.233062,
            31.345715,
            75.449615,
            21.132307,
            18.887133,
            8.7100115,
            527.83466,
            769.92914,
            6.868777,
            38.634277,
            497.19928,
            67.304085,
            8.974369,
            10.772594,
            6.750092,
            15.966307,
            5.1968246,
            50.68784,
            15.834852,
            11.336405,
            73.83142,
            52.972107,
            14.396657,
            14.211458,
            33.35095,
            15.715399,
            5.5168,
            4.001749,
            4.5823708,
            16.19771,
            5.9654574,
            2.9805932,
            5.7194824,
            3.6542282,
            14.213696,
            61.257187,
            573.0797,
            684.37756,
            2846.658,
            14.197468,
            9.165597,
            1019.46063,
            59.532543,
            14.11989,
            673.356,
            76.76299,
            15.876197,
            2768.9346,
            343.69736,
            76.60724,
            9.523337,
            23.946266,
            19.877956,
            471.70462,
            10.258331,
            530.2889,
            29.193565,
            12.704845,
            8.803473,
            8.082236,
            5.316234,
            341.6737,
            12.976589,
            499.80243,
            27.154356,
            5.4722786,
            540.1755,
            6.17229,
            5.0025187,
            35.45117,
            5.73653,
            5.216755,
            273.54312,
            7.0974154,
            10.586002,
            10.084208,
            2912.9165,
            2.3692966,
            39.49813,
            4.296732,
            30.89399,
            8.871195,
            6.6236095,
            26.067434,
            5.621758,
            2842.478,
            944.6071,
            17.920578,
            11.645164,
            106.40907,
            61.20507,
            462.4211,
            67.74405,
            85.2542,
            29.888435,
            24.171818,
            91.42419,
            19.732677,
            16.058882,
            10.729297,
            28.4621,
            71.29287,
            19.991982,
            17.158646,
            7.6011844,
            526.4833,
            773.56696,
            6.0457544,
            38.558727,
            491.63596,
            65.60743,
            8.147997,
            13.7752,
            6.2087455,
            15.299353,
            5.6427026,
            47.515415,
            13.960028,
            12.777847,
            70.15115,
            50.226234,
            13.701553,
            13.617896,
            32.61137,
            16.739344,
            6.173936,
            4.482919,
            5.347201,
            16.029358,
            4.59572,
            2.811304,
            6.1888547,
            4.271495,
            14.607673,
            61.075966,
            573.52344,
            687.2748,
            2852.303,
            13.01862,
            9.642538,
            998.9249,
            61.720184,
            16.681158,
            675.6261,
            80.83334,
            15.520681,
            2750.4714,
            341.4876,
            81.39996,
            10.719425,
            29.061422,
            24.161524,
            480.18976,
            14.948868,
            521.9594,
            30.533268,
            12.667272,
            10.0580435,
            7.8427396,
            6.2454977,
            338.13663,
            12.502939,
            506.43427,
            23.821127,
            4.793887,
            543.3092,
            6.7372026,
            4.012583,
            36.348846,
            5.9917464,
            5.3880587,
            263.63464,
            8.256443,
            11.475032,
            11.78193,
            2919.1494,
            2.6222925,
            40.901352,
            5.1416063,
            32.76126,
            11.470352,
            8.009093,
            28.251848,
            6.076725,
            2822.5823,
            933.947,
            19.202932,
            10.683969,
            106.61005,
            62.14713,
            466.37213,
            69.1063,
            85.18879,
            29.070026,
            22.197975,
            93.787796,
            23.45264,
            17.960833,
            13.09107,
            28.025894,
            67.71085,
            20.571724,
            16.871063,
            8.370728,
            521.89,
            758.6851,
            5.775116,
            37.49529,
            485.34653,
            62.67146,
            8.112894,
            15.012867,
            6.2418165,
            14.100098,
            5.844021,
            48.341145,
            10.193739,
            12.454179,
            72.76092,
            50.085594,
            13.254534,
            13.285339,
            32.621433,
            17.40648,
            6.2502866,
            4.8042727,
            5.907109,
            17.363623,
            6.4549694,
            3.4483523,
            6.598852,
            4.5287504,
            15.034603,
            61.25965,
            570.3965,
            689.38654,
            2814.189,
            14.288539,
            8.821566,
            984.8364,
            62.199314,
            17.1827,
            673.8167,
            81.950905,
            15.519605,
            2742.214,
            346.66922,
            78.354996,
            9.814584,
            25.967625,
            20.124208,
            473.93237
        ],
        "checkpoints": [
            {
                "batch_id": 99,