{
    "perfs_self_play": {
        "time": 1851.521428647,
        "allocated": 3739665154575,
        "gc_time": 462.858939685
    },
    "perfs_memory_analysis": {
        "time": 2.89e-7,
        "allocated": 0,
        "gc_time": 0
    },
    "perfs_learning": {
        "time": 725.028152626,
        "allocated": 1369139141990,
        "gc_time": 200.301822835
    },
    "self_play": {
        "samples_gen_speed": 1.7718683590799515,
        "average_exploration_depth": 8.060823804789882,
        "mcts_memory_footprint": 90005888,
        "memory_size": 6000,
        "memory_num_distinct_boards": 4127
    },
    "memory": null,
    "learning": {
        "time_convert": 0.702042084,
        "time_loss": 5.931667629,
        "time_train": 39.92309405,
        "time_eval": 674.9380625059999,
        "initial_status": {
            "loss": {
                "L": 24.614635,
                "Lp": 2.3589103,
                "Lv": 21.795662,
                "Lreg": 0.0004854663,
                "Linv": -1.4862356e-9
            },
            "Hp": 0.5925054,
            "Hpnet": 2.719311
        },
        "losses": [
            6.194518,
            25.029884,
            356.3612,
            21.74017,
            10.487112,
            4.173222,
            3.7170463,
            4.324863,
            4.3507133,
            3.2923558,
            6.6633363,
            3.8218777,
            7.3312054,
            75.20167,
            3.9714098,
            147.48186,
            3.2424488,
            4.0924597,
            3.3249407,
            3.7741206,
            44.99726,
            30.237125,
            5.564497,
            44.65665,
            8.083062,
            6.0255613,
            6.156183,
            6.11992,
            16.295294,
            4.666234,
            115.4858,
            15.923233,
            4.010546,
            21.992552,
            5.331287,
            5.479375,
            6.2072477,
            4.963337,
            5.2389426,
            6.008537,
            7.331794,
            3.8657863,
            2.8875513,
            23.677809,
            16.048845,
            27.869936,
            3.7232783,
            4.510584,
            2.6012027,
            4.005944,
            129.29875,
            19.40679,
            5.461394,
            5.3600945,
            3.9181194,
            9.197431,
            5.3082523,
            6.85394,
            134.77235,
            6.0224576,
            4.4164004,
            4.836787,
            15.683643,
            6.0382466,
            4.216716,
            21.02545,
            341.54584,
            17.21368,
            9.9350195,
            3.8799314,
            3.5678632,
            4.327746,
            4.5320964,
            2.6226943,
            5.3276296,
            3.4783206,
            6.381777,
            72.5375,
            3.1507542,
            147.71266,
            3.2004762,
            3.7112103,
            3.5598948,
            3.9501038,
            44.48232,
            30.397808,
            5.6080813,
            45.712948,
            8.806179,
            6.52239,
            6.933321,
            6.6523557,
            16.359486,
            4.5002055,
            116.07018,
            16.105474,
            4.0134063,
            22.13045,
            5.5806994,
            5.6904926,
            6.2615266,
            5.076092,
            5.248313,
            6.2478247,
            6.8798027,
            4.01927,
            2.9848542,
            23.992458,
            15.227513,
            28.888407,
            3.7187252,
            4.3413606,
            2.634644,
            4.12568,
            129.06107,
            19.455965,
            4.7519546,
            5.649365,
            3.4041471,
            9.245942,
            5.0959363,
            6.636751,
            137.46896,
            5.1832414,
            3.657566,
            3.9042845,
            15.371408,
            5.364571,
            3.810924,
            21.353699,
            339.52216,
            16.800184,
            9.811359,
            3.9200764,
            3.5329251,
            4.420661,
            4.8954625,
            2.7047334,
            5.449281,
            3.6591942,
            6.157075,
            69.91425,
            3.191939,
            144.37196,
            3.3738039,
            3.7313993,
            3.2829943,
            3.870457,
            44.141445,
            30.390284,
            5.2257733,
            45.482887,
            8.177786,
            5.961496,
            6.3182898,
            6.3694053,
            16.331064,
            4.6439004,
            114.460434,
            15.867877,
            4.131699,
            21.73077,
            5.721872,
            5.884047,
            6.547966,
            5.3383994,
            5.649171,
            6.4883437,
            7.2568903,
            4.378758,
            3.291922,
            22.85434,
            15.119733,
            27.79236,
            3.9296327,
            4.4515758,
            2.7913315,
            4.19296,
            127.85538,
            19.108791,
            5.155804,
            5.516077,
            3.537371,
            9.096858,
            5.084953,
            6.681729,
            137.01613,
            5.2366853,
            3.6856027,
            3.9871056,
            15.203263,
            5.2728434
        ],
        "checkpoints": [
            {
                "batch_id": 64,
                "evaluation": {
                    "legend": "Most recent NN versus best NN so far",
                    "avgr": 0.125,
                    "redundancy": 0,
                    "rewards": [
                        -7.036961730220355,
                        -4.776386235142127,
                        -3.7717215013690293,
                        -3.4607427226146683,
                        -6.195631085429341,
                        -6.047282823477872,
                        -6.912586696445942,
                        -5.730372900376096,
                        -6.18350995297078,
                        -3.164114448009059,
                        -2.8034419994801283,
                        -7.458036847412586,
                        -2.8448977822572488,
                        -31.21613311767578,
                        -7.3925253531342605,
                        -8.288381798192859,
                        -5.9421325490111485,
                        -1.91260504451202,
                        -4.037924025789835,
                        -5.021203023432463,
                        -4.21965324334451,
                        -4.1309137077769265,
                        -4.483002061257139,
                        -4.313506829479593,
                        -5.429093284998089,
                        -6.087451119441539,
                        -5.687888063956052,
                        -7.921440804435406,
                        -3.381422396050766,
                        -2.6514129166316707,
                        -9.003631740808487,
                        -3.341602335916832
                    ],