{
    "perfs_self_play": {
        "time": 838.436716021,
        "allocated": 1539140079841,
        "gc_time": 320.7777953
    },
    "perfs_memory_analysis": {
        "time": 3.31e-7,
        "allocated": 0,
        "gc_time": 0
    },
    "perfs_learning": {
        "time": 366.365976514,
        "allocated": 679588544804,
        "gc_time": 98.13973638
    },
    "self_play": {
        "samples_gen_speed": 2.3347811797368148,
        "average_exploration_depth": 1.884551031568489,
        "mcts_memory_footprint": 255905728,
        "memory_size": 3765,
        "memory_num_distinct_boards": 3220
    },
    "memory": null,
    "learning": {
        "time_convert": 0.625633013,
        "time_loss": 6.7800578179999995,
        "time_train": 7.4201809050000005,
        "time_eval": 349.12395349,
        "initial_status": {
            "loss": {
                "L": 0.19330136,
                "Lp": 0.03692675,
                "Lv": 0.15567678,
                "Lreg": 0.00032196793,
                "Linv": -2.0237492e-9
            },
            "Hp": 3.2768886,
            "Hpnet": 3.3117816
        },
        "losses": [
            0.1690712,
            0.11798646,
            0.27900627,
            0.07461053,
            0.36668772,
            0.18913686,
            0.20164612,
            0.09697623,
            0.2008273,
            0.14088689,
            0.30005145,
            0.18805325,
            0.08371366,
            0.16754663,
            0.19174144,
            0.2166522,
            0.17137109,
            0.018175213,
            0.17756137,
            0.12795764,
            0.20025201,
            0.2186139,
            0.20078519,
            0.088370584,
            0.20720379,
            0.16607203,
            0.14140946,
            0.15746498,
            0.15798776,
            0.17551607,
            0.07291836,
            0.031848952,
            0.19928877,
            0.2236139,
            0.30859178,
            0.16835675,
            0.1668256,
            0.36491442,
            0.2949491,
            0.3095956,
            0.16361474,
            0.27803686,
            0.20789729,
            0.18649413,
            0.2030861,
            0.13349223,
            0.03888965,
            0.10956091,
            0.22346473,
            0.236346,
            0.15789413,
            0.13672964,
            0.25899768,
            0.05645402,
            0.37867543,
            0.17433664,
            0.18112089,
            0.097785965,
            0.17621827,
            0.13964,
            0.26696506,
            0.17011023,
            0.07477248,
            0.16792242,
            0.21476361,
            0.21556418,
            0.15849282,
            0.019811766,
            0.17340511,
            0.13344595,
            0.19345467,
            0.21608849,
            0.20009103,
            0.08925736,
            0.20815355,
            0.16849574,
            0.14471361,
            0.15122965,
            0.15193766,
            0.18225741,
            0.06677872,
            0.031836126,
            0.19950305,
            0.20632151,
            0.29595336,
            0.1543065,
            0.14265484,
            0.33263403,
            0.28308025,
            0.2948008,
            0.17021184,
            0.28545702,
            0.18482174,
            0.18615262,
            0.1885543,
            0.13958967,
            0.03099609,
            0.13219221,
            0.23483616,
            0.21116702,
            0.16288084,
            0.12046076,
            0.27409533,
            0.071238525,
            0.36283267,
            0.16758782,
            0.20085981,
            0.10370585,
            0.15087579,
            0.13591717,
            0.27255028,
            0.16995744,
            0.07734974,
            0.16168594,
            0.18760589,
            0.2157135,
            0.17148803,
            0.010291218,
            0.1788112,
            0.12983294,
            0.19538744,
            0.21396375,
            0.19734046,
            0.09027457,
            0.21069881,
            0.15446185,
            0.14657953,
            0.15308836,
            0.15457702,
            0.16841593,
            0.061057646,
            0.03467439,
            0.19644563,
            0.19377959,
            0.27813756,
            0.13361846,
            0.13668378,
            0.30563492,
            0.28847882,
            0.29347467,
            0.17094338,
            0.29298398,
            0.17627749,
            0.17671722,
            0.18715966,
            0.15094392,
            0.0761893,
            0.08246153,
            0.2224456,
            0.21600099
        ],
        "checkpoints": [
            {
                "batch_id": 50,
                "evaluation": {
                    "legend": "Most recent NN versus best NN so far",
                    "avgr": 0.375,
                    "redundancy": 0,
                    "rewards": [
                        -1,
                        -1,
                        -1,
                        -1,
                        -1,
                        -1,
                        1,
                        1,
                        -1,
                        -1,
                        -1,
                        -1,
                        -1,
                        -1,
                        -1,
                        -1,
                        -1,
                        -1,
                        1,
                        -1,
                        -1,
                        -1,
                        -1,
                        1,
                        -1,
                        -1,
                        -1,
                        -1,
                        -1,
                        1,
                        1,
                        1
                    ],
                    "baseline_rewards": [
                        -1,
                        -1,
                        -1,
                        -1,
                        -1,
                        -1,
                        -1,
                        -1,
                        -1,
                        -1,
                        -1,
                        -1,
                        -1,
                        -1,
                        -1,
                        -1,
                        -1,
                        -1,
                        -1,
                        -1,
                        -1,
                        -1,
                        -1,
                        -1,
                        -1,
                        -1,
                        -1,
                        -1,
                        -1,
                        -1,
                        1,
                        -1
                    ],
                    "time": 90.312837392
                },
                "status_after": {
                    "loss": {
                        "L": 0.17677328,
                        "Lp": 0.03694609,
                        "Lv": 0.13904114,
                        "Lreg": 0.0003047167,
                        "Linv": -6.834901e-10
                    },
                    "Hp": 3.2768886,
                    "Hpnet": 3.3144183
                },
                "nn_replaced": true
            },
            {
                "batch_id": 100,
                "evaluation": {
                    "legend": "Most recent NN versus best NN so far",
                    "avgr": 0.5,
                    "redundancy": 0,