{
    "perfs_self_play": {
        "time": 1515.646453024,
        "allocated": 2579581888923,
        "gc_time": 588.202702162
    },
    "perfs_memory_analysis": {
        "time": 3.75e-7,
        "allocated": 0,
        "gc_time": 0
    },
    "perfs_learning": {
        "time": 720.476870682,
        "allocated": 1124874708542,
        "gc_time": 202.69486652
    },
    "self_play": {
        "samples_gen_speed": 2.5664105097284655,
        "average_exploration_depth": 2.1848743449721635,
        "mcts_memory_footprint": 383152000,
        "memory_size": 7000,
        "memory_num_distinct_boards": 6495
    },
    "memory": null,
    "learning": {
        "time_convert": 0.894505984,
        "time_loss": 14.679840691999999,
        "time_train": 15.534733391,
        "time_eval": 683.6232208880001,
        "initial_status": {
            "loss": {
                "L": 0.77103984,
                "Lp": 0.14586055,
                "Lv": 0.6237268,
                "Lreg": 0.00017599353,
                "Linv": -9.483422e-10
            },
            "Hp": 2.697011,
            "Hpnet": 2.8107486
        },
        "losses": [
            0.7523421,
            0.81616944,
            0.70195204,
            0.7000446,
            0.63689107,
            0.6524796,
            0.76576453,
            0.78813565,
            0.8401106,
            0.70902574,
            0.5701418,
            0.81853825,
            0.44100192,
            0.73786634,
            0.7259153,
            0.9838605,
            0.7723362,
            0.6812137,
            0.6820307,
            0.7717021,
            0.7544353,
            0.77174205,
            0.82890606,
            0.742745,
            0.6869469,
            0.8120435,
            0.6110601,
            0.6698152,
            0.7055826,
            0.7627835,
            0.66181886,
            0.5964403,
            0.81687945,
            0.9536455,
            0.66362596,
            0.7416498,
            0.57958376,
            0.77440983,
            0.91462386,
            0.70879835,
            0.99002767,
            0.63365877,
            0.92257065,
            0.7884289,
            0.9880826,
            0.7940312,
            0.6862798,
            0.8410172,
            0.78043395,
            0.8410791,
            0.9774102,
            0.7807911,
            0.5857155,
            1.0522293,
            0.827837,
            0.6917137,
            0.8742144,
            0.70381284,
            0.6638191,
            0.90899736,
            0.6094559,
            0.79672277,
            0.74201363,
            0.77330554,
            1.1389337,
            0.8702478,
            0.79090387,
            0.63593614,
            0.780787,
            0.7361751,
            0.7877287,
            0.975888,
            0.7462168,
            0.6870037,
            0.68893564,
            0.7634033,
            0.87628025,
            0.9516863,
            0.61507493,
            0.740599,
            0.9062008,
            0.585963,
            0.9327758,
            0.6379688,
            0.7631218,
            0.85460436,
            0.7238017,
            0.7486026,
            0.9669524,
            0.7311209,
            0.49711934,
            0.729391,
            0.7803029,
            0.7695435,
            0.7375812,
            0.6208585,
            0.75068367,
            0.80402344,
            0.6197891,
            0.7216429,
            0.6036924,
            0.73071826,
            0.8346471,
            0.6948682,
            0.7014454,
            0.6224798,
            0.6488479,
            0.75223833,
            0.7762755,
            0.8293296,
            0.70724535,
            0.5901774,
            0.7558358,
            0.47444993,
            0.7256848,
            0.71067977,
            0.9759317,
            0.74042225,
            0.68063456,
            0.6707702,
            0.75704753,
            0.76110315,
            0.7690362,
            0.85494596,
            0.7301393,
            0.68026966,
            0.803141,
            0.60258675,
            0.65674144,
            0.70809805,
            0.7467601,
            0.6523839,
            0.5912409,
            0.7920041,
            0.93666023,
            0.6619556,
            0.7419036,
            0.5680089,
            0.77377737,
            0.90978736,
            0.6976276,
            1.0022806,
            0.6165812,
            0.91140497,
            0.7651672,
            1.0009804,
            0.7921054,
            0.6611826,
            0.85933495,
            0.8037696,
            0.8310012,
            0.93994707,
            0.7514788,
            0.6050521,
            1.0122286,
            0.8365304,
            0.6951335,
            0.8711721,
            0.6799408,
            0.6454036,
            0.9121069,
            0.59371495,
            0.8166118,
            0.72434634,
            0.7617988,
            1.1433284,
            0.8491641,
            0.7836147,
            0.63123035,
            0.76720566,
            0.7376055,
            0.7920709,
            0.94586885,
            0.7318148,
            0.67098105,
            0.67246336,
            0.7589474,
            0.9017991,
            0.91059643,
            0.5834272,
            0.7143181,
            0.883927,
            0.5847989,
            0.9213028,
            0.6327239,
            0.750695,
            0.8203862,
            0.71979254,
            0.7485762,
            0.9466153,
            0.7503596,
            0.4959882,
            0.7264049,
            0.76060003,
            0.7903301,
            0.70933825,
            0.6423635,
            0.72556144,
            0.743045,
            0.6202587,
            0.7052021,
            0.61767584,
            0.71097344,
            0.82022834,
            0.6854474,
            0.6977515,
            0.633858,
            0.65128833,
            0.7397891,
            0.7621003,
            0.813576,
            0.6932393,
            0.6024527,
            0.74114084,
            0.48038295,
            0.72782,
            0.7082054,
            0.965324,
            0.740663,
            0.6803472,
            0.6747274,
            0.73791444,
            0.76136893,
            0.74801064,
            0.8296561,
            0.7323943,
            0.69315445,
            0.8147835,
            0.58658224,
            0.6358515,
            0.71091473,
            0.7572593,
            0.6466475,
            0.59375095,
            0.8161611,
            0.94057316,
            0.66892713,
            0.7379208,
            0.5571876,
            0.76955634,
            0.90182656,
            0.7000048,
            0.98020154,
            0.6402776,
            0.9099172,
            0.7782127,
            0.9503273,
            0.7800815,
            0.6965864,
            0.8332424,
            0.7816673,
            0.8154031,
            0.9538415,
            0.754302,
            0.6002837,
            0.99563247,
            0.8284107,
            0.7222073,
            0.86912376,
            0.6717494,
            0.6431254,
            0.90564656,
            0.57133555,
            0.81911486,
            0.72707146,
            0.7616252,
            1.1611774,
            0.84440607,
            0.7700602,
            0.6398918,
            0.7614443,
            0.72446746,
            0.7902589,
            0.9497578,
            0.72481716,
            0.67560744,
            0.68044716,
            0.73516417,
            0.8899679,
            0.9104812,
            0.57302296,
            0.7084864,
            0.87258637,
            0.5760382,
            0.8930574,
            0.64216244,
            0.7440032,
            0.82680714,
            0.69761807,
            0.7433578,
            0.93256205,
            0.75541574,
            0.51615477,
            0.712743,
