{
    "perfs_self_play": {
        "time": 21.204450683,
        "allocated": 5375250104,
        "gc_time": 0.748158649
    },
    "perfs_memory_analysis": {
        "time": 3.35e-7,
        "allocated": 0,
        "gc_time": 0
    },
    "perfs_learning": {
        "time": 26.356707772,
        "allocated": 15293791088,
        "gc_time": 2.002608938
    },
    "self_play": {
        "samples_gen_speed": 19.91291856548743,
        "average_exploration_depth": 0.875,
        "mcts_memory_footprint": 1636320,
        "memory_size": 1680,
        "memory_num_distinct_boards": 1680
    },
    "memory": null,
    "learning": {
        "time_convert": 0.432789718,
        "time_loss": 6.529604190000001,
        "time_train": 1.694252486,
        "time_eval": 14.389744312000001,
        "initial_status": {
            "loss": {
                "L": 166050670000000000,
                "Lp": 0.93359035,
                "Lv": 166050670000000000,
                "Lreg": 0.0007391319,
                "Linv": -19.560696
            },
            "Hp": 1.6459728,
            "Hpnet": 2.579565
        },
        "losses": [
            220915920000000000,
            220067840000000000,
            163314200000000000,
            220718150000000000,
            104805740000000000,
            163314200000000000,
            6636842000000000,
            220911330000000000,
            220718150000000000,
            104805740000000000,
            6636842000000000,
            220911330000000000,
            104805740000000000,
            203357250000000000,
            220911330000000000,
            220916040000000000,
            220916040000000000,
            220067840000000000,
            220911330000000000,
            220067840000000000,
            220915920000000000,
            220067840000000000,
            220911400000000000,
            26547347000000000,
            59220070000000000,
            220915610000000000,
            163314200000000000,
            220915610000000000,
            203357250000000000,
            26547347000000000,
            220915610000000000,
            220915610000000000,
            220915970000000000,
            220911400000000000,
            203357250000000000,
            59220070000000000,
            163314200000000000,
            220067900000000000,
            6636842000000000,
            59220070000000000,
            6636842000000000,
            220916100000000000,
            215506750000000000,
            220718200000000000,
            220876390000000000,
            59220070000000000,
            104805740000000000,
            6636842000000000,
            215506750000000000,
            215506750000000000,
            220916100000000000,
            104805740000000000,
            220718200000000000,
            220067900000000000,
            203357250000000000,
            220916100000000000,
            220916100000000000,
            220916040000000000,
            203357250000000000,
            220915920000000000,
            104805740000000000,
            203357250000000000,
            6636842000000000,
            104805740000000000,
            220915920000000000,
            104805740000000000,
            215506680000000000,
            220067840000000000,
            220911330000000000,
            163314200000000000,
            163314200000000000,
            220916040000000000,
            220911330000000000,
            59220070000000000,
            6636842000000000,
            215506680000000000,
            59220070000000000,
            59220070000000000,
            104805740000000000,
            220915560000000000,
            104805740000000000,
            26547347000000000,
            59220070000000000,
            59220070000000000,
            220876320000000000,
            6636842000000000,
            220718150000000000,
            220915920000000000,
            220876320000000000,
            104805740000000000,
            220916040000000000,
            163314200000000000,
            26547347000000000,
            215506680000000000,
            163314200000000000,
            220915920000000000,
            220915560000000000,
            163314200000000000,
            220067840000000000,
            220916040000000000,
            220911330000000000,
            220915560000000000,
            220915560000000000,
            220911330000000000,
            203357250000000000,
            215506680000000000,
            220718150000000000,
            215506680000000000,
            220876320000000000,
            215506680000000000,
            6636842000000000,
            220911330000000000,
            203357250000000000,
            215506680000000000,
            220916040000000000,
            220067840000000000,
            26547347000000000,
            26547347000000000,
            220916040000000000,
            220916040000000000,
            220916040000000000,
            220915920000000000,
            59220070000000000,
            220876320000000000,
            104805740000000000,
            215506680000000000,
            215506680000000000,
            220067840000000000,
            6636842000000000,
            215506680000000000,
            215506680000000000,
            163314200000000000,
            104805740000000000,
            215506680000000000,
            6636842000000000,
            220876320000000000,
            220911330000000000,
            220067840000000000,
            104805740000000000,
            220718150000000000,
            6636842000000000,
            26547347000000000,
            163314200000000000,
            220915920000000000,
            220718150000000000,
            220915920000000000,
            220718150000000000,
            220915920000000000,
            104805740000000000,
            220916040000000000,
            215506680000000000,
            104805740000000000,
            220915920000000000,
            220915920000000000,
            220067840000000000,
            220915920000000000,
            26547347000000000,
            220067840000000000,
            220915560000000000,
            163314200000000000,
            163314200000000000,
            220916040000000000,
            104805740000000000,
            220911330000000000,
            220876320000000000,
            220911330000000000,
            220718150000000000,
            220911330000000000,
            220915560000000000,
            203357250000000000,
            220067840000000000,
            220916040000000000,
            215506680000000000,
            220718150000000000,
            203357250000000000,
            220876320000000000,
            220718150000000000,
            59220070000000000,
            220718150000000000,
            6636842000000000,
            104805740000000000,
            203357250000000000,
            220911330000000000,
            26547347000000000,
            220911330000000000,
            220718150000000000,
            203357250000000000,
            220876320000000000,
            26547347000000000,
            220876320000000000,
            59220070000000000,
            220915920000000000,
            26547347000000000,
            220915920000000000,
            220915920000000000,
            220718150000000000,
            220915560000000000,
            220915560000000000,
            220915920000000000,
            220718150000000000,
            163314200000000000,
            220067840000000000,
            220876320000000000,
            220915920000000000,
            104805740000000000,
            220916040000000000,
            6636842000000000,
            220067840000000000,
            220915560000000000,
            59220070000000000,
            220067840000000000,
            220915920000000000,
            220718150000000000,
            163314200000000000,
            203357250000000000,
            220915920000000000,
