{
    "perfs_self_play": {
        "time": 1457.653458556,
        "allocated": 2859047562581,
        "gc_time": 469.541035557
    },
    "perfs_memory_analysis": {
        "time": 4.9e-7,
        "allocated": 0,
        "gc_time": 0
    },
    "perfs_learning": {
        "time": 659.109157775,
        "allocated": 1106356551479,
        "gc_time": 131.323088473
    },
    "self_play": {
        "samples_gen_speed": 2.8518169749890947,
        "average_exploration_depth": 2.1632226399481134,
        "mcts_memory_footprint": 210166336,
        "memory_size": 7000,
        "memory_num_distinct_boards": 6602
    },
    "memory": null,
    "learning": {
        "time_convert": 0.87521492,
        "time_loss": 10.690937238,
        "time_train": 12.251689412000001,
        "time_eval": 631.514318564,
        "initial_status": {
            "loss": {
                "L": 75022960000000,
                "Lp": 0.40555772,
                "Lv": 75219330000000,
                "Lreg": 0.09988753,
                "Linv": -2.1394694e-10
            },
            "Hp": 2.7105238,
            "Hpnet": 3.0754895
        },
        "losses": [
            828620100000,
            566066800000,
            470954870000,
            690339600000000,
            13513019000000,
            9406018000000,
            1922083700000,
            7478193000000,
            914761000000,
            888128500000,
            706834850000000,
            8784950300000,
            589930040000,
            7191571000000,
            1033506100000,
            14338556000000,
            11288445000000,
            706954900000000,
            709161200000000,
            8738595400000,
            5880267400000,
            1641481400000,
            81153330000000,
            217422250000,
            683056000000,
            1023937500000,
            808907800000,
            261698860000,
            582321700000,
            12928557000000,
            6342844600000,
            1034610000000,
            8631756000000,
            1108843700000,
            712469640000,
            24249127000000,
            7392157000000,
            177498870000,
            704789400000000,
            8926466000000,
            420546350000,
            309267370000,
            572271700000,
            7540796600000,
            5756706000000,
            6158293700000,
            687863200000000,
            13558511000000,
            13048737000000,
            15126299000000,
            367697850000,
            680526150000,
            8090559700000,
            325963350000,
            1318205800000,
            7760026500000,
            278381300000,
            573131500000,
            896553500000,
            13883581000000,
            5575741500000,
            8986078000000,
            11841935000000,
            7191195500000,
            1218133000000,
            555155060000,
            688694450000000,
            1015922900000,
            5126250600000,
            697731700000000,
            1736281200000,
            727941450000,
            43239554000000,
            475443400000,
            27816872000000,
            147599760000000,
            8675638000000,
            11009673000000,
            1456309400000,
            408946150000,
            457674820000,
            1521390200000,
            419729640000,
            14243479000000,
            965010700000,
            1386456000000000,
            32085510000000,
            5589989600000,
            8851465000000,
            7701006400000,
            15950632000000,
            534664840000,
            12672178000000,
            14623746000000,
            422082050000,
            633082300000,
            5039482500000,
            3068916100000,
            168615150000,
            258614980000,
            9927936000000,
            11676013000000,
            483339960000,
            828448440000,
            566000750000,
            470907880000,
            690341640000000,
            13513034000000,
            9405779000000,
            1921904100000,
            7478051000000,
            914685950000,
            887990300000,
            706828100000000,
            8784459600000,
            589831600000,
            7191236400000,
            1033423300000,
            14338236000000,
            11288485000000,
            706955240000000,
            709159600000000,
            8738633000000,
            5880146300000,
            1641554200000,
            81153030000000,
            217370360000,
            683037700000,
            1023927260000,
            808878700000,
            261683580000,
            582264550000,
            12928507000000,
            6342827300000,
            1034555100000,
            8631613000000,
            1108849200000,
            712464400000,
            24249110000000,
            7392298300000,
            177510140000,
            704785700000000,
            8926329000000,
            420490200000,
            309252230000,
            572354500000,
            7540770000000,
            5756675000000,
            6158241000000,
            687862400000000,
            13558477000000,
            13048739000000,
            15126534000000,
            367673150000,
            680511200000,
            8091028000000,
            325919050000,
            1318229900000,
            7760385000000,
            278344660000,
            573103300000,
            896523570000,
            13883743000000,
            5575695000000,
            8986066000000,
            11841960000000,
            7191172000000,
            1217966200000,
            555110700000,
            688692300000000,
            1015909000000,
            5126290400000,
            697729400000000,
            1736231900000,
            727934100000,
            43239890000000,
            475436150000,
            27816536000000,
            147597290000000,
            8675503000000,
            11009919000000,
            1456225300000,
            409042420000,
            457764440000,
            1521494500000,
            419808380000,
            14243826000000,
            965152540000,
            1386459300000000,
            32085478000000,
            5589941000000,
            8851249000000,
            7700927000000,
            15950165000000,
            534615430000,
            12672058000000,
            14623687000000,
            422043900000,
            633051550000,
            5039422000000,
            3068888000000,
            168597180000,
            258582710000,
            9928133000000,
            11675808000000,
            483405270000,
            828394900000,
            565973200000,
            470870100000,
            690345200000000,
            13513040000000,
            9405816000000,
            1921949200000,
            7478113700000,
            914723050000,
            887839800000,
            706833200000000,
            8784737000000,
            589704600000,
            7191153000000,
            1033363500000,
            14338185000000,
            11288271000000,
            706955200000000,
            709159000000000,
            8738495000000,
            5880213400000,
            1641536400000,
            81152940000000,
            217384500000,
            683022200000,
            1023843240000,
            808755860000,
            261708040000,
            582265400000,
            12928533000000,
            6342716000000,
            1034586400000,
            8631525000000,
            1108836600000,
            712469100000,
            24249102000000,
            7392201300000,
            177506060000,
            704781250000000,
            8926509000000,
            420478350000,
            309227060000,
            572332300000,
            7540768000000,
            5756490000000,
            6158193000000,
            687863040000000,
