{
    "perfs_self_play": {
        "time": 1317.922748343,
        "allocated": 2535364400782,
        "gc_time": 420.088475331
    },
    "perfs_memory_analysis": {
        "time": 3.65e-7,
        "allocated": 0,
        "gc_time": 0
    },
    "perfs_learning": {
        "time": 635.049980616,
        "allocated": 1052730558643,
        "gc_time": 128.260673301
    },
    "self_play": {
        "samples_gen_speed": 2.5850113795303282,
        "average_exploration_depth": 2.116139951260251,
        "mcts_memory_footprint": 188888960,
        "memory_size": 7000,
        "memory_num_distinct_boards": 6438
    },
    "memory": null,
    "learning": {
        "time_convert": 1.003333157,
        "time_loss": 11.72251602,
        "time_train": 12.513149633,
        "time_eval": 605.4621891099999,
        "initial_status": {
            "loss": {
                "L": 64.9648,
                "Lp": 0.36483082,
                "Lv": 64.80586,
                "Lreg": 0.0003667622,
                "Linv": 9.51755e-10
            },
            "Hp": 2.735352,
            "Hpnet": 3.1157305
        },
        "losses": [
            22.592777,
            94.9259,
            17.71844,
            4.687368,
            7.897708,
            300.93417,
            271.54688,
            13.54113,
            27.950209,
            224.18181,
            26.099985,
            92.91671,
            13.832049,
            21.515112,
            124.36036,
            38.37236,
            99.01106,
            13.515586,
            6.0787587,
            22.497383,
            11.464073,
            115.38922,
            3.232712,
            7.3813167,
            3.9229248,
            5.101977,
            4.504983,
            4.795346,
            3.4024513,
            4.8867855,
            2.2924566,
            4.8018384,
            4.042015,
            27.261131,
            78.20173,
            552.0075,
            123.34992,
            29.955608,
            342.012,
            29.96046,
            31.632532,
            5.23887,
            9.839038,
            8.047455,
            252.61755,
            7.9452143,
            97.61573,
            98.75926,
            6.7913227,
            28.600346,
            38.70052,
            11.7032795,
            7.061014,
            5.518123,
            29.385035,
            347.28735,
            3.7257621,
            42.183636,
            29.010723,
            216.02371,
            7.590847,
            14.713832,
            47.81539,
            6.336282,
            4.357935,
            94.97216,
            7.710562,
            6.134638,
            654.5477,
            165.65356,
            33.16016,
            118.65855,
            7.724402,
            53.241905,
            121.133804,
            28.642221,
            22.716724,
            37.205826,
            7.788744,
            8.057931,
            13.548497,
            358.79617,
            5.6410832,
            10.926733,
            5.907257,
            7.104815,
            4.4288697,
            7.7011213,
            7.0546308,
            25.34892,
            215.98775,
            60.25278,
            26.577185,
            28.240261,
            6.809936,
            3.9406505,
            101.174194,
            103.25369,
            5.340939,
            3.0134897,
            11.285275,
            94.75663,
            19.155622,
            3.9158766,
            7.931219,
            300.4468,
            264.8715,
            12.638954,
            26.709679,
            223.11966,
            24.928402,
            94.40478,
            12.574788,
            20.766397,
            122.82592,
            38.055954,
            98.768845,
            12.145427,
            5.098562,
            21.590784,
            11.084096,
            116.98462,
            3.6530302,
            6.73186,
            3.3203034,
            4.751687,
            4.204591,
            4.3560224,
            2.7444768,
            4.4915924,
            1.9268982,
            4.3412743,
            3.6668708,
            26.33409,
            75.92258,
            555.7196,
            123.32669,
            28.951977,
            342.30167,
            28.161339,
            32.458115,
            4.0698357,
            6.1622095,
            5.8851037,
            250.29097,
            5.9815025,
            96.59341,
            98.49316,
            5.203048,
            30.069443,
            38.66912,
            12.046087,
            6.5379395,
            5.216323,
            28.168097,
            343.89432,
            4.6682997,
            40.315517,
            28.503208,
            217.43587,
            6.545766,
            15.258737,
            44.530945,
            3.6817706,
            4.663198,
            95.6502,
            6.6851025,
            5.7041793,
            652.42017,
            171.5049,
            33.3687,
            121.02795,
            6.885227,
            51.63247,
            124.94924,
            27.74989,
            25.521696,
            37.034504,
            6.845462,
            6.9592295,
            10.668067,
            364.82465,
            4.875315,
            9.767684,
            4.889511,
            5.515687,
            3.3093748,
            6.034538,
            5.1900826,
            26.245733,
            216.74663,
            65.40104,
            27.653898,
            32.498657,
            7.361026,
            5.6755366,
            101.31621,
            101.53105,
            5.7847977,
            4.1325297,
            11.172389,
            93.32839,
            20.665972,
            3.935075,
            9.261365,
            292.9786,
            265.3287,
            12.852561,
            26.268362,
            222.21446,
            24.673855,
            93.44425,
            12.954478,
            21.333073,
            123.19748,
            37.496243,
            96.02315,
            12.208491,
            4.958814,
            21.47692,
            10.6880045,
            115.684616,
            2.8908136,
            6.5403976,
            2.6755853,
            3.9582121,
            3.5845842,
            4.3764114,
            2.9037454,
            4.8297243,
            1.8949317,
            4.729383,
            4.3747663,
            25.831635,
            76.34862,
            548.2659,
            122.98136,
            28.547586,
            340.49567,
            28.988876,
            30.826954,
            4.6982822,
            6.902883,
            6.388068,
            254.0694,
            7.1930594,
            95.883095,
            98.11689,
            5.9685507,
            28.709427,
            36.813988,
            11.228698,
            6.739337,
            5.7505913,
            28.578886,
            345.87045,
            4.1627545,
            40.724,
            28.291815,
            214.23494,
            7.223304,
            14.6981125,
            43.75431,
            4.4763436,
            4.1578054,
            95.258385,
            7.022595,
            5.920144,
            641.29034,
            167.83864,
            33.78875,
            119.55173,
            7.155305,
            52.05195,
            121.221725,
            28.279354,
            23.098936,
            37.425797,
            7.4222126,
            7.28334,
            11.891979,
            354.9362,
            5.7997518,
            10.759308,
            5.845918,
            7.106949,
            3.4982178,
            6.4458194,
            5.671559,
            25.611095,
            215.0829,
            63.55204,
            28.225157,
            30.19834,
            7.185512,
            4.299942,
            101.6692,
            101.4685,
            5.5815244,
            3.3266706
        ],
        "checkpoints": [
            {
                "batch_id": 100,