{
    "perfs_self_play": {
        "time": 989.152102044,
        "allocated": 1979849847954,
        "gc_time": 384.833045917
    },
    "perfs_memory_analysis": {
        "time": 3.28e-7,
        "allocated": 0,
        "gc_time": 0
    },
    "perfs_learning": {
        "time": 493.500833497,
        "allocated": 852854126531,
        "gc_time": 132.038489832
    },
    "self_play": {
        "samples_gen_speed": 2.4643330365477256,
        "average_exploration_depth": 1.9310744170483585,
        "mcts_memory_footprint": 276367040,
        "memory_size": 6000,
        "memory_num_distinct_boards": 5290
    },
    "memory": null,
    "learning": {
        "time_convert": 1.069039718,
        "time_loss": 12.711893695,
        "time_train": 13.432383912999999,
        "time_eval": 462.149677271,
        "initial_status": {
            "loss": {
                "L": 0.058607485,
                "Lp": 0.03742335,
                "Lv": 0.020069845,
                "Lreg": 0.00023871088,
                "Linv": -1.2312084e-9
            },
            "Hp": 3.231469,
            "Hpnet": 3.2665272
        },
        "losses": [
            0.058822114,
            0.050492052,
            0.06175552,
            0.110167444,
            0.06786781,
            0.0573759,
            0.032642923,
            0.024421027,
            0.07442624,
            0.06963142,
            0.09165596,
            0.04224986,
            0.062336516,
            -0.022437133,
            0.10070443,
            0.052303806,
            0.058624346,
            0.12729801,
            0.03803809,
            0.04706692,
            0.101340406,
            0.06273254,
            -0.02380946,
            0.02597929,
            0.028151393,
            0.09243886,
            0.1237809,
            0.11348553,
            0.04868078,
            0.052800324,
            0.0653642,
            0.024082802,
            0.12535138,
            0.05921628,
            0.035574432,
            0.07009303,
            0.063948125,
            0.014344574,
            0.075755775,
            0.0924294,
            0.00059787853,
            0.05098529,
            -0.026121693,
            -0.0012570347,
            0.0931298,
            0.022253567,
            0.09301718,
            0.09797824,
            0.0107989665,
            0.11076233,
            -0.0052798125,
            0.00013971845,
            0.04863319,
            0.051448464,
            0.09947528,
            -0.023052642,
            0.06299995,
            0.042271886,
            0.09840733,
            0.030320318,
            -0.0070066024,
            0.059312206,
            0.055626836,
            0.10263354,
            0.047798436,
            0.006455795,
            0.06736867,
            0.1285032,
            0.12959658,
            0.10546892,
            0.009783487,
            0.09977437,
            0.048716553,
            0.07574461,
            0.08140401,
            0.12747853,
            0.08067963,
            0.0276146,
            0.121058315,
            0.08460318,
            0.019532586,
            0.02531823,
            0.06062711,
            0.046746116,
            0.061657112,
            0.10979558,
            0.06856589,
            0.058647446,
            0.037534837,
            0.02504873,
            0.075014375,
            0.0696476,
            0.09188037,
            0.041286197,
            0.064013466,
            -0.022560595,
            0.101572484,
            0.05418486,
            0.05650424,
            0.12832972,
            0.03523903,
            0.04623061,
            0.101433724,
            0.06291365,
            -0.025012681,
            0.029125081,
            0.032433707,
            0.09316733,
            0.12293843,
            0.113602884,
            0.05001263,
            0.049065664,
            0.062654406,
            0.023849411,
            0.12579924,
            0.059509236,
            0.034908243,
            0.06943782,
            0.06367892,
            0.013849696,
            0.07307416,
            0.093083166,
            0.0012160622,
            0.050846178,
            -0.0259431,
            -0.004507629,
            0.093578674,
            0.023354815,
            0.09330405,
            0.09758045,
            0.01172068,
            0.110939026,
            -0.0025473996,
            -1.0296498e-5,
            0.04869598,
            0.048307788,
            0.101488516,
            -0.022453189,
            0.061501782,
            0.042647246,
            0.09883157,
            0.030725975,
            -0.0068079815,
            0.058990408,
            0.04731089,
            0.10222312,
            0.047753226,
            0.010715624,
            0.06782358,
            0.12928297,
            0.13398525,
            0.1087249,
            0.010235506,
            0.100139804,
            0.04839944,
            0.075490244,
            0.07932449,
            0.12843378,
            0.082528464,
            0.027074853,
            0.11894482,
            0.083625846,
            0.02006396,
            0.025161648,
            0.06643989,
            0.045784634,
            0.059032433,
            0.10911028,
            0.06846009,
            0.054616053,
            0.03868954,
            0.01931888,
            0.07599998,
            0.068739645,
            0.09158009,
            0.043560904,
            0.06231519,
            -0.023130778,
            0.09892372,
            0.051883005,
            0.05716846,
            0.12843944,
            0.034345396,
            0.046121806,
            0.10063597,
            0.06233814,
            -0.028352726,
            0.026691869,
            0.026266513,
            0.09247686,
            0.122832336,
            0.11348001,
            0.048451804,
            0.04746327,
            0.062063783,
            0.02548976,
            0.12427113,
            0.06032037,
            0.03618543,
            0.0706169,
            0.06462597,
            0.013402677,
            0.0696204,
            0.09083643,
            0.0038954287,
            0.05132193,
            -0.02601649,
            -0.0058521726,
            0.091896154,
            0.02337974,
            0.0929835,
            0.097209364,
            0.011251729,
            0.11052738,
            -0.003464943,
            -0.00037900906,
            0.047771387,
            0.046650253,
            0.10369557,
            -0.02248508,
            0.061432276,
            0.04247635,
            0.097617134,
            0.03062839,
            -0.006131361,
            0.05901945,
            0.04893544,
            0.10062147,
            0.047393624,
            0.008497052,
            0.067693986,
            0.1274047,
            0.1341291,
            0.106347226,
            0.010303282,
            0.10032755,
            0.049521454,
            0.07542508,
            0.079487845,
            0.12726891,
            0.08041337,
            0.02794339,
            0.118838355,
            0.08400557,
            0.018478712,
            0.025679767
        ],
        "checkpoints": [
            {
                "batch_id": 82,
                "evaluation": {
                    "legend": "Most recent NN versus best NN so far",
                    "avgr": -0.0625,
                    "redundancy": 0,