{
    "perfs_self_play": {
        "time": 351.351479189,
        "allocated": 705645999129,
        "gc_time": 92.668418905
    },
    "perfs_memory_analysis": {
        "time": 3.82e-7,
        "allocated": 0,
        "gc_time": 0
    },
    "perfs_learning": {
        "time": 395.66800705,
        "allocated": 611372722212,
        "gc_time": 86.291210487
    },
    "self_play": {
        "samples_gen_speed": 7.380910616857743,
        "average_exploration_depth": 1.9972651530159646,
        "mcts_memory_footprint": 88751936,
        "memory_size": 2580,
        "memory_num_distinct_boards": 2383
    },
    "memory": null,
    "learning": {
        "time_convert": 1.12278196,
        "time_loss": 8.677844698,
        "time_train": 41.189977653,
        "time_eval": 340.22381672,
        "initial_status": {
            "loss": {
                "L": 0.8442363,
                "Lp": 0.35688338,
                "Lv": 0.48563358,
                "Lreg": 0.00032600528,
                "Linv": 4.8840315e-10
            },
            "Hp": 2.726022,
            "Hpnet": 3.117055
        },
        "losses": [
            0.73267484,
            0.44133252,
            0.32425857,
            0.40492088,
            0.37553436,
            0.4196583,
            0.39745095,
            0.3043784,
            0.3472303,
            0.30011335,
            0.3370287,
            0.2815333,
            0.35989305,
            0.34633163,
            0.38856062,
            0.36261237,
            0.26508218,
            0.3652774,
            0.25918773,
            0.3811716,
            0.25253236,
            0.2877173,
            0.3835264,
            0.37045467,
            0.35514423,
            0.27674514,
            0.32231343,
            0.28902304,
            0.32784528,
            0.2634071,
            0.3341654,
            0.32536247,
            0.36698556,
            0.3503407,
            0.24975933,
            0.3518805,
            0.24560142,
            0.3270198,
            0.2206559,
            0.2801621,
            0.32740688,
            0.3475073,
            0.34447753,
            0.25385982,
            0.29897016,
            0.262144,
            0.29957038,
            0.23917994,
            0.31744197,
            0.3084444,
            0.35018378,
            0.33220062,
            0.241722,
            0.33557814,
            0.22875859,
            0.3128021,
            0.20114025,
            0.26901913,
            0.3119156,
            0.34117934,
            0.34022626,
            0.24892487,
            0.2942975,
            0.25612777,
            0.29047915,
            0.23208724,
            0.31330398,
            0.306549,
            0.3523652,
            0.3270625,
            0.23897919,
            0.33435884
        ],
        "checkpoints": [
            {
                "batch_id": 18,
                "evaluation": {
                    "legend": "Most recent NN versus best NN so far",
                    "avgr": -0.25,
                    "redundancy": 0,
                    "rewards": [
                        0,
                        0,
                        0,
                        -1,
                        -1,
                        -1,
                        -1,
                        -1,
                        0,
                        -1,
                        -1,
                        -1,
                        -1,
                        -1,
                        -1,
                        -1,
                        -1,
                        -1,
                        -1,
                        -1,
                        -1,
                        0,
                        -1,
                        -1,
                        -1,
                        -1,
                        -1,
                        -1,
                        -1,
                        0,
                        -1,
                        -1
                    ],
                    "baseline_rewards": [
                        0,
                        -1,
                        0,
                        -1,
                        0,
                        0,
                        -1,
                        0,
                        0,
                        -1,
                        0,
                        -1,
                        -1,
                        0,
                        0,
                        -1,
                        -1,
                        -1,
                        -1,
                        0,
                        -1,
                        -1,
                        0,
                        -1,
                        -1,
                        0,
                        -1,
                        -1,
                        -1,
                        0,
                        -1,
                        0
                    ],
                    "time": 86.185199506
                },
                "status_after": {
                    "loss": {
                        "L": 0.31861386,
                        "Lp": 0.26746404,
                        "Lv": 0.049984403,
                        "Lreg": 0.00033794052,
                        "Linv": -8.6480817e-10
                    },
                    "Hp": 2.726022,
                    "Hpnet": 2.9819748
                },
                "nn_replaced": false
            },
            {
                "batch_id": 36,
                "evaluation": {
                    "legend": "Most recent NN versus best NN so far",
                    "avgr": -0.0625,
                    "redundancy": 0,
                    "rewards": [
                        0,
                        -1,
                        -1,
                        -1,
                        -1,
                        -1,
                        -1,
                        -1,
                        -1,
                        0,
                        -1,
                        -1,
                        -1,
                        0,
                        -1,
                        -1,
                        -1,
                        -1,
                        0,
                        -1,
                        -1,
                        0,
                        -1,
                        -1,
                        -1,
                        -1,
                        -1,
                        -1,
                        -1,
                        -1,
                        -1,
                        -1
                    ],
                    "baseline_rewards": [
                        -1,
                        0,
                        -1,
                        -1,
                        -1,
                        -1,
                        -1,
                        0,
                        0,
                        -1,
                        -1,
                        -1,
                        -1,
                        -1,
                        -1,
                        -1,
                        0,
                        -1,
                        0,
                        -1,
                        -1,
                        -1,
                        -1,
                        -1,
                        -1,
                        -1,
                        -1,
                        0,
                        -1,
                        0,
                        -1,
                        -1
                    ],
                    "time": 87.89402455199999
                },
                "status_after": {
                    "loss": {
                        "L": 0.30290595,
                        "Lp": 0.25255957,
                        "Lv": 0.049225777,
                        "Lreg": 0.0003323107,
                        "Linv": 1.3007944e-9
                    },