{
    "perfs_self_play": {
        "time": 1480.857489446,
        "allocated": 3048091602097,
        "gc_time": 448.070374789
    },
    "perfs_memory_analysis": {
        "time": 4.43e-7,
        "allocated": 0,
        "gc_time": 0
    },
    "perfs_learning": {
        "time": 879.176516768,
        "allocated": 1542488266310,
        "gc_time": 187.371451584
    },
    "self_play": {
        "samples_gen_speed": 2.756098288571978,
        "average_exploration_depth": 2.519615114045036,
        "mcts_memory_footprint": 201975840,
        "memory_size": 7000,
        "memory_num_distinct_boards": 6356
    },
    "memory": null,
    "learning": {
        "time_convert": 1.097300689,
        "time_loss": 9.724684872000001,
        "time_train": 44.771429369,
        "time_eval": 818.565440898,
        "initial_status": {
            "loss": {
                "L": 31.07971,
                "Lp": 0.48382273,
                "Lv": 30.936935,
                "Lreg": 0.000600154,
                "Linv": -7.5379494e-11
            },
            "Hp": 2.3883708,
            "Hpnet": 2.909246
        },
        "losses": [
            24.237122,
            22.932602,
            2.8397374,
            2.586376,
            1.3770345,
            1.5967511,
            6.505534,
            2.690349,
            1.1849984,
            1.2363256,
            3.0608518,
            2.5446184,
            1.3254061,
            1.5104007,
            54.264275,
            23.606182,
            4.666294,
            142.81342,
            5.551867,
            4.685069,
            2.954512,
            2.3911712,
            1.2354791,
            24.750238,
            3.3133874,
            4.6565785,
            4.6145406,
            4.0016694,
            3.4349566,
            3.5508826,
            71.85842,
            2.8389032,
            13.4876375,
            2.6007898,
            4.242541,
            3.6770384,
            1.5228949,
            2.1337686,
            52.777893,
            1.9997725,
            4.565372,
            1.8650392,
            2.0520482,
            20.762096,
            1.7656815,
            183.13004,
            15.2032795,
            1.400897,
            3.6227095,
            136.76968,
            1.3130391,
            26.754868,
            88.21485,
            860.6312,
            77.09487,
            3.3393254,
            21.709648,
            41.487957,
            20.585163,
            3.142092,
            2.3808746,
            7.16777,
            48.528145,
            5.6907654,
            2.6981838,
            3.436425,
            6.5721674,
            2.9631033,
            265.32462,
            2.9049418,
            5.0136704,
            2.527607,
            21.068384,
            44.13428,
            15.62921,
            4.964484,
            2.1139045,
            2.3243856,
            2.2057862,
            2.483133,
            1.011443,
            2.622061,
            1.7260925,
            14.653474,
            137.43219,
            2.1253538,
            17.073782,
            1.682421,
            1.3186157,
            1.0985515,
            1.7857603,
            54.60886,
            22.963978,
            139.98456,
            23.542393,
            6.6748476,
            184.95058,
            20.46613,
            2.8790052,
            23.497082,
            22.625225,
            2.9439738,
            2.6846771,
            1.4009391,
            1.535827,
            6.24668,
            2.674404,
            1.0480698,
            1.1105007,
            3.0231395,
            2.6137586,
            1.1309074,
            1.5719938,
            54.32226,
            24.026503,
            4.7057905,
            143.03313,
            5.394554,
            4.694719,
            2.9937782,
            2.6104608,
            1.3657228,
            24.498608,
            3.507508,
            4.7707286,
            4.7787585,
            3.928267,
            3.5538468,
            3.7019205,
            71.35007,
            2.9492774,
            13.135014,
            2.5820045,
            4.430752,
            3.6664171,
            1.6102493,
            2.2153857,
            52.347057,
            2.0091374,
            4.567291,
            1.9286722,
            2.081095,
            20.90041,
            1.7967751,
            182.8469,
            15.09503,
            1.3714861,
            3.5724595,
            136.68077,
            1.246417,
            26.808191,
            87.78002,
            854.2034,
            77.09974,
            3.169185,
            22.100342,
            41.17144,
            20.558283,
            3.1101258,
            2.3098042,
            6.9837656,
            48.086216,
            5.6922073,
            2.7106469,
            3.5280848,
            6.7925153,
            3.0040689,
            266.28134,
            2.8233676,
            4.669236,
            2.5787153,
            19.914268,
            43.64376,
            15.50829,
            5.0172586,
            2.219275,
            2.5212576,
            2.5710075,
            2.478842,
            1.0416518,
            2.7220888,
            1.583038,
            14.742793,
            137.77763,
            2.0265303,
            17.070879,
            1.9704715,
            1.2775657,
            1.0778857,
            1.7895129,
            54.06484,
            22.468485,
            140.32124,
            24.064768,
            6.749879,
            185.68037,
            20.617752,
            2.7848608,
            23.019867,
            22.441265,
            2.8696656,
            2.6102908,
            1.4419693,
            1.5458009,
            5.7292447,
            2.7315278,
            1.1128281,
            1.1974659,
            2.9087985,
            2.8078527,
            1.1804725,
            1.6075605,
            53.109997,
            23.798159,
            4.7051167,
            143.81201,
            5.442921,
            4.886044,
            3.0038056,
            2.5681736,
            1.332956,
            24.576986,
            3.482052,
            4.591542,
            4.718593,
            3.7960393,
            3.4746504,
            3.5960836,
            70.54521,
            2.8743794,
            13.4598255,
            2.5475295,
            4.1037483,
            3.590918,
            1.6127404,
            2.2525034,
            51.84198,
            2.0508537,
            4.610684,
            2.227335,
            2.197307,
            20.829546,
            1.8591359,
            181.46495,
            14.905607,
            1.4000094,
            3.655346,
            136.73508,
            1.3256695,
            27.094534,
            87.86852,
            847.99066,
            76.928894,
            3.1291823,
            22.267523,
            41.013004,
            20.382917,
            3.310981,
            2.5344198,
            7.415063,
            47.788277,
            6.0867615,
            2.809933,
            3.582046,
            7.0090585,
            3.1604187,
            265.41452,
            3.2191544,
            5.4590125,
            2.7806473,
            19.139994,
            42.641026,
            15.452247,
            5.5186515,
            2.5127668,
            3.1323311,
            2.8882756,
            2.6517184,
            1.1799494,
            3.230079,
            2.7405975,
            15.296791,
            137.2731,
            2.0701013,
            17.014082,
            1.8288957,
            1.2783567,
            1.1699694,
            1.7254981,
            53.351467,
            22.812746,
            139.89807,
            24.361708,
            6.558523,
            184.08229,
            19.939014,
            2.8252194
        ],
        "checkpoints": [
            {
                "batch_id": 99,