{
    "perfs_self_play": {
        "time": 21.464010305,
        "allocated": 5379460408,
        "gc_time": 0.740608413
    },
    "perfs_memory_analysis": {
        "time": 3.61e-7,
        "allocated": 0,
        "gc_time": 0
    },
    "perfs_learning": {
        "time": 55.266730078,
        "allocated": 28474825728,
        "gc_time": 2.95443734
    },
    "self_play": {
        "samples_gen_speed": 19.67238474254807,
        "average_exploration_depth": 0.875,
        "mcts_memory_footprint": 1636320,
        "memory_size": 6300,
        "memory_num_distinct_boards": 6300
    },
    "memory": null,
    "learning": {
        "time_convert": 1.721671979,
        "time_loss": 24.599261542,
        "time_train": 1.7352603919999998,
        "time_eval": 14.564031118,
        "initial_status": {
            "loss": {
                "L": 166050670000000000,
                "Lp": 0.93359023,
                "Lv": 166050670000000000,
                "Lreg": 7.245529e-8,
                "Linv": -19.571426
            },
            "Hp": 1.6459734,
            "Hpnet": 2.5795648
        },
        "losses": [
            220915560000000000,
            163314200000000000,
            220915560000000000,
            59220070000000000,
            220876320000000000,
            220916040000000000,
            59220070000000000,
            203357250000000000,
            220876320000000000,
            163314200000000000,
            59220070000000000,
            220876390000000000,
            220067900000000000,
            6636842000000000,
            203357250000000000,
            26547347000000000,
            220911400000000000,
            220718200000000000,
            215506750000000000,
            220718200000000000,
            203357250000000000,
            104805740000000000,
            203357250000000000,
            163314200000000000,
            220916100000000000,
            215506750000000000,
            26547347000000000,
            26547347000000000,
            6636842000000000,
            220916040000000000,
            26547347000000000,
            220911330000000000,
            220718150000000000,
            220915560000000000,
            59220070000000000,
            104805740000000000,
            6636842000000000,
            220915920000000000,
            220915560000000000,
            163314200000000000,
            220911330000000000,
            220916040000000000,
            59220070000000000,
            6636842000000000,
            59220070000000000,
            220067840000000000,
            215506680000000000,
            59220070000000000,
            215506680000000000,
            220718150000000000,
            6636842000000000,
            163314200000000000,
            59220070000000000,
            220915920000000000,
            220915560000000000,
            220911330000000000,
            104805740000000000,
            220067840000000000,
            6636842000000000,
            220911330000000000,
            6636842000000000,
            220718150000000000,
            59220070000000000,
            26547347000000000,
            220916040000000000,
            220876320000000000,
            220911330000000000,
            220911330000000000,
            6636842000000000,
            220911330000000000,
            220916040000000000,
            163314200000000000,
            203357250000000000,
            220915920000000000,
            220911330000000000,
            220876320000000000,
            163314200000000000,
            26547347000000000,
            220915920000000000,
            220911330000000000,
            104805740000000000,
            6636842000000000,
            203357250000000000,
            215506680000000000,
            104805740000000000,
            163314200000000000,
            203357250000000000,
            220916040000000000,
            26547347000000000,
            215506680000000000,
            215506680000000000,
            220067840000000000,
            104805740000000000,
            220915920000000000,
            220915560000000000,
            220916040000000000,
            104805740000000000,
            6636842000000000,
            59220070000000000,
            59220070000000000,
            26547347000000000,
            220911330000000000,
            203357250000000000,
            203357250000000000,
            6636842000000000,
            220876320000000000,
            220067840000000000,
            26547347000000000,
            220915560000000000,
            203357250000000000,
            220067840000000000,
            220718150000000000,
            220915560000000000,
            220876320000000000,
            220876320000000000,
            220718150000000000,
            220067840000000000,
            203357250000000000,
            26547347000000000,
            59220070000000000,
            220718150000000000,
            220915920000000000,
            104805740000000000,
            220911330000000000,
            6636842000000000,
            26547347000000000,
            220718150000000000,
            220067840000000000,
            163314200000000000,
            203357250000000000,
            220876320000000000,
            220067840000000000,
            26547347000000000,
            220067840000000000,
            203357250000000000,
            220916040000000000,
            59220070000000000,
            6636842000000000,
            220718150000000000,
            163314200000000000,
            26547347000000000,
            104805740000000000,
            59220070000000000,
            59220070000000000,
            220915920000000000,
            220915920000000000,
            203357250000000000,
            220718150000000000,
            220911330000000000,
            220915920000000000,
            215506680000000000,
            104805740000000000,
            220718150000000000,
            220915560000000000,
            220916040000000000,
            220718150000000000,
            220916040000000000,
            220067840000000000,
            203357250000000000,
            104805740000000000,
            59220070000000000,
            220911330000000000,
            6636842000000000,
            104805740000000000,
            6636842000000000,
            203357250000000000,
            215506680000000000,
            215506680000000000,
            220067840000000000,
            104805740000000000,
            220915560000000000,
            203357250000000000,
            220876320000000000,
            104805740000000000,
            59220070000000000,
            163314200000000000,
            59220070000000000,
            26547347000000000,
            220718150000000000,
            220915920000000000,
            104805740000000000,
            220915920000000000,
            220067840000000000,
            220876320000000000,
            203357250000000000,
            203357250000000000,
            215506680000000000,
            220915560000000000,
            220911330000000000,
            220718150000000000,
            104805740000000000,
            220915560000000000,
            220911330000000000,
            220876320000000000,
            220067840000000000,
            220915560000000000,
            59220070000000000,
            220915560000000000,
            220911330000000000,
            220915560000000000,
            203357250000000000,
            163314200000000000,
            6636842000000000,
            6636842000000000,
            163314200000000000,
            215506680000000000,
            26547347000000000,
            59220070000000000,
            220915610000000000,
            163314200000000000,
            163314200000000000,
            203357250000000000,
            203357250000000000,
            220911400000000000,
            220915970000000000,
            104805740000000000,
            203357250000000000,
