{
    "perfs_self_play": {
        "time": 1765.627522824,
        "allocated": 3041024608949,
        "gc_time": 709.495012167
    },
    "perfs_memory_analysis": {
        "time": 3.61e-7,
        "allocated": 0,
        "gc_time": 0
    },
    "perfs_learning": {
        "time": 715.487415729,
        "allocated": 1107700970403,
        "gc_time": 206.163752403
    },
    "self_play": {
        "samples_gen_speed": 2.7562753254346615,
        "average_exploration_depth": 2.392948701966551,
        "mcts_memory_footprint": 406817856,
        "memory_size": 7000,
        "memory_num_distinct_boards": 6525
    },
    "memory": null,
    "learning": {
        "time_convert": 0.872746024,
        "time_loss": 15.108543455,
        "time_train": 16.013663518999998,
        "time_eval": 678.505285896,
        "initial_status": {
            "loss": {
                "L": 0.8916053,
                "Lp": 0.17467245,
                "Lv": 0.71518,
                "Lreg": 0.00016543089,
                "Linv": -3.2489406e-10
            },
            "Hp": 2.5613375,
            "Hpnet": 2.784224
        },
        "losses": [
            0.93306243,
            0.7754812,
            0.8415309,
            1.0227752,
            0.8927345,
            0.99661905,
            1.1766808,
            0.90129334,
            0.863286,
            1.1373407,
            0.6745101,
            0.6227141,
            0.84114105,
            0.9784829,
            0.74697125,
            0.7700309,
            0.8504019,
            0.7075092,
            0.9260866,
            0.90957344,
            1.0607455,
            0.8578461,
            0.75581616,
            1.0744387,
            0.9213563,
            1.124506,
            0.85264266,
            0.84949356,
            0.9249283,
            0.9585898,
            0.95562315,
            0.8721888,
            0.8014436,
            0.88115185,
            1.0199196,
            0.7516377,
            0.9073965,
            0.99960023,
            0.8337725,
            0.81598705,
            0.7969995,
            0.64689094,
            1.091546,
            0.929342,
            0.92709607,
            1.0330871,
            0.74154973,
            0.810307,
            0.84751904,
            0.75690824,
            0.795965,
            0.812808,
            0.9727248,
            1.1361183,
            0.73478067,
            0.897094,
            0.83702374,
            0.9086486,
            1.0030551,
            1.049459,
            0.7441707,
            0.86988294,
            0.76556623,
            0.8625945,
            0.87804586,
            0.84878564,
            0.8331047,
            0.8735941,
            0.77181566,
            1.1514118,
            1.0235431,
            0.8577706,
            0.73773515,
            1.0143278,
            1.0244375,
            1.0803547,
            0.8115033,
            0.8617067,
            0.83267355,
            0.7879569,
            0.9360389,
            0.8788434,
            1.0038542,
            0.96304816,
            0.9963124,
            0.8958149,
            0.9433251,
            0.82297957,
            0.74887544,
            0.90679085,
            1.0191466,
            0.81939465,
            0.49161473,
            1.014739,
            1.0036008,
            1.0569955,
            0.77585095,
            0.94019717,
            0.818377,
            0.78856665,
            0.68644464,
            0.9326674,
            0.8258072,
            0.90182656,
            0.9384527,
            0.83063346,
            0.9135191,
            1.0655631,
            0.8456435,
            0.8356261,
            1.1702946,
            0.68553835,
            0.6837607,
            0.84720945,
            0.9988051,
            0.7345357,
            0.7623602,
            0.84379894,
            0.7201577,
            0.91297805,
            0.91380554,
            1.0328209,
            0.8469724,
            0.76589346,
            1.090706,
            0.9480327,
            1.0829885,
            0.8379694,
            0.86698365,
            0.8684756,
            0.945823,
            0.92738533,
            0.8355953,
            0.7973559,
            0.90038794,
            1.0153741,
            0.70156395,
            0.88262725,
            0.9794525,
            0.81602347,
            0.81816125,
            0.8110776,
            0.6215475,
            1.0880758,
            0.89705026,
            0.9207699,
            0.98052907,
            0.78565943,
            0.79219896,
            0.8482528,
            0.73472893,
            0.776795,
            0.8287768,
            0.9407104,
            1.1723441,
            0.7029071,
            0.88403416,
            0.8241824,
            0.8858253,
            0.9960283,
            1.0267279,
            0.75551045,
            0.8463043,
            0.75530446,
            0.8457732,
            0.89178514,
            0.8419878,
            0.83628136,
            0.8700863,
            0.7721084,
            1.1371913,
            0.9856639,
            0.84727955,
            0.71658343,
            1.0049094,
            1.0082116,
            1.0455184,
            0.791495,
            0.82355756,
            0.8251999,
            0.73510987,
            0.9344072,
            0.9032191,
            1.0167857,
            0.9370247,
            0.9992663,
            0.887348,
            0.9513474,
            0.82554597,
            0.7403684,
            0.9053907,
            0.96954864,
            0.79255676,
            0.49941397,
            1.0005692,
            0.99283385,
            1.0569881,
            0.7048114,
            0.90520793,
            0.76081336,
            0.7245921,
            0.6415262,
            0.9027152,
            0.8023251,
            0.8979738,
            0.9790528,
            0.851285,
            0.92323744,
            1.0598198,
            0.8516128,
            0.8050025,
            1.1436862,
            0.67793906,
            0.6341254,
            0.8379609,
            0.9410599,
            0.7220652,
            0.7514398,
            0.81939906,
            0.72551984,
            0.88996947,
            0.8909714,
            1.0037149,
            0.85034174,
            0.7290347,
            1.0862184,
            0.9397569,
            1.0547421,
            0.8260842,
            0.8380271,
            0.88297075,
            0.9418211,
            0.93868273,
            0.8038683,
            0.79771894,
            0.91626567,
            0.9976783,
            0.6959846,
            0.8720096,
            0.9741152,
            0.828345,
            0.8210764,
            0.8319597,
            0.61242914,
            1.0722849,
            0.8782392,
            0.90739787,
            0.95599926,
            0.78488654,
            0.7795502,
            0.84213746,
            0.74239683,
            0.7713643,
            0.8168551,
            0.9300532,
            1.1398109,
            0.7054231,
            0.88927037,
            0.83205193,
            0.8856947,
            0.99427974,
            1.0289215,
            0.7550735,
            0.8485691,
            0.7614618,
            0.8377193,
            0.8869333,
            0.8494229,
            0.8351877,
            0.8675868,
            0.7754471,
            1.1124394,
            0.9730128,
            0.85150063,
            0.712307,
            1.009067,
            1.0134734,
            1.0491062,
            0.78539795,
            0.82195914,
            0.8362652,
            0.7393376,
            0.928154,
            0.8946024,
            1.0017927,
            0.9291214,
            1.0085964,
            0.89066625,
            0.94593894,
            0.83887845,
            0.74656886,
            0.9150039,
            0.96367127,
            0.8092388,
