{
    "perfs_self_play": {
        "time": 2451.738979316,
        "allocated": 4301770849500,
        "gc_time": 1000.649366874
    },
    "perfs_memory_analysis": {
        "time": 4.84e-7,
        "allocated": 0,
        "gc_time": 0
    },
    "perfs_learning": {
        "time": 911.113472889,
        "allocated": 1438850953767,
        "gc_time": 266.269807974
    },
    "self_play": {
        "samples_gen_speed": 1.5996412923364283,
        "average_exploration_depth": 4.3638337313741475,
        "mcts_memory_footprint": 301167424,
        "memory_size": 3917,
        "memory_num_distinct_boards": 3499
    },
    "memory": null,
    "learning": {
        "time_convert": 0.611134942,
        "time_loss": 8.115508671999999,
        "time_train": 47.856031533,
        "time_eval": 849.599807931,
        "initial_status": {
            "loss": {
                "L": 4493.364,
                "Lp": 0.7154512,
                "Lv": 4350.9287,
                "Lreg": 0.0003126924,
                "Linv": 2.7231981e-9
            },
            "Hp": 2.3696594,
            "Hpnet": 3.1109152
        },
        "losses": [
            846.5498,
            4.2797413,
            797.2293,
            5.538177,
            14.291414,
            1100.7067,
            120.83159,
            52.964287,
            34.51779,
            666.3518,
            202.42056,
            16.562464,
            8085.2383,
            8052.6953,
            47.235,
            37.40786,
            1373.3773,
            41.453743,
            38.056835,
            50.754105,
            35.73011,
            83.25064,
            130.698,
            662.44305,
            43.187523,
            27.604885,
            119823.58,
            8042.2344,
            49.00126,
            23297.469,
            49.99163,
            46.764236,
            57.134895,
            76.77807,
            64.013756,
            82.97146,
            104.04719,
            1730.3077,
            250.22812,
            61.79704,
            7954.27,
            225.24547,
            183.1868,
            46.71102,
            60.59058,
            2424.9236,
            40.02174,
            36.053913,
            26.281284,
            33.668915,
            27.805885,
            22.64528,
            58.46583,
            15.556415,
            188.89157,
            87.11696,
            46.537117,
            29.360695,
            54.494873,
            7.9078984,
            8.449169,
            10.892057,
            4267.3237,
            233386.77,
            130.65329,
            42.448505,
            112.59272,
            47.10972,
            8044.6978,
            47.318844,
            44.992565,
            103.997215,
            7977.6973,
            61.249336,
            42.447266,
            88.616905,
            32.952854,
            43.76039,
            7957.257,
            44.665543,
            34.434162,
            138.5892,
            204.89316,
            41.0121,
            1822.1686,
            44.107754,
            644.0695,
            45.76901,
            101.6105,
            248.03607,
            645.47217,
            86.97282,
            50.52251,
            35.51202,
            40.58429,
            40.594193,
            7993.677,
            28.0708,
            34.74077,
            88.05523,
            33.104076,
            1795.3792,
            31.931854,
            54.78359,
            22.89338,
            676.0952,
            26.611897,
            26.434052,
            24.19946,
            668.3005,
            28.172733,
            743.76495,
            32.331215,
            39.174488,
            1032.6611,
            118.55134,
            67.70264,
            43.807755,
            665.20435,
            198.18591,
            19.932812,
            8033.019,
            8122.822,
            44.48514,
            29.322578,
            1377.7684,
            29.242863,
            22.886597,
            38.372276,
            31.441422,
            81.48517,
            108.57028,
            659.24457,
            48.313828,
            26.379625,
            119261.52,
            8009.91,
            49.7995,
            23138.094,
            35.53663,
            32.06571,
            42.097675,
            69.71069,
            41.010757,
            59.37973,
            88.23645,
            1700.6992,
            225.14853,
            54.315067,
            7917.892,
            221.69362,
            161.78474,
            49.58219,
            58.21824,
            2442.2732,
            36.14697,
            41.151657,
            33.625103,
            40.86695,
            28.437197,
            22.839983,
            69.477875,
            27.590311,
            184.68489,
            105.57656,
            53.317993,
            32.24968,
            55.333378,
            7.12158,
            9.72484,
            9.482957,
            4244.06,
            233213.25,
            116.96187,
            52.304314,
            106.69887,
            68.983925,
            7886.0464,
            110.37989,
            74.5891,
            132.23436,
            7848.9146,
            100.13399,
            95.739,
            128.90434,
            71.99057,
            96.46181,
            7891.702,
            90.29034,
            71.35047,
            180.43054,
            216.20712,
            76.774284,
            1770.0537,
            67.99808,
            564.017,
            77.31029,
            121.40368,
            259.72748,
            643.07794,
            105.56905,
            86.39114,
            59.23946,
            58.26502,
            53.897438,
            7929.0146,
            39.21112,
            48.033806,
            92.28206,
            44.61323,
            1759.0059,
            43.623375,
            59.43044,
            33.31557,
            674.8398,
            34.87481,
            34.882267,
            27.91561,
            657.5546,
            29.96356,
            727.6017,
            33.13098,
            39.568977,
            1019.9616,
            111.64833,
            67.347046,
            42.700146,
            658.5444,
            187.25381,
            16.576952,
            7977.252,
            8141.975,
            48.306114,
            29.790995,
            1360.6442,
            29.374706,
            28.89329,
            52.34518,
            32.81329,
            83.21486,
            91.289894,
            642.7531,
            48.06532,
            30.984432,
            119016.52,
            7942.7246,
            51.036003,
            22839.293,
            36.496902,
            35.7981,
            44.022167,
            74.10419,
            44.619076,
            53.306858,
            79.618164,
            1710.1185,
            223.03268,
            44.023014,
            7849.991,
            221.33693,
            145.40762,
            47.776123,
            51.04924,
            2462.0564,
            32.018894,
            37.941105,
            30.810095,
            42.72758,
            25.300865,
            29.64131,
            60.947323,
            31.12089,
            181.07971,
            103.60876,
            54.856667,
            32.620003,
            58.412495,
            10.007337,
            12.944458,
            13.834203,
            4202.56,
            232813.7,
            107.901634,
            66.83927,
            104.61242,
            91.70865,
            7789.015,
            143.50914,
            90.037994,
            143.68681,
            7775.1553,
            122.71747,
            114.300156,
            144.19617,
            84.1771,
            117.30844,
            7850.6133,
            107.493996,
            87.79315,
            189.04803,
            223.62985,
            92.90367,
            1800.402,
            85.83051,
