{
    "perfs_self_play": {
        "time": 1663.577290445,
        "allocated": 2894220741626,
        "gc_time": 485.838245185
    },
    "perfs_memory_analysis": {
        "time": 4.8e-7,
        "allocated": 0,
        "gc_time": 0
    },
    "perfs_learning": {
        "time": 957.525806419,
        "allocated": 1661139646474,
        "gc_time": 230.323695271
    },
    "self_play": {
        "samples_gen_speed": 2.3414078423052476,
        "average_exploration_depth": 2.294174164349886,
        "mcts_memory_footprint": 203180032,
        "memory_size": 7000,
        "memory_num_distinct_boards": 6380
    },
    "memory": null,
    "learning": {
        "time_convert": 1.103854076,
        "time_loss": 10.11034687,
        "time_train": 45.013354766999996,
        "time_eval": 896.0456094220001,
        "initial_status": {
            "loss": {
                "L": 33.216927,
                "Lp": 0.50592077,
                "Lv": 32.444042,
                "Lreg": 0.00040341273,
                "Linv": -2.1225899e-10
            },
            "Hp": 2.3956065,
            "Hpnet": 2.9290302
        },
        "losses": [
            21.262554,
            2.6883712,
            22.222347,
            129.79483,
            2.6140354,
            10.253569,
            21.639229,
            17.511284,
            14.744652,
            4.280576,
            2.4746702,
            20.462708,
            32.946022,
            16.320215,
            4.522446,
            22.574335,
            9.805418,
            24.512278,
            2.2515101,
            137.67654,
            23.659922,
            22.054966,
            20.053091,
            2.339299,
            23.389002,
            76.23478,
            19.42101,
            8.783482,
            2.311066,
            2.9395204,
            2.004856,
            26.300573,
            3.5170977,
            19.150715,
            2.9143465,
            2.9730172,
            9.69181,
            23.493965,
            2.369011,
            2.455015,
            21.90661,
            21.3812,
            2.2804105,
            24.540134,
            1.4001355,
            895.60535,
            19.179007,
            20.377539,
            37.720963,
            2.005951,
            1.9860854,
            91.01798,
            6.2878237,
            15.849428,
            20.348959,
            2.2256541,
            2.1127877,
            2.2262356,
            2.4404912,
            5.5898104,
            2.1568737,
            14.496326,
            19.814665,
            3.759431,
            19.325312,
            3.6681654,
            12.568957,
            4.3502316,
            4.241136,
            173.63104,
            2.6509874,
            6.9450054,
            12.357246,
            34.82002,
            137.3258,
            31.307026,
            75.817604,
            141.73866,
            8.70796,
            4.450935,
            2.8659189,
            136.79848,
            2.5902534,
            2.958245,
            2.5989382,
            77.49156,
            9.391714,
            9.185101,
            3.2798162,
            2.7491322,
            2.6700525,
            139.57674,
            13.896291,
            3.6319425,
            2.3571181,
            1.6620053,
            2.5268083,
            78.20211,
            6.523417,
            18.76778,
            1.9570091,
            23.46702,
            129.57582,
            1.9938883,
            9.386671,
            21.327953,
            17.157255,
            14.070965,
            4.438008,
            2.277412,
            20.058493,
            32.82382,
            16.423939,
            4.0210934,
            22.254412,
            9.783815,
            24.30544,
            2.2276955,
            137.72583,
            23.299467,
            21.695528,
            20.079466,
            2.334907,
            22.485058,
            74.55598,
            19.072342,
            8.75528,
            2.396167,
            2.9794354,
            1.9955547,
            25.927801,
            3.49397,
            18.953373,
            2.8250587,
            3.0556548,
            9.333296,
            22.76124,
            2.140762,
            2.3946183,
            21.535818,
            20.799908,
            2.4037435,
            23.126667,
            1.5111502,
            893.6711,
            18.776253,
            20.477379,
            38.76648,
            2.104614,
            2.2091336,
            87.21604,
            6.1472254,
            15.287099,
            20.306087,
            2.5762656,
            2.0197184,
            2.4276664,
            2.7988672,
            5.6952157,
            2.4555252,
            14.486093,
            19.620762,
            4.343119,
            19.547596,
            4.324175,
            12.148326,
            5.08343,
            4.256325,
            174.48541,
            3.0926661,
            6.9681892,
            12.146304,
            34.67262,
            137.43892,
            30.49999,
            75.55012,
            141.9662,
            8.77067,
            4.302625,
            2.9191294,
            136.51569,
            2.5364242,
            2.8823278,
            2.345517,
            76.855675,
            9.340722,
            9.056736,
            3.0499518,
            2.5683155,
            2.5906715,
            139.02368,
            13.902316,
            3.2529316,
            2.0490427,
            1.63506,
            2.4911232,
            77.319595,
            6.4611907,
            18.909483,
            1.8530184,
            22.923418,
            129.87999,
            1.886693,
            9.384133,
            21.256027,
            16.965055,
            13.849259,
            4.3522363,
            2.230731,
            19.70513,
            32.722725,
            16.275583,
            3.6996038,
            21.820522,
            9.701702,
            24.18274,
            2.3528385,
            137.63258,
            22.830914,
            21.341661,
            20.036835,
            2.3689785,
            22.08314,
            74.44144,
            18.751146,
            8.802753,
            2.494564,
            2.9919024,
            2.038207,
            25.638163,
            3.4605355,
            18.821869,
            2.8444963,
            3.1278553,
            9.20141,
            22.61735,
            2.1902356,
            2.453569,
            21.373909,
            20.404943,
            2.4709673,
            22.859163,
            1.594132,
            892.1538,
            18.484179,
            20.445297,
            39.004486,
            2.153938,
            2.3105361,
            85.844315,
            6.150504,
            15.0344925,
            20.325546,
            2.6945012,
            2.0823054,
            2.494127,
            2.9257011,
            5.912442,
            2.5621371,
            14.531062,
            19.396368,
            4.5337,
            19.380594,
            4.184971,
            12.174578,
            5.0539017,
            4.280625,
            173.88548,
            2.9442472,
            7.061369,
            12.211051,
            34.58868,
            137.44649,
            30.506914,
            75.701996,
            141.50291,
            8.745129,
            4.2855415,
            3.01113,
            136.50053,
            2.6261325,
            3.0309887,
            2.3652372,
            75.95734,
            9.420179,
            9.212571,
            3.1372108,
            2.6711338,
            2.6125104,
            138.8425,
            13.7452345,
            3.2890308,
            1.9456673,
            1.620628,
            2.4625056,
            77.79715,
            6.388604
        ],
        "checkpoints": [
            {
                "batch_id": 99,