{
    "perfs_self_play": {
        "time": 1766.044044814,
        "allocated": 3403302924812,
        "gc_time": 556.288041267
    },
    "perfs_memory_analysis": {
        "time": 2.7e-7,
        "allocated": 0,
        "gc_time": 0
    },
    "perfs_learning": {
        "time": 691.74643222,
        "allocated": 1336386235183,
        "gc_time": 203.178712592
    },
    "self_play": {
        "samples_gen_speed": 1.6214313574251706,
        "average_exploration_depth": 7.62160440248707,
        "mcts_memory_footprint": 98684032,
        "memory_size": 6000,
        "memory_num_distinct_boards": 3598
    },
    "memory": null,
    "learning": {
        "time_convert": 0.487929248,
        "time_loss": 6.462611393,
        "time_train": 7.363009985,
        "time_eval": 674.6523597180001,
        "initial_status": {
            "loss": {
                "L": 69.339935,
                "Lp": 2.331212,
                "Lv": 67.828285,
                "Lreg": 0.0004815431,
                "Linv": -6.288045e-10
            },
            "Hp": 0.47722474,
            "Hpnet": 2.769622
        },
        "losses": [
            6.2421536,
            5.2749357,
            4.6203346,
            6.6121655,
            65.89444,
            23.543163,
            70.640884,
            7.159309,
            58.908653,
            15.97553,
            15.728717,
            7.232919,
            9.0332775,
            10.831208,
            10.270132,
            1882.0721,
            9.725059,
            23.061764,
            21.442793,
            11.367451,
            8.330043,
            289.34866,
            34.934967,
            227.36218,
            8.111345,
            11.663684,
            11.000965,
            84.52557,
            125.913994,
            35.73694,
            96.50569,
            7.7800527,
            13.935782,
            12.522486,
            10.281518,
            12.705417,
            25.235577,
            16.953407,
            11.139835,
            65.114426,
            64.84709,
            84.60557,
            6.694526,
            16.94054,
            40.150463,
            5.604183,
            9.851294,
            6.2820463,
            8.711641,
            22.589067,
            11.152564,
            12.547145,
            6.446416,
            12.471536,
            27.281433,
            10.852012,
            5.5539417,
            6.774665,
            5.3230777,
            6.6893554,
            68.53547,
            23.25241,
            70.97294,
            8.236086,
            58.444977,
            17.47972,
            16.506718,
            7.0916452,
            8.8642645,
            11.207384,
            9.097037,
            1912.2129,
            7.8636227,
            22.122345,
            20.769602,
            10.932271,
            8.996881,
            292.46124,
            33.653187,
            220.71085,
            9.735247,
            13.628933,
            14.694132,
            85.13722,
            125.35503,
            33.106087,
            92.4507,
            7.7020907,
            14.16502,
            12.726472,
            9.834601,
            13.120048,
            25.144,
            17.753992,
            11.850552,
            63.581367,
            63.291225,
            81.282715,
            6.0836844,
            16.47766,
            41.429714,
            5.421771,
            9.837655,
            5.7297487,
            8.524577,
            23.39609,
            11.747383,
            11.819023,
            6.0022044,
            12.116977,
            27.302122,
            10.95747,
            5.4718733,
            7.8833566,
            5.733411,
            6.468461,
            68.780846,
            22.673923,
            71.54242,
            6.8093233,
            56.5639,
            16.454025,
            15.6645775,
            7.031016,
            9.288513,
            10.586767,
            9.45335,
            1889.1775,
            9.002295,
            22.09999,
            21.291288,
            11.051491,
            8.657608,
            288.92145,
            32.446014,
            218.39159,
            9.516959,
            13.304973,
            14.23852,
            83.2788,
            124.2214,
            32.77962,
            93.47451,
            7.40698,
            13.669115,
            12.301981,
            9.572092,
            12.748292,
            24.829275,
            17.642006,
            11.633793,
            62.690693,
            62.354355,
            82.13036,
            5.9651384,
            16.498226,
            40.610416,
            5.4305196,
            9.951572,
            5.861547,
            8.892906,
            22.981436,
            11.5078535,
            12.105695,
            6.15645,
            11.820978,
            26.458029,
            10.926445
        ],
        "checkpoints": [
            {
                "batch_id": 56,
                "evaluation": {
                    "legend": "Most recent NN versus best NN so far",
                    "avgr": 0.15625,
                    "redundancy": 0,
                    "rewards": [
                        -9.368371567068152,
                        -7.053429979423527,
                        -5.336186759232078,
                        -2.33454689518112,
                        -3.1771276808794937,
                        -3.3764262016047724,
                        -6.817003596574068,
                        -6.911842554487521,
                        -6.826760971787735,
                        -7.066666243597865,
                        -3.8073347138706595,
                        -0.5529527707531088,
                        -4.779267778023495,
                        -8.951394969597459,
                        -7.078293023514561,
                        -5.883562392555177,
                        -4.809884570538998,
                        -10.894202891155146,
                        -6.97738020028919,
                        -2.6914969768413357,
                        -4.606395385068026,
                        -9.82437794690486,
                        -8.85771647724323,
                        -4.948645517055411,
                        -4.127618372107463,
                        -9.038449728861451,
                        -3.7511560542698135,
                        -2.168966098317469,
                        -7.318906745058484,
                        -6.8682798832596745,
                        -3.1702741433159645,
                        -2.4880837696109666
                    ],