{
    "perfs_self_play": {
        "time": 1557.946321525,
        "allocated": 3016007307092,
        "gc_time": 467.121818337
    },
    "perfs_memory_analysis": {
        "time": 2.91e-7,
        "allocated": 0,
        "gc_time": 0
    },
    "perfs_learning": {
        "time": 859.101118067,
        "allocated": 1490479511073,
        "gc_time": 186.534387945
    },
    "self_play": {
        "samples_gen_speed": 2.683194391298689,
        "average_exploration_depth": 2.293154863175393,
        "mcts_memory_footprint": 204493696,
        "memory_size": 7000,
        "memory_num_distinct_boards": 6425
    },
    "memory": null,
    "learning": {
        "time_convert": 1.090936323,
        "time_loss": 11.380276554,
        "time_train": 43.713756632,
        "time_eval": 798.027243139,
        "initial_status": {
            "loss": {
                "L": 63.84491,
                "Lp": 0.50850254,
                "Lv": 62.899376,
                "Lreg": 0.00051631936,
                "Linv": 5.4420113e-10
            },
            "Hp": 2.4070585,
            "Hpnet": 2.9090593
        },
        "losses": [
            6.7640176,
            4.8004303,
            3.786428,
            5.1194706,
            2.338187,
            52.661564,
            31.54036,
            2.440929,
            2.6533527,
            1.8419656,
            29.672672,
            34.262123,
            53.056824,
            96.83036,
            1.4536343,
            2.5428958,
            4.2266135,
            147.87938,
            11.368748,
            3.1775877,
            1.6263502,
            4.351297,
            4.226496,
            144.37442,
            9.944538,
            138.4554,
            1.8764591,
            2.3708177,
            2.073055,
            2.7123168,
            2.2979097,
            15.9640255,
            2.7698073,
            2.1102664,
            120.915276,
            170.86931,
            148.79095,
            10.823151,
            4.8354435,
            12.145904,
            3.4749541,
            289.25937,
            40.576214,
            4.647641,
            13.262774,
            136.76172,
            4.550727,
            7.3920794,
            50.334892,
            3.7062676,
            7.9340615,
            6.5290093,
            4.259201,
            7.6033797,
            578.35876,
            3.2370872,
            3.3245368,
            4.264641,
            3.1149228,
            4.9020886,
            4.845385,
            435.70102,
            4.4963675,
            292.6028,
            56.894646,
            64.351166,
            2.297275,
            75.69804,
            32.372974,
            52.047916,
            150.00482,
            6.125965,
            4.4659624,
            178.03549,
            4.2072062,
            341.76807,
            10.369211,
            316.38434,
            130.76932,
            67.73725,
            10.948224,
            11.012202,
            68.12331,
            17.464613,
            66.197624,
            8.099607,
            7.697154,
            7.3371067,
            89.73362,
            151.96431,
            29.183563,
            294.54404,
            432.44904,
            4.480096,
            4.2905254,
            11.525157,
            3.7755506,
            12.555775,
            11.6836605,
            367.37234,
            4.516611,
            3.8272283,
            2.6216853,
            3.0969937,
            2.0875936,
            52.10151,
            31.188326,
            2.0944452,
            2.4868305,
            1.5544229,
            29.38359,
            34.184628,
            52.23225,
            95.18345,
            1.193397,
            2.429734,
            3.6496549,
            145.25243,
            10.922501,
            3.517103,
            1.6541632,
            4.4332275,
            3.9202275,
            141.24097,
            10.40818,
            135.88046,
            2.301581,
            2.9676385,
            2.6447697,
            3.2558384,
            2.5936637,
            15.738877,
            3.1075897,
            2.3877883,
            119.54882,
            171.15514,
            148.20549,
            10.292835,
            4.831571,
            12.01294,
            3.3629947,
            289.01123,
            39.80519,
            4.268919,
            13.01464,
            136.83902,
            4.041053,
            6.4480505,
            49.921104,
            3.305458,
            7.373906,
            6.063686,
            4.1681013,
            7.6464243,
            576.88153,
            3.143759,
            3.205263,
            4.093907,
            3.0350263,
            5.0676937,
            4.429735,
            433.57898,
            4.695966,
            293.2729,
            56.06621,
            65.3207,
            2.4034336,
            74.28643,
            32.34167,
            51.185345,
            149.0514,
            5.972172,
            4.7778764,
            175.86879,
            4.320275,
            341.26163,
            10.45224,
            314.74356,
            130.39436,
            66.621956,
            11.078374,
            10.925962,
            68.34843,
            17.241417,
            65.86154,
            8.225319,
            6.846206,
            7.4038396,
            89.09065,
            152.0604,
            28.653692,
            294.5364,
            432.83267,
            4.437933,
            4.453485,
            11.670448,
            3.829168,
            12.353662,
            11.768495,
            365.28607,
            4.859432,
            3.8646402,
            2.8937488,
            3.132405,
            2.1239483,
            51.59832,
            30.6996,
            2.278729,
            2.6223333,
            1.6168182,
            28.954319,
            33.68212,
            51.675686,
            94.39056,
            1.2539058,
            2.4749885,
            3.6788678,
            144.39456,
            10.683787,
            3.535017,
            1.79381,
            4.4667783,
            3.9738915,
            140.30257,
            10.702095,
            134.37994,
            2.529515,
            3.066058,
            2.8428116,
            3.4434495,
            2.5944612,
            15.506075,
            3.2870684,
            2.5145588,
            117.22767,
            171.19388,
            147.42378,
            10.189616,
            4.9394865,
            12.111304,
            3.6698632,
            288.2145,
            38.856674,
            4.453898,
            13.015404,
            135.63701,
            4.1977987,
            6.486724,
            49.38925,
            3.4622133,
            7.990149,
            6.4044347,
            4.4408875,
            7.8935266,
            575.1779,
            3.2045872,
            3.3790116,
            4.1368585,
            3.255986,
            5.1886673,
            4.5000844,
            430.86728,
            4.5884724,
            292.6458,
            55.748,
            65.46213,
            2.5761101,
            73.18042,
            31.99072,
            49.87194,
            147.98773,
            5.882869,
            5.0331697,
            173.73007,
            4.4992447,
            339.9888,
            10.214916,
            313.122,
            129.90749,
            64.853455,
            10.817627,
            10.106753,
            67.980934,
            16.634796,
            64.27695,
            8.429392,
            5.9829626,
            7.866325,
            89.21597,
            152.37883,
            27.963276,
            295.8094,
            434.4874,
            4.7533994,
            5.0119424,
            11.9141,
            4.0443263,
            12.614331,
            12.045929,
            363.7719
        ],