{
    "perfs_self_play": {
        "time": 1908.441218737,
        "allocated": 3441231428944,
        "gc_time": 736.414304893
    },
    "perfs_memory_analysis": {
        "time": 4.14e-7,
        "allocated": 0,
        "gc_time": 0
    },
    "perfs_learning": {
        "time": 808.539395085,
        "allocated": 1290082845116,
        "gc_time": 228.267335936
    },
    "self_play": {
        "samples_gen_speed": 2.041864699273902,
        "average_exploration_depth": 2.7295863456103757,
        "mcts_memory_footprint": 374682848,
        "memory_size": 3892,
        "memory_num_distinct_boards": 3514
    },
    "memory": null,
    "learning": {
        "time_convert": 0.641788694,
        "time_loss": 7.051992525999999,
        "time_train": 45.982797229,
        "time_eval": 751.32303398,
        "initial_status": {
            "loss": {
                "L": 248.98796,
                "Lp": 0.7018485,
                "Lv": 244.86871,
                "Lreg": 0.00032584576,
                "Linv": -1.6298632e-9
            },
            "Hp": 2.3793347,
            "Hpnet": 3.1237955
        },
        "losses": [
            25.138783,
            392.68118,
            12.463435,
            22.532131,
            22.477633,
            4.6072316,
            17.360893,
            18.191948,
            713.0716,
            297.52646,
            18.252186,
            8.486318,
            8.068035,
            5.204495,
            29.663975,
            3.9779296,
            3.0707886,
            4.9587526,
            153.68645,
            8.744536,
            6.11761,
            4.7712374,
            5.370463,
            4.6692863,
            171.08954,
            5.3906603,
            230.6833,
            2.6964252,
            373.77908,
            59.28432,
            1058.8336,
            21.79989,
            375.43478,
            800.7404,
            12.433894,
            697.2907,
            63.707054,
            22.831219,
            22.600216,
            574.63794,
            21.234056,
            18.175213,
            211.72446,
            1351.0812,
            25.455065,
            11.73031,
            13.200963,
            775.57166,
            4669.7026,
            15.434453,
            299.85672,
            358.89807,
            16.43377,
            29.798653,
            598.85065,
            17.98958,
            15.681756,
            63.303528,
            20.720049,
            170.01877,
            284.045,
            13.543541,
            11.437403,
            13.557393,
            10.99087,
            593.0553,
            20.58293,
            5.2928314,
            218.17816,
            8.40825,
            3.821051,
            345.24716,
            6.280948,
            78.12656,
            7.573536,
            139.18376,
            76.90726,
            55.589733,
            3.832148,
            301.72195,
            869.209,
            57.87241,
            8.637763,
            559.7335,
            59.958447,
            765.0339,
            437.0915,
            13.8393,
            11.876535,
            208.34604,
            19.853518,
            14.294261,
            294.01993,
            18.263224,
            129.22055,
            582.18945,
            24.523476,
            804.90283,
            13.640937,
            19.513437,
            816.59,
            132.45462,
            232.09857,
            19.997276,
            13.0045185,
            218.71378,
            12.954074,
            21.055412,
            1133.0614,
            24.225538,
            375.81793,
            16.57506,
            24.59387,
            21.741304,
            8.017103,
            18.549885,
            19.218536,
            693.05524,
            290.23898,
            19.365677,
            10.98985,
            9.235736,
            6.866103,
            27.46242,
            4.375411,
            2.8043218,
            4.866098,
            152.68808,
            7.6308465,
            5.814122,
            3.9063983,
            4.5862255,
            3.7947135,
            167.1975,
            4.6435704,
            230.51447,
            2.5698345,
            375.5531,
            54.054752,
            1045.9513,
            21.780476,
            377.05493,
            791.4675,
            9.259399,
            688.19885,
            60.33038,
            17.382015,
            17.970825,
            575.20917,
            18.22726,
            15.638686,
            213.03604,
            1339.4507,
            25.989243,
            12.290106,
            14.975252,
            766.61786,
            4659.012,
            17.188587,
            297.5479,
            358.05463,
            17.068665,
            30.104704,
            588.42285,
            19.383982,
            16.588068,
            63.566372,
            22.067495,
            171.80113,
            283.7966,
            14.305357,
            10.967244,
            14.5844145,
            10.699826,
            589.493,
            17.510178,
            5.4770007,
            218.49333,
            8.275571,
            3.750219,
            345.0845,
            6.88421,
            78.74719,
            7.661107,
            140.12915,
            77.69459,
            54.144947,
            4.419156,
            295.81348,
            859.0646,
            55.019814,
            9.6847725,
            548.8174,
            59.900063,
            754.6818,
            432.8686,
            15.9043865,
            14.183017,
            206.6262,
            20.613056,
            15.822551,
            293.10748,
            20.834377,
            130.02704,
            574.2543,
            26.974028,
            790.32184,
            15.4272375,
            23.053457,
            806.56024,
            131.3973,
            228.19916,
            20.851494,
            13.903912,
            216.48474,
            13.412629,
            23.087105,
            1112.4159,
            24.373613,
            377.13098,
            18.174389,
            25.332964,
            22.049171,
            9.166551,
            19.748482,
            20.105167,
            687.8056,
            288.8413,
            19.800074,
            10.915072,
            10.048809,
            8.032747,
            26.694988,
            5.112421,
            3.1464803,
            5.418403,
            151.54497,
            7.5326443,
            6.0034714,
            3.8946357,
            4.492635,
            3.7900622,
            164.59297,
            4.6095037,
            230.32074,
            2.5978286,
            375.34543,
            53.063522,
            1044.3151,
            21.783892,
            377.20026,
            793.7208,
            8.091467,
            688.7569,
            60.25928,
            14.684908,
            16.26398,
            574.0339,
            15.283182,
            12.614635,
            210.30467,
            1330.3248,
            26.052374,
            11.7205305,
            15.401335,
            761.3698,
            4653.8135,
            18.275059,
            294.22623,
            356.03616,
            17.700495,
            31.113148,
            582.4582,
            21.355156,
            18.427828,
            65.23217,
            25.550953,
            171.64801,
            281.85464,
            17.765703,
            12.853041,
            16.588923,
            10.8557625,
            579.0934,
            16.336346,
            7.771145,
            219.5497,
            9.718535,
            5.2459054,
            340.96973,
            8.8910055,
            78.722,
            7.642565,
            139.49321,
            78.32388,
            54.204372,
            4.447383,
            293.26654,
            857.29736,
            55.91962,
            9.028742,
            552.25256,
