{
    "perfs_self_play": {
        "time": 984.275399956,
        "allocated": 1906347341758,
        "gc_time": 363.653783215
    },
    "perfs_memory_analysis": {
        "time": 4.41e-7,
        "allocated": 0,
        "gc_time": 0
    },
    "perfs_learning": {
        "time": 509.275315338,
        "allocated": 874480393846,
        "gc_time": 135.789157116
    },
    "self_play": {
        "samples_gen_speed": 2.18981470045516,
        "average_exploration_depth": 2.098424453462278,
        "mcts_memory_footprint": 130779232,
        "memory_size": 6000,
        "memory_num_distinct_boards": 5276
    },
    "memory": null,
    "learning": {
        "time_convert": 1.005225014,
        "time_loss": 11.596579368,
        "time_train": 12.096773277,
        "time_eval": 480.491004575,
        "initial_status": {
            "loss": {
                "L": 166.22404,
                "Lp": 0.59338003,
                "Lv": 162.63596,
                "Lreg": 0.00037512518,
                "Linv": 2.0762018e-10
            },
            "Hp": 2.6185887,
            "Hpnet": 3.220549
        },
        "losses": [
            5.8547792,
            104.34136,
            4.8552556,
            6.278502,
            5.874791,
            5.1764646,
            11.617259,
            10.441193,
            42.889656,
            12.150885,
            10.3787775,
            6.390041,
            8.04288,
            6.3655834,
            26.961271,
            7.568877,
            27.578678,
            27.154894,
            4.521381,
            471.6069,
            68.61316,
            3.673909,
            8275.288,
            8.444199,
            64.82143,
            7.966575,
            9.498275,
            225.58232,
            13.989398,
            80.13357,
            19.84837,
            23.79395,
            16.786427,
            26.933096,
            24.211813,
            91.69606,
            8.263937,
            11.100454,
            68.57193,
            107.7093,
            8.775049,
            6.906718,
            6.1410527,
            6.4627986,
            8.852954,
            6.632581,
            12.5596075,
            4.4779263,
            7.2702956,
            5.298539,
            2.8396904,
            10.126342,
            4.545253,
            3.3205535,
            12.531574,
            57.18664,
            11.262865,
            10.058059,
            7.6939726,
            5.090367,
            7.2986383,
            4.0355306,
            3.439693,
            8.481806,
            8.02076,
            3.717391,
            4.9959946,
            5.36429,
            9.050103,
            17.778843,
            24.733833,
            59.925888,
            27.059301,
            563.3506,
            6.144772,
            8.527782,
            29.529587,
            60.586464,
            14.832549,
            12.826905,
            12.665498,
            2461.8218,
            9.149891,
            94.6629,
            5.6724567,
            6.8230467,
            5.46135,
            4.7316017,
            11.885538,
            10.399517,
            43.613728,
            11.30074,
            9.365689,
            5.5555153,
            8.03979,
            6.785001,
            26.890814,
            8.597557,
            26.377499,
            26.951857,
            5.027208,
            469.06253,
            67.72933,
            4.150678,
            8257.133,
            8.918616,
            65.86069,
            8.348907,
            9.950468,
            226.08226,
            13.683749,
            82.22931,
            19.785028,
            23.529957,
            17.45585,
            27.19826,
            24.761852,
            92.5301,
            9.32211,
            12.71014,
            70.619026,
            107.4371,
            10.158908,
            7.9231095,
            8.400771,
            9.206311,
            9.631694,
            8.214999,
            10.583303,
            4.7378144,
            5.6659403,
            5.2467685,
            2.5987606,
            8.650149,
            5.1453633,
            2.9046707,
            12.665518,
            60.806076,
            11.164515,
            8.650475,
            6.507862,
            2.7321165,
            7.2995586,
            3.4851725,
            3.1097183,
            8.0637245,
            7.2914968,
            3.5211244,
            4.710342,
            4.601111,
            8.162195,
            17.037502,
            23.1641,
            59.80519,
            27.886677,
            558.60516,
            5.246626,
            8.883202,
            29.216946,
            59.229595,
            12.376667,
            9.711002,
            8.552396,
            2468.5498,
            6.4571753,
            94.83578,
            4.8138795,
            7.098374,
            6.0618305,
            4.865624,
            10.665523,
            9.624614,
            41.93206,
            11.488353,
            10.052036,
            5.560589,
            8.098312,
            6.68999,
            24.882439,
            8.618961,
            25.398235,
            26.551321,
            4.722389,
            473.8331,
            69.55946,
            4.299513,
            8248.2705,
            9.0427885,
            63.90206,
            7.3046546,
            9.060166,
            227.4027,
            12.486591,
            81.32613,
            18.580614,
            21.634388,
            15.942123,
            25.697906,
            23.371925,
            91.82834,
            8.270872,
            11.363473,
            69.38173,
            104.93554,
            10.874518,
            8.614,
            8.781381,
            9.423962,
            10.045114,
            8.483967,
            11.350241,
            4.960785,
            6.8719296,
            6.2318206,
            3.0759635,
            9.772427,
            5.0279,
            3.4669137,
            13.334485,
            61.898247,
            11.752886,
            8.439652,
            6.62736,
            3.360692,
            7.265889,
            3.9470632,
            3.8098757,
            8.866892,
            8.099942,
            4.002347,
            4.521048,
            4.682692,
            8.222284,
            16.321072,
            23.778328,
            60.070087,
            28.447609,
            564.1569,
            5.427016,
            8.461313,
            29.823658,
            58.60608,
            12.988152,
            10.332551,
            10.007161,
            2470.2083
        ],
        "checkpoints": [
            {
                "batch_id": 82,
                "evaluation": {
                    "legend": "Most recent NN versus best NN so far",
                    "avgr": 0.125,
                    "redundancy": 0,