{
    "perfs_self_play": {
        "time": 21.368950392,
        "allocated": 5377252408,
        "gc_time": 0.76999928
    },
    "perfs_memory_analysis": {
        "time": 3.32e-7,
        "allocated": 0,
        "gc_time": 0
    },
    "perfs_learning": {
        "time": 39.381383295,
        "allocated": 21319227536,
        "gc_time": 2.65794289
    },
    "self_play": {
        "samples_gen_speed": 19.758251798728782,
        "average_exploration_depth": 0.875,
        "mcts_memory_footprint": 1636320,
        "memory_size": 3780,
        "memory_num_distinct_boards": 3780
    },
    "memory": null,
    "learning": {
        "time_convert": 0.983459224,
        "time_loss": 14.876337681999999,
        "time_train": 1.7166661319999998,
        "time_eval": 14.330168730999999,
        "initial_status": {
            "loss": {
                "L": 166050650000000000,
                "Lp": 0.93359035,
                "Lv": 166050650000000000,
                "Lreg": 0.00037811804,
                "Linv": -19.571306
            },
            "Hp": 1.6459731,
            "Hpnet": 2.5795655
        },
        "losses": [
            26547347000000000,
            220916040000000000,
            220067840000000000,
            220916040000000000,
            203357250000000000,
            220915920000000000,
            220067840000000000,
            220915560000000000,
            59220070000000000,
            220911330000000000,
            6636842000000000,
            220067900000000000,
            26547347000000000,
            220067900000000000,
            6636842000000000,
            215506750000000000,
            6636842000000000,
            163314200000000000,
            6636842000000000,
            220067900000000000,
            104805740000000000,
            220915610000000000,
            220876390000000000,
            26547347000000000,
            104805740000000000,
            6636842000000000,
            215506750000000000,
            215506750000000000,
            163314200000000000,
            220915610000000000,
            220911400000000000,
            26547347000000000,
            26547347000000000,
            104805740000000000,
            220067840000000000,
            220067840000000000,
            220067840000000000,
            163314200000000000,
            59220070000000000,
            163314200000000000,
            220067840000000000,
            220067840000000000,
            220718150000000000,
            220876320000000000,
            220911330000000000,
            220876320000000000,
            59220070000000000,
            220915560000000000,
            220718150000000000,
            215506680000000000,
            6636842000000000,
            163314200000000000,
            215506750000000000,
            26547347000000000,
            203357250000000000,
            6636842000000000,
            163314200000000000,
            104805740000000000,
            220916100000000000,
            220911400000000000,
            6636842000000000,
            59220070000000000,
            220915970000000000,
            220915610000000000,
            220915970000000000,
            26547347000000000,
            163314200000000000,
            220916040000000000,
            220911330000000000,
            59220070000000000,
            59220070000000000,
            220915560000000000,
            104805740000000000,
            26547347000000000,
            220916040000000000,
            220916040000000000,
            220067840000000000,
            59220070000000000,
            215506680000000000,
            220911330000000000,
            163314200000000000,
            220915560000000000,
            220911400000000000,
            203357250000000000,
            59220070000000000,
            220916100000000000,
            26547347000000000,
            104805740000000000,
            26547347000000000,
            220915970000000000,
            215506750000000000,
            220915970000000000,
            59220070000000000,
            6636842000000000,
            220876390000000000,
            26547347000000000,
            220915610000000000,
            26547347000000000,
            220915920000000000,
            203357250000000000,
            26547347000000000,
            220915560000000000,
            6636842000000000,
            104805740000000000,
            104805740000000000,
            26547347000000000,
            220876320000000000,
            6636842000000000,
            163314200000000000,
            104805740000000000,
            203357250000000000,
            220067840000000000,
            220915970000000000,
            215506750000000000,
            220916100000000000,
            163314200000000000,
            220067900000000000,
            6636842000000000,
            6636842000000000,
            220718200000000000,
            220718200000000000,
            220915970000000000,
            220718200000000000,
            220911400000000000,
            104805740000000000,
            220916040000000000,
            203357250000000000,
            220915560000000000,
            220876320000000000,
            6636842000000000,
            203357250000000000,
            163314200000000000,
            6636842000000000,
            220915920000000000,
            220915920000000000,
            6636842000000000,
            220876320000000000,
            220911330000000000,
            163314200000000000,
            220915970000000000,
            104805740000000000,
            203357250000000000,
            59220070000000000,
            220067900000000000,
            220911400000000000,
            220876390000000000,
            6636842000000000,
            203357250000000000,
            163314200000000000,
            59220070000000000,
            220915610000000000,
            26547347000000000,
            220915560000000000,
            104805740000000000,
            6636842000000000,
            220876320000000000,
            220718150000000000,
            104805740000000000,
            6636842000000000,
            26547347000000000,
            59220070000000000,
            220916040000000000,
            220915920000000000,
            220915560000000000,
            163314200000000000,
            104805740000000000,
            220067900000000000,
            220876390000000000,
            163314200000000000,
            220718200000000000,
            220911400000000000,
            220916100000000000,
            220911400000000000,
            104805740000000000,
            203357250000000000,
            104805740000000000,
            59220070000000000,
            220915920000000000,
            220915560000000000,
            59220070000000000,
            220911330000000000,
            220911330000000000,
            220876320000000000,
            215506680000000000,
            220915920000000000,
            215506680000000000,
            6636842000000000,
            59220070000000000,
            6636842000000000,
            220876320000000000,
            220876320000000000,
            26547347000000000,
            220916040000000000,
            203357250000000000,
            26547347000000000,
            163314200000000000,
            220876320000000000,
            220067840000000000,
            26547347000000000,
            220067840000000000,
            220915560000000000,
            26547347000000000,
            203357250000000000,
            104805740000000000,
            220915560000000000,
            220915920000000000,
            59220070000000000,
            220911330000000000,
            59220070000000000,
            220911330000000000,
            59220070000000000,
            59220070000000000,
            203357250000000000,
            59220070000000000,
            104805740000000000,
            220067900000000000,
