{
    "perfs_self_play": {
        "time": 1429.588799279,
        "allocated": 2703686463945,
        "gc_time": 441.887595178
    },
    "perfs_memory_analysis": {
        "time": 3.42e-7,
        "allocated": 0,
        "gc_time": 0
    },
    "perfs_learning": {
        "time": 670.749521285,
        "allocated": 1109371097787,
        "gc_time": 133.574742926
    },
    "self_play": {
        "samples_gen_speed": 2.693605216679548,
        "average_exploration_depth": 2.0967116181149827,
        "mcts_memory_footprint": 201498144,
        "memory_size": 7000,
        "memory_num_distinct_boards": 6581
    },
    "memory": null,
    "learning": {
        "time_convert": 0.910700078,
        "time_loss": 12.452606787,
        "time_train": 12.130778136,
        "time_eval": 641.386342226,
        "initial_status": {
            "loss": {
                "L": 59963355000000,
                "Lp": 0.32455742,
                "Lv": 60304117000000,
                "Lreg": 0.11019705,
                "Linv": -4.311744e-10
            },
            "Hp": 2.7393298,
            "Hpnet": 3.0419662
        },
        "losses": [
            609195300000,
            307667600000000,
            742601400000,
            873243700000,
            6742519000000,
            678354600000,
            2161900800000,
            494475640000,
            1843005500000,
            9396252000000,
            8278902000000,
            89560890000000,
            10462792000000,
            342936450000,
            504829300000,
            219460040000,
            226566520000,
            308058270000000,
            1074525960000,
            1019823100000,
            434896500000,
            17030950000000,
            594227760000,
            8715344300000,
            1421912800000,
            556705640000,
            1065205900000,
            8474906300000,
            239827710000,
            9203767000000,
            308109650000000,
            153010400000000,
            10121255000000,
            719102400000,
            2214540600000,
            423654160000,
            703337900000,
            837460900000,
            273433310000,
            667179000000,
            740590140000000,
            6778213400000,
            580592530000,
            4509540500000,
            10871851000000,
            4126847300000,
            14073991000000,
            781286200000,
            1721816200000,
            976090600000,
            714412850000,
            954135600000,
            9891446000000,
            1044664500000,
            816969350000000,
            1970565800000,
            501980700000,
            1803983700000,
            567124000000,
            9079504000000,
            594591800000,
            550235000000,
            903129700000000,
            493017530000,
            1452036300000,
            4772184700000,
            716398000000,
            741759840000000,
            58942193000000,
            1188159400000,
            442705440000,
            1952073000000,
            835218440000,
            19606590000000,
            84180560000000,
            1059113200000000,
            1108102300000,
            3035284600000,
            429450260000,
            12501143000000,
            1300805300000,
            6113762000000,
            13400685000000,
            1186568700000,
            1925434200000,
            2347541700000,
            17796350000000,
            1315330300000,
            611011400000,
            692044560000,
            2772852300000,
            751982100000,
            2321842200000,
            9430080000000,
            286847370000,
            10166611000000,
            1076397400000,
            770520650000,
            10288061000000,
            313210900000000,
            574611600000,
            867435940000,
            609222400000,
            307660450000000,
            742582000000,
            873255500000,
            6742529000000,
            678360450000,
            2161935000000,
            494618200000,
            1843034300000,
            9396348000000,
            8279242000000,
            89559440000000,
            10462585000000,
            342915320000,
            504793040000,
            219478540000,
            226654360000,
            308055220000000,
            1074612700000,
            1019560800000,
            434891500000,
            17031128000000,
            594163340000,
            8715440000000,
            1421825100000,
            556743100000,
            1065223400000,
            8474842000000,
            239794860000,
            9203974000000,
            308109780000000,
            153009250000000,
            10121439000000,
            719083540000,
            2214261200000,
            423696330000,
            703322300000,
            837401700000,
            273365600000,
            667147600000,
            740582350000000,
            6778098000000,
            580520700000,
            4509985700000,
            10872376000000,
            4126873000000,
            14073787000000,
            781291160000,
            1722318300000,
            976166600000,
            714314550000,
            954165560000,
            9891190000000,
            1044677300000,
            816961200000000,
            1970722200000,
            502074900000,
            1804087900000,
            567131300000,
            9079871000000,
            594676200000,
            550223100000,
            903125250000000,
            493030300000,
            1451944700000,
            4772218300000,
            716263300000,
            741749040000000,
            58940994000000,
            1188218400000,
            442745500000,
            1952147400000,
            835337300000,
            19606607000000,
            84180240000000,
            1059107100000000,
            1108101000000,
            3035557800000,
            429457280000,
            12501393000000,
            1300687500000,
            6113939400000,
            13400931000000,
            1186614700000,
            1925500800000,
            2347633000000,
            17796975000000,
            1315267000000,
            611060500000,
            692157000000,
            2772926500000,
            752120200000,
            2322056300000,
            9429970000000,
            286847570000,
            10166762000000,
            1076242350000,
            770645100000,
            10288455000000,
            313207440000000,
            574649470000,
            867534700000,
            609300640000,
            307661120000000,
            742589660000,
            873264450000,
            6742464000000,
            678220400000,
            2161485000000,
            494520800000,
            1842980300000,
            9396230000000,
            8279059000000,
            89556990000000,
            10462421000000,
            342828420000,
            504792220000,
            219436060000,
            226578100000,
            308055300000000,
            1074614400000,
            1019438400000,
            434915020000,
            17031407000000,
            594148000000,
            8715627000000,
            1421753700000,
            556700470000,
            1065235500000,
            8474571300000,
            239777040000,
            9203949000000,
            308109180000000,
            153007980000000,
            10121284000000,
            719105560000,
            2214232000000,
            423700960000,
            703273570000,
            837384000000,
            273345180000,
            667110200000,
            740577600000000,
            6778003700000,
            580474770000,
            4509988000000,
            10872278000000,
            4126833600000,
            14073897000000,
            781364200000,
            1722227800000,
            976150200000,
