{
    "perfs_self_play": {
        "time": 1344.567322649,
        "allocated": 2602093250582,
        "gc_time": 450.675090736
    },
    "perfs_memory_analysis": {
        "time": 3.51e-7,
        "allocated": 0,
        "gc_time": 0
    },
    "perfs_learning": {
        "time": 589.662019143,
        "allocated": 1006840098502,
        "gc_time": 129.844661444
    },
    "self_play": {
        "samples_gen_speed": 2.634771944048919,
        "average_exploration_depth": 2.1694629583189715,
        "mcts_memory_footprint": 183873152,
        "memory_size": 7000,
        "memory_num_distinct_boards": 6492
    },
    "memory": null,
    "learning": {
        "time_convert": 0.916564587,
        "time_loss": 13.150529606000001,
        "time_train": 13.866039383,
        "time_eval": 556.16033507,
        "initial_status": {
            "loss": {
                "L": 208.84605,
                "Lp": 0.313273,
                "Lv": 207.639,
                "Lreg": 0.00029632187,
                "Linv": 1.389076e-10
            },
            "Hp": 2.6364613,
            "Hpnet": 2.9732177
        },
        "losses": [
            68.10149,
            4.1661596,
            8.07881,
            24.641844,
            2174.2883,
            3.117819,
            16.328442,
            14.337113,
            4.153317,
            10.938669,
            108.431984,
            61.92577,
            5.763053,
            11.881555,
            14.9405575,
            183.79823,
            26.78843,
            60.296535,
            2504.0435,
            19.41255,
            30.274565,
            6.2450695,
            74.626076,
            6.846562,
            52.577957,
            7.4655414,
            2506.83,
            19.792204,
            54.05003,
            23.272776,
            33.87816,
            2491.2664,
            9.213325,
            7.7498026,
            6.94772,
            8.993828,
            6.1715827,
            62.14222,
            56.686893,
            7.876644,
            2508.755,
            220.91585,
            10.498767,
            6.3125668,
            7.330098,
            8.85738,
            8.407935,
            11.546083,
            10.459942,
            3.7275112,
            243.02658,
            4.261094,
            8.715278,
            3.7227387,
            70.05812,
            12.843401,
            14.750236,
            469.45547,
            2.6612468,
            2.151936,
            2.427685,
            1.7944517,
            204.59538,
            1.8341055,
            2.4114056,
            21.800024,
            18.573265,
            6.127198,
            5.7238326,
            19.567623,
            2497.257,
            3.423125,
            487.52988,
            9.745105,
            403.9701,
            3.5260215,
            6.235333,
            5.0609107,
            13.83204,
            19.344795,
            43.30099,
            1956.752,
            57.86225,
            13.426694,
            114.04505,
            14.254946,
            23.55898,
            188.77322,
            13.116063,
            20.083622,
            14.360738,
            51.555252,
            18.237648,
            5.8178315,
            19.78008,
            7.4668164,
            3.2277606,
            188.96559,
            7.6792746,
            59.613815,
            37.364952,
            68.40091,
            2.5650864,
            8.34571,
            25.270573,
            2149.003,
            5.7572446,
            17.590948,
            15.1406555,
            7.247998,
            12.597408,
            104.97385,
            58.001377,
            8.100699,
            12.8383465,
            15.629128,
            179.57394,
            25.77784,
            62.149387,
            2486.57,
            21.324423,
            31.33985,
            7.232649,
            72.20344,
            8.370172,
            54.892925,
            10.358927,
            2496.1497,
            19.832626,
            53.78431,
            23.25065,
            32.864952,
            2471.722,
            11.433423,
            8.783562,
            8.969538,
            10.718177,
            7.5234094,
            63.240486,
            55.62182,
            9.806668,
            2495.1597,
            217.29974,
            13.694198,
            6.867382,
            8.629415,
            10.937433,
            9.40427,
            12.644677,
            12.795354,
            4.580627,
            236.54875,
            5.1926923,
            9.882857,
            4.7161355,
            68.47901,
            14.331469,
            17.107273,
            456.18805,
            3.829893,
            3.9013686,
            4.704817,
            3.4812033,
            197.77191,
            3.430307,
            4.0867915,
            25.333338,
            16.951756,
            7.542101,
            5.205199,
            20.538984,
            2479.6855,
            3.8303947,
            480.6303,
            10.696851,
            403.38397,
            3.8513508,
            6.1537747,
            3.9360418,
            14.542714,
            18.68581,
            45.027863,
            1955.3297,
            59.254597,
            12.88019,
            113.59385,
            13.7118225,
            21.472475,
            184.75153,
            10.979495,
            20.706944,
            19.332247,
            50.64092,
            16.810057,
            6.587059,
            21.083294,
            9.040685,
            5.617047,
            184.38066,
            11.138353,
            59.88637,
            34.607307,
            67.16776,
            6.2235823,
            7.376652,
            25.041883,
            2155.103,
            5.6250887,
            18.687588,
            15.89058,
            6.560652,
            12.586468,
            106.23879,
            62.41697,
            6.3774633,
            13.187988,
            13.202919,
            175.02744,
            24.216232,
            64.6859,
            2487.381,
            22.529524,
            32.370235,
            7.160685,
            69.14778,
            8.28259,
            56.33647,
            11.84148,
            2484.226,
            19.517096,
            53.11733,
            24.111935,
            32.424866,
            2463.4138,
            15.720518,
            9.907036,
            12.755162,
            14.65824,
            8.766465,
            64.38631,
            54.805367,
            13.7092905,
            2469.908,
            214.28595,
            21.832457,
            9.336313,
            12.714225,
            16.070799,
            12.962752,
            16.60558,
            17.375023,
            5.685651,
            230.48907,
            7.525535,
            11.351707,
            6.888716,
            68.843124,
            17.049873,
            18.794003,
            440.13776,
            4.429863,
            4.147762,
            3.8167565,
            2.681311,
            197.35693,
            2.6371987,
            3.5742486,
            23.797043,
            17.74329,
            7.4202623,
            5.500221,
            20.942722,
            2470.127,
            3.7958622,
            478.4487,
            10.886629,
            407.85504,
            2.9368942,
            5.3204627,
            2.8950858,
            14.215109,
            17.0385,
            42.99443,
            1950.4337,
            59.79438,
            12.93381,
            112.91912,
            13.5788555,
            21.289495,
            184.46213,
            10.771034,
            21.189337,
            19.492056,
            51.150097,
            17.994574,
            7.2212343,
            21.703726,
            10.397003,
            7.1731052,
            182.63666,
            12.217551,
            58.82637,
            34.1485
        ],